120.994855 , 0.0201
120.987226 , -0.000812
120.979596 , -0.021722
120.971966 , -0.042634
120.964337 , -0.063545
120.956707 , -0.084455
120.949077 , -0.109411
120.941448 , -0.134367
120.933818 , -0.160485
120.926188 , -0.183945
120.918559 , -0.198485
120.910929 , -0.207706
120.903299 , -0.206234
120.89567 , -0.195898
120.88804 , -0.17917
120.88041 , -0.150032
120.872781 , -0.108926
120.865151 , -0.055411
120.857521 , -0.000123
120.849892 , 0.064031
120.842262 , 0.138876
120.834632 , 0.21904
120.827003 , 0.310396
120.819373 , 0.404411
120.811743 , 0.498426
120.804114 , 0.589782
120.796484 , 0.673935
120.788854 , 0.752769
120.781225 , 0.821133
120.773595 , 0.880632
120.765965 , 0.929324
120.758336 , 0.969152
120.750706 , 1.000337
120.743076 , 1.022657
120.735447 , 1.044977
120.727817 , 1.061979
120.720187 , 1.073441
120.712558 , 1.079583
120.704928 , 1.069105
120.697298 , 1.053308
120.689669 , 1.031971
120.682039 , 1.005316
120.674409 , 0.975336
120.66678 , 0.936492
120.65915 , 0.894323
120.65152 , 0.846837
120.643891 , 0.788747
120.636261 , 0.725338
120.628631 , 0.656943
120.621002 , 0.58323
120.613372 , 0.508132
120.605742 , 0.433033
120.598113 , 0.356439
120.590483 , 0.282504
120.582853 , 0.214386
120.575224 , 0.151587
120.567594 , 0.09926
120.559964 , 0.055796
120.552335 , 0.019424
120.544705 , -0.008083
120.537075 , -0.026947
120.529446 , -0.036948
120.521816 , -0.04201
120.514186 , -0.041754
120.506557 , -0.034794
120.498927 , -0.025175
120.491297 , -0.022869
120.483668 , -0.020563
120.476038 , -0.016927
120.468408 , -0.01595
120.460779 , -0.015694
120.453149 , -0.020756
120.445519 , -0.036068
120.43789 , -0.060245
120.43026 , -0.09661
120.42263 , -0.138293
120.415001 , -0.185185
120.407371 , -0.237395
120.399741 , -0.285207
120.392112 , -0.33302
120.384482 , -0.383824
120.376852 , -0.42931
120.369223 , -0.459837
120.361593 , -0.485045
120.353963 , -0.515572
120.346334 , -0.54078
120.338704 , -0.542719
120.331074 , -0.53934
120.323445 , -0.541445
120.315815 , -0.538232
120.308185 , -0.528536
120.300556 , -0.516181
120.292926 , -0.50499
120.285296 , -0.493799
120.277667 , -0.485144
120.270037 , -0.476487
120.262407 , -0.467832
120.254778 , -0.459176
120.247148 , -0.450521
120.239518 , -0.441864
120.231889 , -0.433209
120.224259 , -0.424552
120.216629 , -0.421881
120.209 , -0.419208
120.20137 , -0.41637
120.19374 , -0.41353
120.186111 , -0.411856
120.178481 , -0.407521
120.170851 , -0.407343
120.163222 , -0.401844
120.155592 , -0.380744
120.147962 , -0.354324
120.140333 , -0.333224
120.132703 , -0.306804
120.125073 , -0.264596
120.117444 , -0.217067
120.109814 , -0.173696
120.102184 , -0.127663
120.094555 , -0.08407
120.086925 , -0.040474
120.079295 , 0.004448
120.071666 , 0.046714
120.064036 , 0.082495
120.056406 , 0.11296
120.048777 , 0.148908
120.041147 , 0.179538
120.033517 , 0.199687
120.025888 , 0.21452
120.018258 , 0.234669
120.010628 , 0.249502
120.002999 , 0.248542
119.995369 , 0.242266
119.987739 , 0.240144
119.980109 , 0.235363
119.97248 , 0.225761
119.96485 , 0.216161
119.95722 , 0.206393
119.949591 , 0.196627
119.941961 , 0.185418
119.934331 , 0.174211
119.926702 , 0.165662
119.919072 , 0.151795
119.911442 , 0.133834
119.903813 , 0.110557
119.896183 , 0.076861
119.888553 , 0.034304
119.880924 , -0.020445
119.873294 , -0.08051
119.865664 , -0.145785
119.858035 , -0.216376
119.850405 , -0.284809
119.842775 , -0.35324
119.835146 , -0.423169
119.827516 , -0.490437
119.819886 , -0.549894
119.812257 , -0.604031
119.804627 , -0.647699
119.796997 , -0.6825
119.789368 , -0.702786
119.781738 , -0.714206
119.774108 , -0.716763
119.766479 , -0.710454
119.758849 , -0.696391
119.751219 , -0.673461
119.74359 , -0.64189
119.73596 , -0.601453
119.72833 , -0.554259
119.720701 , -0.501744
119.713071 , -0.452001
119.705441 , -0.402256
119.697812 , -0.359272
119.690182 , -0.321605
119.682552 , -0.276516
119.674923 , -0.24029
119.667293 , -0.228615
119.659663 , -0.225803
119.652034 , -0.215736
119.644404 , -0.210985
119.636774 , -0.21294
119.629145 , -0.217552
119.621515 , -0.221003
119.613885 , -0.224452
119.606256 , -0.218982
119.598626 , -0.213511
119.590996 , -0.208042
119.583367 , -0.202571
119.575737 , -0.186464
119.568107 , -0.170356
119.560478 , -0.154249
119.552848 , -0.138141
119.545218 , -0.116316
119.537589 , -0.094489
119.529959 , -0.072663
119.522329 , -0.050837
119.5147 , -0.029011
119.50707 , -0.007185
119.49944 , 0.014474
119.491811 , 0.036135
119.484181 , 0.053418
119.476551 , 0.068042
119.468922 , 0.08682
119.461292 , 0.100281
119.453662 , 0.097951
119.446033 , 0.090303
119.438403 , 0.087973
119.430773 , 0.080326
119.423144 , 0.052836
119.415514 , 0.020029
119.407884 , -0.007462
119.400255 , -0.040268
119.392625 , -0.088701
119.384995 , -0.14245
119.377366 , -0.193542
119.369736 , -0.244632
119.362106 , -0.297053
119.354477 , -0.349473
119.346847 , -0.404553
119.339217 , -0.454314
119.331588 , -0.488452
119.323958 , -0.517271
119.316328 , -0.551575
119.308699 , -0.580559
119.301069 , -0.600972
119.293439 , -0.618725
119.28581 , -0.637641
119.27818 , -0.656558
119.27055 , -0.675308
119.262921 , -0.694059
119.255291 , -0.712809
119.247661 , -0.731559
119.240032 , -0.746321
119.232402 , -0.761082
119.224772 , -0.775844
119.217143 , -0.790605
119.209513 , -0.805366
119.201883 , -0.820127
119.194254 , -0.834889
119.186624 , -0.84965
119.178994 , -0.869557
119.171365 , -0.889464
119.163735 , -0.909288
119.156105 , -0.929111
119.148476 , -0.949517
119.140846 , -0.968593
119.133216 , -0.989747
119.125587 , -1.008241
119.117957 , -1.009089
119.110327 , -1.007278
119.102698 , -1.008126
119.095068 , -1.006315
119.087438 , -1.007164
119.079809 , -1.005353
119.072179 , -1.006284
119.064549 , -1.004556
119.05692 , -0.994039
119.04929 , -0.982191
119.04166 , -0.971008
119.034031 , -0.959826
119.026401 , -0.948089
119.018771 , -0.937682
119.011142 , -0.924311
119.003512 , -0.915372
118.995882 , -0.919536
118.988253 , -0.928132
118.980623 , -0.932185
118.972993 , -0.94067
118.965364 , -0.966718
118.957734 , -0.995425
118.950104 , -1.022748
118.942475 , -1.05007
118.934845 , -1.069144
118.927215 , -1.085558
118.919586 , -1.105575
118.911956 , -1.121158
118.904326 , -1.121007
118.896697 , -1.114652
118.889067 , -1.113836
118.881437 , -1.108589
118.873808 , -1.090986
118.866178 , -1.070724
118.858548 , -1.051848
118.850919 , -1.032971
118.843289 , -1.012709
118.835659 , -0.995107
118.82803 , -0.973792
118.8204 , -0.95691
118.81277 , -0.957452
118.805141 , -0.962426
118.797511 , -0.963771
118.789881 , -0.967776
118.782252 , -0.969814
118.774622 , -0.973181
118.766992 , -0.975967
118.759363 , -0.978753
118.751733 , -0.978962
118.744103 , -0.979171
118.736474 , -0.979381
118.728844 , -0.97959
118.721214 , -0.9798
118.713584 , -0.98001
118.705955 , -0.980219
118.698325 , -0.980429
118.690695 , -0.983651
118.683066 , -0.986873
118.675436 , -0.990095
118.667806 , -0.993317
118.660177 , -0.996539
118.652547 , -0.999761
118.644917 , -1.002983
118.637288 , -1.006205
118.629658 , -1.013998
118.622028 , -1.02179
118.614399 , -1.030165
118.606769 , -1.03721
118.599139 , -1.035695
118.59151 , -1.03152
118.58388 , -1.030088
118.57625 , -1.025997
118.568621 , -1.019333
118.560991 , -1.01001
118.553361 , -1.003235
118.545732 , -0.993801
118.538102 , -0.966639
118.530472 , -0.935043
118.522843 , -0.907991
118.515213 , -0.876507
118.507583 , -0.833388
118.499954 , -0.785837
118.492324 , -0.741998
118.484694 , -0.695499
118.477065 , -0.650219
118.469435 , -0.60494
118.461805 , -0.559494
118.454176 , -0.514049
118.446546 , -0.467141
118.438916 , -0.420234
118.431287 , -0.373327
118.423657 , -0.32642
118.416027 , -0.280261
118.408398 , -0.234102
118.400768 , -0.187472
118.393138 , -0.142171
118.385509 , -0.103547
118.377879 , -0.069355
118.370249 , -0.040399
118.36262 , -0.017647
118.35499 , 0.006323
118.34736 , 0.022316
118.339731 , 0.028779
118.332101 , 0.027264
118.324471 , 0.020543
118.316842 , 0.007617
118.309212 , -0.011459
118.301582 , -0.033194
118.293953 , -0.059583
118.286323 , -0.085972
118.278693 , -0.112527
118.271064 , -0.139083
118.263434 , -0.157882
118.255804 , -0.176681
118.248175 , -0.195479
118.240545 , -0.214278
118.232915 , -0.233077
118.225286 , -0.251876
118.217656 , -0.270841
118.210026 , -0.289806
118.202397 , -0.31001
118.194767 , -0.332874
118.187137 , -0.352913
118.179508 , -0.375611
118.171878 , -0.406287
118.164248 , -0.439622
118.156619 , -0.470131
118.148989 , -0.5033
118.141359 , -0.541622
118.13373 , -0.579943
118.1261 , -0.619539
118.11847 , -0.656475
118.110841 , -0.682054
118.103211 , -0.701427
118.095581 , -0.716701
118.087952 , -0.72577
118.080322 , -0.729731
118.072692 , -0.72926
118.065063 , -0.721753
118.057433 , -0.711587
118.049803 , -0.707958
118.042174 , -0.704329
118.034544 , -0.700534
118.026914 , -0.696739
118.019285 , -0.685187
118.011655 , -0.673636
118.004025 , -0.661918
117.996396 , -0.6502
117.988766 , -0.64502
117.981136 , -0.637181
117.973507 , -0.622416
117.965877 , -0.603219
117.958247 , -0.576107
117.950618 , -0.544561
117.942988 , -0.506922
117.935358 , -0.464851
117.927729 , -0.421173
117.920099 , -0.374835
117.912469 , -0.329883
117.90484 , -0.28493
117.89721 , -0.240587
117.88958 , -0.198904
117.881951 , -0.153508
117.874321 , -0.112545
117.866691 , -0.082219
117.859062 , -0.056325
117.851432 , -0.037356
117.843802 , -0.021047
117.836173 , -0.001653
117.828543 , 0.017743
117.820913 , 0.037138
117.813284 , 0.056534
117.805654 , 0.073934
117.798024 , 0.093995
117.790395 , 0.111228
117.782765 , 0.131123
117.775135 , 0.163703
117.767506 , 0.198945
117.759876 , 0.232855
117.752246 , 0.266767
117.744617 , 0.300676
117.736987 , 0.334588
117.729357 , 0.369828
117.721728 , 0.40241
117.714098 , 0.428293
117.706468 , 0.451519
117.698839 , 0.476073
117.691209 , 0.500628
117.683579 , 0.525016
117.67595 , 0.549405
117.66832 , 0.573793
117.66069 , 0.598182
117.653061 , 0.617473
117.645431 , 0.636765
117.637801 , 0.655889
117.630172 , 0.675015
117.622542 , 0.684167
117.614912 , 0.690661
117.607283 , 0.699869
117.599653 , 0.706418
117.592023 , 0.711089
117.584394 , 0.711328
117.576764 , 0.705473
117.569134 , 0.695185
117.561505 , 0.680022
117.553875 , 0.660427
117.546245 , 0.634627
117.538616 , 0.604394
117.530986 , 0.566073
117.523356 , 0.523319
117.515727 , 0.484278
117.508097 , 0.442576
117.500467 , 0.40143
117.492838 , 0.360283
117.485208 , 0.319136
117.477578 , 0.277989
117.469948 , 0.239425
117.462319 , 0.203521
117.454689 , 0.166121
117.447059 , 0.12872
117.43943 , 0.091486
117.4318 , 0.054252
117.42417 , 0.017018
117.416541 , -0.020216
117.408911 , -0.048087
117.401281 , -0.075958
117.393652 , -0.105824
117.386022 , -0.131257
117.378392 , -0.150651
117.370763 , -0.162068
117.363133 , -0.164897
117.355503 , -0.157975
117.347874 , -0.135511
117.340244 , -0.104181
117.332614 , -0.064154
117.324985 , -0.015261
117.317355 , 0.032799
117.309725 , 0.08618
117.302096 , 0.146262
117.294466 , 0.209006
117.286836 , 0.273742
117.279207 , 0.33848
117.271577 , 0.404546
117.263947 , 0.467955
117.256318 , 0.519782
117.248688 , 0.566293
117.241058 , 0.607649
117.233429 , 0.643689
117.225799 , 0.678126
117.218169 , 0.707247
117.21054 , 0.725729
117.20291 , 0.735349
117.19528 , 0.73721
117.187651 , 0.730208
117.180021 , 0.714341
117.172391 , 0.68961
117.164762 , 0.663105
117.157132 , 0.627738
117.149502 , 0.588989
117.141873 , 0.544923
117.134243 , 0.488389
117.126613 , 0.429199
117.118984 , 0.37117
117.111354 , 0.313142
117.103724 , 0.260736
117.096095 , 0.208332
117.088465 , 0.154763
117.080835 , 0.103855
117.073206 , 0.064745
117.065576 , 0.030957
117.057946 , 0.002319
117.050317 , -0.020999
117.042687 , -0.041215
117.035057 , -0.056112
117.027428 , -0.065691
117.019798 , -0.069951
117.012168 , -0.06374
117.004539 , -0.052209
116.996909 , -0.044836
116.989279 , -0.034801
116.98165 , -0.022309
116.97402 , -0.009816
116.96639 , 0.005501
116.958761 , 0.015501
116.951131 , 0.010707
116.943501 , 0.000596
116.935872 , -0.005195
116.928242 , -0.013644
116.920612 , -0.0201
116.912983 , -0.023895
116.905353 , -0.021154
116.897723 , -0.013093
116.890094 , -0.007195
116.882464 , 0.00757
116.874834 , 0.032583
116.867205 , 0.062916
116.859575 , 0.099663
116.851945 , 0.139072
116.844316 , 0.176983
116.836686 , 0.214896
116.829056 , 0.250757
116.821427 , 0.281301
116.813797 , 0.30863
116.806167 , 0.327096
116.798538 , 0.336697
116.790908 , 0.337434
116.783278 , 0.327533
116.775649 , 0.312315
116.768019 , 0.29039
116.760389 , 0.26315
116.75276 , 0.240062
116.74513 , 0.214317
116.7375 , 0.182469
116.729871 , 0.150623
116.722241 , 0.118609
116.714611 , 0.086597
116.706982 , 0.06522
116.699352 , 0.043845
116.691722 , 0.022468
116.684093 , 0.001093
116.676463 , -0.012527
116.668833 , -0.026146
116.661204 , -0.0396
116.653574 , -0.053053
116.645944 , -0.063016
116.638315 , -0.070319
116.630685 , -0.071308
116.623055 , -0.066976
116.615426 , -0.05388
116.607796 , -0.038124
116.600166 , -0.025026
116.592537 , -0.009269
116.584907 , 0.005821
116.577277 , 0.020914
116.569648 , 0.036171
116.562018 , 0.05143
116.554388 , 0.0576
116.546759 , 0.063773
116.539129 , 0.069945
116.531499 , 0.076117
116.52387 , 0.082287
116.51624 , 0.088459
116.50861 , 0.094632
116.500981 , 0.100804
116.493351 , 0.097507
116.485721 , 0.094213
116.478092 , 0.090918
116.470462 , 0.087624
116.462832 , 0.084327
116.455203 , 0.081032
116.447573 , 0.077737
116.439943 , 0.074443
116.432314 , 0.079124
116.424684 , 0.083807
116.417054 , 0.088491
116.409425 , 0.093174
116.401795 , 0.097856
116.394165 , 0.102539
116.386536 , 0.107222
116.378906 , 0.111906
116.371276 , 0.11773
116.363647 , 0.123554
116.356017 , 0.129212
116.348387 , 0.134871
116.340758 , 0.141859
116.333128 , 0.146188
116.325498 , 0.153341
116.317869 , 0.157838
116.310239 , 0.146376
116.302609 , 0.132256
116.29498 , 0.12096
116.28735 , 0.107008
116.27972 , 0.094383
116.272091 , 0.081758
116.264461 , 0.068966
116.256831 , 0.056177
116.249202 , 0.043622
116.241572 , 0.031066
116.233942 , 0.01851
116.226312 , 0.005956
116.218683 , -0.006765
116.211053 , -0.019487
116.203423 , -0.030879
116.195794 , -0.04493
116.188164 , -0.069452
116.180534 , -0.096634
116.172905 , -0.12099
116.165275 , -0.148005
116.157645 , -0.17369
116.150016 , -0.199377
116.142386 , -0.225062
116.134756 , -0.250747
116.127127 , -0.269047
116.119497 , -0.284688
116.111867 , -0.30332
116.104238 , -0.319294
116.096608 , -0.336597
116.088978 , -0.3539
116.081349 , -0.371037
116.073719 , -0.388174
116.066089 , -0.399105
116.05846 , -0.410037
116.05083 , -0.420969
116.0432 , -0.4319
116.035571 , -0.442666
116.027941 , -0.453431
116.020311 , -0.465526
116.012682 , -0.474962
116.005052 , -0.472805
115.997422 , -0.467988
115.989793 , -0.465997
115.982163 , -0.461347
115.974533 , -0.458026
115.966904 , -0.454705
115.959274 , -0.451218
115.951644 , -0.447731
115.944015 , -0.432554
115.936385 , -0.417377
115.928755 , -0.40353
115.921126 , -0.387024
115.913496 , -0.373343
115.905866 , -0.357002
115.898237 , -0.343321
115.890607 , -0.326981
115.882977 , -0.294813
115.875348 , -0.259985
115.867718 , -0.226488
115.860088 , -0.19299
115.852459 , -0.159326
115.844829 , -0.125661
115.837199 , -0.091997
115.82957 , -0.058333
115.82194 , -0.02334
115.81431 , 0.011654
115.806681 , 0.046648
115.799051 , 0.081642
115.791421 , 0.116635
115.783792 , 0.151629
115.776162 , 0.186457
115.768532 , 0.221284
115.760903 , 0.256624
115.753273 , 0.289305
115.745643 , 0.3247
115.738014 , 0.357437
115.730384 , 0.378427
115.722754 , 0.394986
115.715125 , 0.40556
115.707495 , 0.411704
115.699865 , 0.416018
115.692236 , 0.417673
115.684606 , 0.420547
115.676976 , 0.423421
115.669347 , 0.425464
115.661717 , 0.427507
115.654087 , 0.429384
115.646458 , 0.431261
115.638828 , 0.425088
115.631198 , 0.416257
115.623569 , 0.411026
115.615939 , 0.401364
115.608309 , 0.38184
115.60068 , 0.35611
115.59305 , 0.326281
115.58542 , 0.290247
115.577791 , 0.247066
115.570161 , 0.201225
115.562531 , 0.156493
115.554902 , 0.11176
115.547272 , 0.067028
115.539642 , 0.022295
115.532013 , -0.023767
115.524383 , -0.06717
115.516753 , -0.108731
115.509124 , -0.147632
115.501494 , -0.179442
115.493864 , -0.20682
115.486235 , -0.228767
115.478605 , -0.246284
115.470975 , -0.257595
115.463346 , -0.264473
115.455716 , -0.274011
115.448086 , -0.279117
115.440457 , -0.278017
115.432827 , -0.272486
115.425197 , -0.261414
115.417568 , -0.24591
115.409938 , -0.224477
115.402308 , -0.198613
115.394679 , -0.1653
115.387049 , -0.131988
115.379419 , -0.098398
115.37179 , -0.064808
115.36416 , -0.030554
115.35653 , 0.0037
115.348901 , 0.037955
115.341271 , 0.072209
115.333641 , 0.09627
115.326012 , 0.12033
115.318382 , 0.144391
115.310752 , 0.168451
115.303123 , 0.192511
115.295493 , 0.216571
115.287863 , 0.240632
115.280234 , 0.264692
115.272604 , 0.293393
115.264974 , 0.322093
115.257345 , 0.350793
115.249715 , 0.379494
115.242085 , 0.408194
115.234456 , 0.436894
115.226826 , 0.465595
115.219196 , 0.494295
115.211567 , 0.506153
115.203937 , 0.518011
115.196307 , 0.529869
115.188678 , 0.541727
115.181048 , 0.553585
115.173418 , 0.565443
115.165789 , 0.577301
115.158159 , 0.589159
115.150529 , 0.587958
115.1429 , 0.586759
115.13527 , 0.585559
115.12764 , 0.584359
115.120011 , 0.583159
115.112381 , 0.581959
115.104751 , 0.58076
115.097122 , 0.57956
115.089492 , 0.57969
115.081862 , 0.57982
115.074233 , 0.579949
115.066603 , 0.580079
115.058973 , 0.579378
115.051344 , 0.578677
115.043714 , 0.579139
115.036084 , 0.576942
115.028455 , 0.567473
115.020825 , 0.552686
115.013195 , 0.532746
115.005566 , 0.507488
114.997936 , 0.477575
114.990306 , 0.442345
114.982677 , 0.401795
114.975047 , 0.355927
114.967417 , 0.297205
114.959787 , 0.233165
114.952158 , 0.163805
114.944528 , 0.089128
114.936898 , 0.009797
114.929269 , -0.074854
114.921639 , -0.16449
114.914009 , -0.259445
114.90638 , -0.357139
114.89875 , -0.454833
114.89112 , -0.554023
114.883491 , -0.650554
114.875861 , -0.738829
114.868231 , -0.821786
114.860602 , -0.894051
114.852972 , -0.95745
114.845342 , -1.013315
114.837713 , -1.05677
114.830083 , -1.088036
114.822453 , -1.106892
114.814824 , -1.114667
114.807194 , -1.110033
114.799564 , -1.093209
114.791935 , -1.063976
114.784305 , -1.027942
114.776675 , -0.983043
114.769046 , -0.934543
114.761416 , -0.880724
114.753786 , -0.813997
114.746157 , -0.74461
114.738527 , -0.676387
114.730897 , -0.608164
114.723268 , -0.551464
114.715638 , -0.494765
114.708008 , -0.436902
114.700379 , -0.381698
114.692749 , -0.317021
114.685119 , -0.257662
114.67749 , -0.203455
114.66986 , -0.154568
114.66223 , -0.120151
114.654601 , -0.091052
114.646971 , -0.067272
114.639341 , -0.048811
114.631712 , -0.034837
114.624082 , -0.026182
114.616452 , -0.02401
114.608823 , -0.024496
114.601193 , -0.019387
114.593563 , -0.014278
114.585934 , -0.009335
114.578304 , -0.004392
114.570674 , -0.000779
114.563045 , 0.002835
114.555415 , 0.006115
114.547785 , 0.009397
114.540156 , 0.01499
114.532526 , 0.015266
114.524896 , 0.010555
114.517267 , 0.000525
114.509637 , -0.013494
114.502007 , -0.032831
114.494378 , -0.057321
114.486748 , -0.087129
114.479118 , -0.122699
114.471489 , -0.160929
114.463859 , -0.196499
114.456229 , -0.234729
114.4486 , -0.271628
114.44097 , -0.308528
114.43334 , -0.345262
114.425711 , -0.381996
114.418081 , -0.420705
114.410451 , -0.454096
114.402822 , -0.482278
114.395192 , -0.505142
114.387562 , -0.514488
114.379933 , -0.514969
114.372303 , -0.506808
114.364673 , -0.489782
114.357044 , -0.458795
114.349414 , -0.418942
114.341784 , -0.370448
114.334155 , -0.313089
114.326525 , -0.250743
114.318895 , -0.183079
114.311266 , -0.118186
114.303636 , -0.053292
114.296006 , 0.006491
114.288377 , 0.060956
114.280747 , 0.121071
114.273117 , 0.175868
114.265488 , 0.214709
114.257858 , 0.248231
114.250228 , 0.287238
114.242599 , 0.320926
114.234969 , 0.342813
114.227339 , 0.362042
114.21971 , 0.3826
114.21208 , 0.403158
114.20445 , 0.422386
114.196821 , 0.444273
114.189191 , 0.461839
114.181561 , 0.484724
114.173932 , 0.524863
114.166302 , 0.567662
114.158672 , 0.609297
114.151043 , 0.650932
114.143413 , 0.692734
114.135783 , 0.734535
114.128154 , 0.776336
114.120524 , 0.818138
114.112894 , 0.863928
114.105265 , 0.909719
114.097635 , 0.955509
114.090005 , 1.001299
114.082376 , 1.045815
114.074746 , 1.090332
114.067116 , 1.136011
114.059487 , 1.179031
114.051857 , 1.221511
114.044227 , 1.258673
114.036598 , 1.285363
114.028968 , 1.303189
114.021338 , 1.314588
114.013709 , 1.317122
114.006079 , 1.311014
113.998449 , 1.296041
113.99082 , 1.270155
113.98319 , 1.238949
113.97556 , 1.211677
113.967931 , 1.181746
113.960301 , 1.15187
113.952671 , 1.121994
113.945042 , 1.091952
113.937412 , 1.06191
113.929782 , 1.030678
113.922153 , 0.999447
113.914523 , 0.968049
113.906893 , 0.936651
113.899264 , 0.906417
113.891634 , 0.873523
113.884004 , 0.844785
113.876375 , 0.810728
113.868745 , 0.756615
113.861115 , 0.697183
113.853486 , 0.641741
113.845856 , 0.583639
113.838226 , 0.528196
113.830597 , 0.470094
113.822967 , 0.413322
113.815337 , 0.35655
113.807708 , 0.300262
113.800078 , 0.243975
113.792448 , 0.187688
113.784819 , 0.1314
113.777189 , 0.075113
113.769559 , 0.018826
113.76193 , -0.037462
113.7543 , -0.09375
113.74667 , -0.126103
113.739041 , -0.158456
113.731411 , -0.19081
113.723781 , -0.223163
113.716151 , -0.255517
113.708522 , -0.28787
113.700892 , -0.320224
113.693262 , -0.352577
113.685633 , -0.377808
113.678003 , -0.403039
113.670373 , -0.428269
113.662744 , -0.4535
113.655114 , -0.479063
113.647484 , -0.504626
113.639855 , -0.52753
113.632225 , -0.555753
113.624595 , -0.606247
113.616966 , -0.66206
113.609336 , -0.712389
113.601706 , -0.768035
113.594077 , -0.818862
113.586447 , -0.872348
113.578817 , -0.924505
113.571188 , -0.976661
113.563558 , -1.033319
113.555928 , -1.087317
113.548299 , -1.134613
113.540669 , -1.176589
113.533039 , -1.218953
113.52541 , -1.252452
113.51778 , -1.277088
113.51015 , -1.292858
113.502521 , -1.286025
113.494891 , -1.266781
113.487261 , -1.235349
113.479632 , -1.191506
113.472002 , -1.136583
113.464372 , -1.06925
113.456743 , -0.989727
113.449113 , -0.897795
113.441483 , -0.78838
113.433854 , -0.670101
113.426224 , -0.548552
113.418594 , -0.421685
113.410965 , -0.295649
113.403335 , -0.172272
113.395705 , -0.055267
113.388076 , 0.056419
113.380446 , 0.162732
113.372816 , 0.26018
113.365187 , 0.35098
113.357557 , 0.42937
113.349927 , 0.48715
113.342298 , 0.536065
113.334668 , 0.575894
113.327038 , 0.60686
113.319409 , 0.629639
113.311779 , 0.643553
113.304149 , 0.648825
113.29652 , 0.645233
113.28889 , 0.64164
113.28126 , 0.632729
113.273631 , 0.618278
113.266001 , 0.598507
113.258371 , 0.568322
113.250742 , 0.532817
113.243112 , 0.491994
113.235482 , 0.445852
113.227853 , 0.389406
113.220223 , 0.32764
113.212593 , 0.2687
113.204964 , 0.209761
113.197334 , 0.150121
113.189704 , 0.093141
113.182075 , 0.032006
113.174445 , -0.02381
113.166815 , -0.064003
113.159186 , -0.098878
113.151556 , -0.137741
113.143926 , -0.173945
113.136297 , -0.202614
113.128667 , -0.228624
113.121037 , -0.255963
113.113408 , -0.283303
113.105778 , -0.31031
113.098148 , -0.337317
113.090519 , -0.365488
113.082889 , -0.390999
113.075259 , -0.403172
113.06763 , -0.410026
113.06 , -0.422532
113.05237 , -0.429718
113.044741 , -0.419786
113.037111 , -0.407194
113.029481 , -0.395765
113.021852 , -0.384337
113.014222 , -0.383379
113.006592 , -0.382422
112.998963 , -0.381464
112.991333 , -0.380507
112.983703 , -0.37955
112.976074 , -0.378592
112.968444 , -0.377635
112.960814 , -0.376678
112.953185 , -0.38385
112.945555 , -0.391023
112.937925 , -0.398196
112.930296 , -0.405369
112.922666 , -0.412542
112.915036 , -0.419715
112.907407 , -0.426888
112.899777 , -0.434061
112.892147 , -0.431483
112.884518 , -0.428905
112.876888 , -0.426161
112.869258 , -0.423417
112.861629 , -0.421836
112.853999 , -0.417596
112.846369 , -0.417511
112.83874 , -0.412107
112.83111 , -0.383975
112.82348 , -0.350524
112.815851 , -0.321228
112.808221 , -0.289273
112.800591 , -0.258481
112.792962 , -0.227689
112.785332 , -0.196731
112.777702 , -0.165773
112.770073 , -0.131712
112.762443 , -0.097652
112.754813 , -0.063591
112.747184 , -0.029531
112.739554 , 0.00453
112.731924 , 0.03859
112.724295 , 0.072651
112.716665 , 0.106711
112.709035 , 0.136005
112.701406 , 0.1653
112.693776 , 0.195757
112.686146 , 0.223556
112.678517 , 0.23911
112.670887 , 0.249346
112.663257 , 0.254207
112.655628 , 0.25375
112.647998 , 0.253072
112.640368 , 0.243528
112.632739 , 0.225564
112.625109 , 0.198735
112.617479 , 0.158832
112.60985 , 0.113609
112.60222 , 0.063179
112.59459 , 0.00743
112.586961 , -0.050272
112.579331 , -0.107974
112.571701 , -0.167172
112.564072 , -0.223711
112.556442 , -0.271994
112.548812 , -0.314959
112.541183 , -0.347231
112.533553 , -0.370638
112.525923 , -0.386511
112.518294 , -0.389974
112.510664 , -0.38147
112.503034 , -0.360555
112.495405 , -0.337646
112.487775 , -0.305872
112.480145 , -0.265235
112.472515 , -0.215733
112.464886 , -0.153948
112.457256 , -0.086845
112.449626 , -0.023675
112.441997 , 0.042153
112.434367 , 0.10776
112.426737 , 0.173368
112.419108 , 0.240304
112.411478 , 0.304582
112.403848 , 0.363264
112.396219 , 0.416627
112.388589 , 0.475642
112.380959 , 0.529337
112.37333 , 0.565747
112.3657 , 0.599498
112.35807 , 0.635908
112.350441 , 0.669659
112.342811 , 0.697135
112.335181 , 0.724611
112.327552 , 0.751755
112.319922 , 0.778899
112.312292 , 0.807206
112.304663 , 0.832854
112.297033 , 0.862658
112.289403 , 0.887142
112.281774 , 0.887859
112.274144 , 0.883257
112.266514 , 0.883974
112.258885 , 0.879372
112.251255 , 0.858814
112.243625 , 0.832937
112.235996 , 0.812379
112.228366 , 0.786503
112.220736 , 0.736564
112.213107 , 0.681307
112.205477 , 0.630205
112.197847 , 0.576443
112.190218 , 0.523846
112.182588 , 0.471248
112.174958 , 0.418483
112.167329 , 0.365719
112.159699 , 0.315614
112.152069 , 0.26551
112.14444 , 0.215405
112.13681 , 0.1653
112.12918 , 0.115361
112.121551 , 0.065423
112.113921 , 0.01432
112.106291 , -0.034122
112.098662 , -0.064906
112.091032 , -0.09037
112.083402 , -0.121319
112.075773 , -0.14695
112.068143 , -0.156791
112.060513 , -0.161313
112.052884 , -0.169991
112.045254 , -0.176009
112.037624 , -0.185573
112.029995 , -0.195137
112.022365 , -0.203371
112.014735 , -0.214264
112.007106 , -0.221003
111.999476 , -0.233059
111.991846 , -0.239466
111.984217 , -0.25119
111.976587 , -0.272851
111.968957 , -0.297171
111.961328 , -0.319995
111.953698 , -0.342819
111.946068 , -0.368469
111.938439 , -0.3888
111.930809 , -0.414782
111.923179 , -0.435446
111.91555 , -0.438824
111.90792 , -0.436883
111.90029 , -0.44026
111.892661 , -0.43832
111.885031 , -0.420423
111.877401 , -0.397207
111.869772 , -0.379477
111.862142 , -0.356428
111.854512 , -0.326301
111.846883 , -0.293514
111.839253 , -0.261891
111.831623 , -0.230268
111.823994 , -0.19848
111.816364 , -0.166691
111.808734 , -0.135068
111.801105 , -0.103445
111.793475 , -0.075977
111.785845 , -0.051169
111.778216 , -0.022205
111.770586 , 0.00144
111.762956 , 0.00946
111.755327 , 0.012163
111.747697 , 0.019021
111.740067 , 0.02322
111.732438 , 0.019933
111.724808 , 0.016647
111.717178 , 0.013195
111.709549 , 0.009743
111.701919 , 0.00629
111.694289 , 0.002838
111.68666 , -0.000614
111.67903 , -0.004066
111.6714 , -0.01328
111.663771 , -0.022495
111.656141 , -0.031709
111.648511 , -0.040923
111.640882 , -0.050137
111.633252 , -0.059351
111.625622 , -0.068565
111.617993 , -0.07778
111.610363 , -0.09313
111.602733 , -0.108479
111.595104 , -0.12383
111.587474 , -0.13918
111.579844 , -0.15453
111.572215 , -0.16988
111.564585 , -0.18523
111.556955 , -0.20058
111.549326 , -0.213271
111.541696 , -0.225961
111.534066 , -0.238652
111.526437 , -0.251342
111.518807 , -0.264033
111.511177 , -0.276724
111.503548 , -0.289414
111.495918 , -0.302105
111.488288 , -0.305539
111.480659 , -0.308972
111.473029 , -0.313569
111.465399 , -0.315506
111.45777 , -0.321599
111.45014 , -0.322372
111.44251 , -0.328631
111.434881 , -0.329571
111.427251 , -0.308517
111.419621 , -0.282143
111.411992 , -0.259925
111.404362 , -0.235047
111.396732 , -0.211499
111.389103 , -0.187952
111.381473 , -0.163074
111.373843 , -0.140856
111.366214 , -0.136546
111.358584 , -0.137556
111.350954 , -0.132914
111.343325 , -0.133591
111.335695 , -0.130113
111.328065 , -0.129294
111.320436 , -0.127145
111.312806 , -0.124997
111.305176 , -0.124621
111.297547 , -0.121586
111.289917 , -0.122706
111.282287 , -0.118507
111.274658 , -0.098519
111.267028 , -0.073212
111.259398 , -0.053391
111.251769 , -0.02825
111.244139 , -0.00072
111.236509 , 0.029469
111.22888 , 0.058163
111.22125 , 0.086856
111.21362 , 0.123029
111.20599 , 0.153883
111.198361 , 0.181524
111.190731 , 0.200301
111.183101 , 0.203121
111.175472 , 0.197077
111.167842 , 0.180395
111.160212 , 0.158395
111.152583 , 0.129858
111.144953 , 0.096002
111.137323 , 0.06497
111.129694 , 0.03394
111.122064 , 0.002175
111.114434 , -0.02693
111.106805 , -0.060191
111.099175 , -0.088133
111.091545 , -0.100451
111.083916 , -0.107451
111.076286 , -0.118606
111.068656 , -0.127102
111.061027 , -0.130279
111.053397 , -0.133456
111.045767 , -0.135303
111.038138 , -0.13981
111.030508 , -0.161436
111.022878 , -0.188381
111.015249 , -0.209841
111.007619 , -0.236619
110.999989 , -0.269688
110.99236 , -0.308075
110.98473 , -0.34347
110.9771 , -0.378866
110.969471 , -0.422128
110.961841 , -0.460072
110.954211 , -0.492808
110.946582 , -0.520226
110.938952 , -0.533682
110.931322 , -0.538273
110.923693 , -0.534222
110.916063 , -0.521306
110.908433 , -0.500412
110.900804 , -0.470654
110.893174 , -0.432032
110.885544 , -0.384544
110.877915 , -0.330285
110.870285 , -0.26716
110.862655 , -0.20049
110.855026 , -0.128501
110.847396 , -0.05136
110.839766 , 0.031101
110.832137 , 0.120043
110.824507 , 0.211644
110.816877 , 0.300642
110.809248 , 0.389639
110.801618 , 0.481462
110.793988 , 0.567967
110.786359 , 0.648599
110.778729 , 0.723912
110.771099 , 0.788809
110.76347 , 0.844842
110.75584 , 0.895882
110.74821 , 0.941603
110.740581 , 0.981783
110.732951 , 1.016646
110.725321 , 1.045746
110.717692 , 1.069528
110.710062 , 1.087991
110.702432 , 1.101135
110.694803 , 1.111398
110.687173 , 1.116343
110.679543 , 1.117742
110.671914 , 1.110276
110.664284 , 1.091952
110.656654 , 1.064763
110.649025 , 1.026937
110.641395 , 0.983792
110.633765 , 0.931048
110.626136 , 0.872986
110.618506 , 0.819079
110.610876 , 0.762514
110.603247 , 0.706003
110.595617 , 0.649492
110.587987 , 0.592981
110.580358 , 0.53647
110.572728 , 0.485001
110.565098 , 0.436192
110.557469 , 0.383226
110.549839 , 0.33558
110.542209 , 0.303723
110.53458 , 0.277185
110.52695 , 0.244997
110.51932 , 0.218126
110.511691 , 0.20497
110.504061 , 0.191813
110.496431 , 0.178989
110.488802 , 0.166165
110.481172 , 0.153341
110.473542 , 0.140518
110.465913 , 0.127694
110.458283 , 0.11487
110.450653 , 0.08609
110.443024 , 0.05731
110.435394 , 0.02853
110.427764 , -0.00025
110.420135 , -0.028366
110.412505 , -0.056481
110.404875 , -0.08443
110.397246 , -0.112379
110.389616 , -0.145965
110.381986 , -0.176892
110.374357 , -0.201115
110.366727 , -0.220019
110.359097 , -0.240198
110.351468 , -0.251512
110.343838 , -0.254405
110.336208 , -0.248434
110.328579 , -0.232712
110.320949 , -0.211671
110.313319 , -0.18509
110.30569 , -0.15319
110.29806 , -0.115528
110.29043 , -0.072547
110.282801 , -0.024249
110.275171 , 0.029369
110.267541 , 0.080544
110.259912 , 0.137037
110.252282 , 0.198683
110.244652 , 0.265648
110.237023 , 0.343749
110.229393 , 0.424509
110.221763 , 0.503772
110.214134 , 0.583036
110.206504 , 0.662467
110.198874 , 0.736578
110.191245 , 0.807476
110.183615 , 0.86951
110.175985 , 0.919798
110.168356 , 0.961222
110.160726 , 0.995776
110.153096 , 1.01792
110.145467 , 1.027889
110.137837 , 1.028994
110.130207 , 1.021012
110.122578 , 1.004166
110.114948 , 0.975132
110.107318 , 0.937233
110.099689 , 0.895788
110.092059 , 0.849025
110.084429 , 0.790461
110.0768 , 0.726578
110.06917 , 0.656213
110.06154 , 0.583189
110.053911 , 0.516646
110.046281 , 0.450104
110.038651 , 0.383729
110.031022 , 0.317353
110.023392 , 0.253704
110.015762 , 0.195373
110.008133 , 0.131392
110.000503 , 0.072729
109.992873 , 0.030022
109.985244 , -0.007366
109.977614 , -0.050073
109.969984 , -0.087461
109.962354 , -0.10773
109.954725 , -0.12268
109.947095 , -0.141785
109.939465 , -0.158231
109.931836 , -0.175841
109.924206 , -0.19345
109.916576 , -0.210893
109.908947 , -0.228336
109.901317 , -0.237511
109.893687 , -0.246685
109.886058 , -0.255693
109.878428 , -0.264701
109.870798 , -0.279748
109.863169 , -0.292136
109.855539 , -0.29782
109.847909 , -0.298185
109.84028 , -0.29229
109.83265 , -0.277531
109.82502 , -0.25435
109.817391 , -0.222304
109.809761 , -0.177184
109.802131 , -0.126745
109.794502 , -0.071098
109.786872 , -0.010133
109.779242 , 0.047585
109.771613 , 0.105302
109.763983 , 0.163186
109.756353 , 0.221069
109.748724 , 0.280782
109.741094 , 0.337834
109.733464 , 0.399042
109.725835 , 0.454931
109.718205 , 0.487496
109.710575 , 0.514742
109.702946 , 0.547307
109.695316 , 0.574553
109.687686 , 0.585843
109.680057 , 0.591814
109.672427 , 0.603104
109.664797 , 0.609076
109.657168 , 0.595088
109.649538 , 0.575782
109.641908 , 0.561795
109.634279 , 0.542489
109.626649 , 0.507392
109.619019 , 0.466978
109.61139 , 0.430552
109.60376 , 0.391468
109.59613 , 0.338033
109.588501 , 0.28194
109.580871 , 0.228506
109.573241 , 0.172412
109.565612 , 0.119144
109.557982 , 0.063217
109.550352 , 0.008619
109.542723 , -0.045979
109.535093 , -0.097742
109.527463 , -0.149506
109.519834 , -0.201269
109.512204 , -0.253032
109.504574 , -0.304796
109.496945 , -0.356559
109.489315 , -0.408323
109.481685 , -0.460086
109.474056 , -0.501656
109.466426 , -0.543225
109.458796 , -0.584794
109.451167 , -0.626364
109.443537 , -0.667268
109.435907 , -0.708173
109.428278 , -0.748744
109.420648 , -0.789317
109.413018 , -0.832784
109.405389 , -0.870932
109.397759 , -0.903872
109.390129 , -0.931494
109.3825 , -0.946041
109.37487 , -0.951723
109.36724 , -0.948984
109.359611 , -0.93738
109.351981 , -0.922453
109.344351 , -0.902207
109.336722 , -0.876586
109.329092 , -0.845647
109.321462 , -0.802464
109.313833 , -0.756622
109.306203 , -0.711944
109.298573 , -0.667264
109.290944 , -0.629165
109.283314 , -0.591065
109.275684 , -0.551802
109.268055 , -0.515198
109.260425 , -0.474439
109.252795 , -0.438998
109.245166 , -0.398073
109.237536 , -0.362466
109.229906 , -0.356556
109.222277 , -0.355964
109.214647 , -0.349886
109.207017 , -0.349128
109.199388 , -0.344215
109.191758 , -0.34196
109.184128 , -0.338543
109.176499 , -0.335125
109.168869 , -0.339422
109.161239 , -0.343719
109.15361 , -0.348017
109.14598 , -0.352314
109.13835 , -0.356611
109.130721 , -0.360909
109.123091 , -0.365205
109.115461 , -0.369503
109.107832 , -0.362276
109.100202 , -0.35505
109.092572 , -0.347823
109.084943 , -0.340596
109.077313 , -0.33337
109.069683 , -0.326143
109.062054 , -0.318916
109.054424 , -0.31169
109.046794 , -0.307571
109.039165 , -0.303452
109.031535 , -0.2995
109.023905 , -0.295547
109.016276 , -0.290431
109.008646 , -0.287974
109.001016 , -0.281362
108.993387 , -0.280069
108.985757 , -0.297502
108.978127 , -0.320253
108.970498 , -0.33885
108.962868 , -0.360105
108.955238 , -0.378757
108.947609 , -0.397408
108.939979 , -0.418664
108.932349 , -0.434601
108.92472 , -0.446119
108.91709 , -0.448773
108.90946 , -0.442563
108.901831 , -0.427488
108.894201 , -0.396458
108.886571 , -0.353017
108.878942 , -0.295614
108.871312 , -0.229348
108.863682 , -0.162416
108.856053 , -0.08662
108.848423 , -0.000186
108.840793 , 0.091566
108.833164 , 0.190908
108.825534 , 0.295569
108.817904 , 0.396075
108.810275 , 0.49924
108.802645 , 0.608558
108.795015 , 0.717876
108.787386 , 0.828524
108.779756 , 0.936512
108.772126 , 1.031592
108.764497 , 1.121354
108.756867 , 1.207513
108.749237 , 1.284809
108.741608 , 1.353683
108.733978 , 1.410147
108.726348 , 1.454422
108.718719 , 1.486288
108.711089 , 1.507515
108.703459 , 1.516333
108.695829 , 1.512962
108.6882 , 1.497181
108.68057 , 1.46507
108.67294 , 1.424095
108.665311 , 1.379684
108.657681 , 1.329955
108.650051 , 1.287262
108.642422 , 1.244569
108.634792 , 1.20038
108.627162 , 1.158851
108.619533 , 1.13023
108.611903 , 1.106928
108.604273 , 1.078141
108.596644 , 1.054673
108.589014 , 1.047161
108.581384 , 1.044967
108.573755 , 1.037122
108.566125 , 1.034596
108.558495 , 1.050104
108.550866 , 1.065611
108.543236 , 1.081451
108.535606 , 1.097291
108.527977 , 1.112965
108.520347 , 1.128639
108.512717 , 1.145476
108.505088 , 1.159654
108.497458 , 1.165577
108.489828 , 1.166181
108.482199 , 1.17227
108.474569 , 1.173041
108.466939 , 1.157855
108.45931 , 1.137351
108.45168 , 1.122165
108.44405 , 1.101661
108.436421 , 1.062445
108.428791 , 1.01791
108.421161 , 0.97753
108.413532 , 0.93449
108.405902 , 0.892947
108.398272 , 0.851404
108.390643 , 0.807034
108.383013 , 0.767984
108.375383 , 0.748104
108.367754 , 0.733541
108.360124 , 0.71366
108.352494 , 0.699098
108.344865 , 0.700325
108.337235 , 0.706872
108.329605 , 0.709263
108.321976 , 0.714313
108.314346 , 0.729615
108.306716 , 0.744916
108.299087 , 0.760384
108.291457 , 0.775852
108.283827 , 0.791319
108.276198 , 0.806787
108.268568 , 0.822255
108.260938 , 0.837723
108.253309 , 0.858952
108.245679 , 0.880182
108.238049 , 0.901412
108.23042 , 0.922641
108.22279 , 0.943871
108.21516 , 0.9651
108.207531 , 0.98633
108.199901 , 1.00756
108.192271 , 1.030437
108.184642 , 1.053315
108.177012 , 1.077357
108.169382 , 1.098739
108.161753 , 1.124276
108.154123 , 1.144495
108.146493 , 1.170198
108.138864 , 1.190583
108.131234 , 1.180828
108.123604 , 1.165755
108.115975 , 1.156001
108.108345 , 1.140928
108.100715 , 1.109899
108.093086 , 1.073551
108.085456 , 1.042301
108.077826 , 1.005732
108.070197 , 0.943516
108.062567 , 0.872436
108.054937 , 0.810442
108.047308 , 0.739583
108.039678 , 0.651661
108.032048 , 0.554874
108.024419 , 0.447229
108.016789 , 0.327173
108.009159 , 0.198917
108.00153 , 0.054706
107.9939 , -0.108564
107.98627 , -0.287791
107.978641 , -0.483416
107.971011 , -0.691452
107.963381 , -0.911011
107.955752 , -1.135889
107.948122 , -1.352221
107.940492 , -1.556142
107.932863 , -1.744552
107.925233 , -1.906367
107.917603 , -2.028293
107.909974 , -2.112988
107.902344 , -2.158015
107.894714 , -2.165811
107.887085 , -2.147457
107.879455 , -2.098964
107.871825 , -2.0241
107.864196 , -1.933279
107.856566 , -1.825948
107.848936 , -1.713299
107.841307 , -1.602977
107.833677 , -1.492654
107.826047 , -1.395473
107.818418 , -1.30361
107.810788 , -1.204323
107.803158 , -1.113901
107.795529 , -1.04985
107.787899 , -0.994664
107.780269 , -0.930391
107.77264 , -0.874983
107.76501 , -0.850601
107.75738 , -0.831537
107.749751 , -0.80721
107.742121 , -0.788202
107.734491 , -0.765038
107.726862 , -0.744534
107.719232 , -0.722867
107.711602 , -0.701199
107.703973 , -0.680071
107.696343 , -0.658944
107.688713 , -0.637816
107.681084 , -0.616689
107.673454 , -0.595562
107.665824 , -0.574434
107.658195 , -0.553307
107.650565 , -0.532179
107.642935 , -0.486674
107.635306 , -0.44117
107.627676 , -0.395665
107.620046 , -0.35016
107.612417 , -0.304656
107.604787 , -0.259151
107.597157 , -0.213812
107.589528 , -0.168474
107.581898 , -0.115755
107.574268 , -0.065695
107.566639 , -0.011923
107.559009 , 0.037416
107.551379 , 0.070024
107.54375 , 0.0982
107.53612 , 0.130919
107.52849 , 0.159205
107.520861 , 0.177464
107.513231 , 0.193063
107.505601 , 0.209715
107.497972 , 0.226367
107.490342 , 0.244183
107.482712 , 0.259339
107.475083 , 0.27721
107.467453 , 0.292421
107.459823 , 0.286732
107.452193 , 0.276611
107.444564 , 0.270312
107.436934 , 0.261354
107.429304 , 0.253615
107.421675 , 0.245876
107.414045 , 0.238137
107.406415 , 0.230398
107.398786 , 0.229751
107.391156 , 0.231762
107.383526 , 0.230783
107.375897 , 0.232462
107.368267 , 0.232646
107.360637 , 0.232829
107.353008 , 0.234397
107.345378 , 0.233307
107.337748 , 0.229705
107.330119 , 0.221672
107.322489 , 0.218293
107.314859 , 0.210481
107.30723 , 0.185106
107.2996 , 0.157073
107.29197 , 0.130424
107.284341 , 0.103775
107.276711 , 0.081946
107.269081 , 0.062777
107.261452 , 0.040007
107.253822 , 0.021668
107.246192 , 0.019286
107.238563 , 0.023109
107.230933 , 0.019619
107.223303 , 0.024106
107.215674 , 0.057528
107.208044 , 0.097155
107.200414 , 0.131463
107.192785 , 0.170203
107.185155 , 0.205342
107.177525 , 0.243141
107.169896 , 0.279554
107.162266 , 0.315968
107.154636 , 0.357423
107.147007 , 0.396218
107.139377 , 0.437729
107.131747 , 0.47658
107.124118 , 0.497813
107.116488 , 0.514614
107.108858 , 0.535071
107.101229 , 0.552869
107.093599 , 0.557025
107.085969 , 0.558521
107.07834 , 0.562842
107.07071 , 0.564504
107.06308 , 0.567496
107.055451 , 0.570487
107.047821 , 0.573313
107.040191 , 0.576138
107.032562 , 0.584006
107.024932 , 0.591873
107.017302 , 0.598411
107.009673 , 0.607607
107.002043 , 0.614089
106.994413 , 0.623231
106.986784 , 0.628716
106.979154 , 0.638633
106.971524 , 0.672248
106.963895 , 0.708523
106.956265 , 0.74225
106.948635 , 0.778636
106.941006 , 0.812196
106.933376 , 0.848415
106.925746 , 0.883305
106.918117 , 0.918195
106.910487 , 0.95929
106.902857 , 1.000385
106.895228 , 1.042699
106.887598 , 1.082353
106.879968 , 1.104445
106.872339 , 1.122105
106.864709 , 1.144308
106.857079 , 1.162078
106.84945 , 1.168922
106.84182 , 1.171334
106.83419 , 1.179175
106.826561 , 1.180811
106.818931 , 1.166602
106.811301 , 1.147961
106.803672 , 1.133751
106.796042 , 1.11511
106.788412 , 1.087327
106.780783 , 1.056885
106.773153 , 1.027662
106.765523 , 0.998439
106.757894 , 0.968884
106.750264 , 0.939328
106.742634 , 0.911102
106.735005 , 0.880217
106.727375 , 0.84109
106.719745 , 0.799304
106.712116 , 0.761065
106.704486 , 0.718392
106.696856 , 0.659099
106.689227 , 0.595374
106.681597 , 0.53536
106.673967 , 0.472688
106.666338 , 0.411234
106.658708 , 0.349781
106.651078 , 0.288327
106.643449 , 0.226873
106.635819 , 0.16409
106.628189 , 0.103966
106.62056 , 0.041182
106.61293 , -0.018942
106.6053 , -0.068401
106.597671 , -0.112541
106.590041 , -0.162167
106.582411 , -0.206473
106.574782 , -0.234824
106.567152 , -0.257856
106.559522 , -0.286373
106.551893 , -0.309571
106.544263 , -0.32673
106.536633 , -0.34123
106.529004 , -0.356894
106.521374 , -0.372557
106.513744 , -0.388054
106.506115 , -0.403551
106.498485 , -0.419048
106.490855 , -0.434546
106.483226 , -0.448422
106.475596 , -0.462299
106.467966 , -0.476175
106.460337 , -0.490052
106.452707 , -0.503929
106.445077 , -0.517806
106.437448 , -0.531682
106.429818 , -0.545558
106.422188 , -0.566083
106.414559 , -0.586608
106.406929 , -0.607133
106.399299 , -0.627658
106.39167 , -0.647519
106.38404 , -0.667379
106.37641 , -0.687073
106.368781 , -0.706767
106.361151 , -0.724163
106.353521 , -0.7389
106.345892 , -0.746933
106.338262 , -0.749649
106.330632 , -0.753637
106.323003 , -0.748762
106.315373 , -0.735466
106.307743 , -0.713304
106.300114 , -0.680007
106.292484 , -0.641391
106.284854 , -0.596072
106.277225 , -0.548093
106.269595 , -0.50632
106.261965 , -0.464546
106.254336 , -0.421443
106.246706 , -0.380999
106.239076 , -0.345388
106.231447 , -0.315097
106.223817 , -0.279155
106.216187 , -0.248531
106.208557 , -0.235026
106.200928 , -0.224181
106.193298 , -0.212173
106.185668 , -0.200164
106.178039 , -0.181951
106.170409 , -0.163737
106.162779 , -0.146687
106.15515 , -0.126977
106.14752 , -0.090314
106.13989 , -0.048333
106.132261 , -0.010507
106.124631 , 0.029979
106.117001 , 0.068567
106.109372 , 0.109814
106.101742 , 0.149399
106.094112 , 0.188984
106.086483 , 0.236049
106.078853 , 0.277795
106.071223 , 0.316328
106.063594 , 0.345996
106.055964 , 0.363697
106.048334 , 0.372534
106.040705 , 0.372727
106.033075 , 0.364057
106.025445 , 0.342311
106.017816 , 0.315247
106.010186 , 0.282809
106.002556 , 0.245052
105.994927 , 0.211187
105.987297 , 0.174663
105.979667 , 0.139635
105.972038 , 0.104606
105.964408 , 0.061877
105.956778 , 0.024466
105.949149 , -0.00951
105.941519 , -0.034621
105.933889 , -0.047765
105.92626 , -0.048499
105.91863 , -0.037266
105.911 , -0.013623
105.903371 , 0.025533
105.895741 , 0.073553
105.888111 , 0.132266
105.880482 , 0.196298
105.872852 , 0.25628
105.865222 , 0.318921
105.857593 , 0.380067
105.849963 , 0.441212
105.842333 , 0.511167
105.834704 , 0.575803
105.827074 , 0.635231
105.819444 , 0.68934
105.811815 , 0.728158
105.804185 , 0.758112
105.796555 , 0.779423
105.788926 , 0.79187
105.781296 , 0.792571
105.773666 , 0.784408
105.766037 , 0.772699
105.758407 , 0.755671
105.750777 , 0.734364
105.743148 , 0.707737
105.735518 , 0.675793
105.727888 , 0.638529
105.720259 , 0.596778
105.712629 , 0.549708
105.704999 , 0.496156
105.69737 , 0.439945
105.68974 , 0.390216
105.68211 , 0.340487
105.674481 , 0.290591
105.666851 , 0.240696
105.659221 , 0.190136
105.651592 , 0.139575
105.643962 , 0.089182
105.636332 , 0.038788
105.628703 , 0.005546
105.621073 , -0.025036
105.613443 , -0.057862
105.605814 , -0.089359
105.598184 , -0.121437
105.590554 , -0.153515
105.582925 , -0.185427
105.575295 , -0.217339
105.567665 , -0.248946
105.560036 , -0.279224
105.552406 , -0.311468
105.544776 , -0.341053
105.537147 , -0.352882
105.529517 , -0.360278
105.521887 , -0.373104
105.514258 , -0.379725
105.506628 , -0.371289
105.498998 , -0.356649
105.491369 , -0.348436
105.483739 , -0.334017
105.476109 , -0.303587
105.46848 , -0.270498
105.46085 , -0.238683
105.45322 , -0.206868
105.445591 , -0.177214
105.437961 , -0.150218
105.430331 , -0.13026
105.422702 , -0.114733
105.415072 , -0.099872
105.407442 , -0.091215
105.399813 , -0.092974
105.392183 , -0.102711
105.384553 , -0.121758
105.376924 , -0.147009
105.369294 , -0.17841
105.361664 , -0.212471
105.354035 , -0.240381
105.346405 , -0.268292
105.338775 , -0.297699
105.331146 , -0.324446
105.323516 , -0.340501
105.315886 , -0.353897
105.308257 , -0.369951
105.300627 , -0.383347
105.292997 , -0.399567
105.285368 , -0.413129
105.277738 , -0.428186
105.270108 , -0.443244
105.262479 , -0.451611
105.254849 , -0.462638
105.247219 , -0.469953
105.23959 , -0.4817
105.23196 , -0.510179
105.22433 , -0.54309
105.216701 , -0.571458
105.209071 , -0.604258
105.201441 , -0.64354
105.193812 , -0.685482
105.186182 , -0.726121
105.178552 , -0.766761
105.170923 , -0.808148
105.163293 , -0.848207
105.155663 , -0.890342
105.148034 , -0.929818
105.140404 , -0.954394
105.132774 , -0.976311
105.125145 , -1.000888
105.117515 , -1.022805
105.109885 , -1.047464
105.102256 , -1.069464
105.094626 , -1.093376
105.086996 , -1.115957
105.079367 , -1.120062
105.071737 , -1.121508
105.064107 , -1.125696
105.056478 , -1.127225
105.048848 , -1.131413
105.041218 , -1.132942
105.033589 , -1.137213
105.025959 , -1.138825
105.018329 , -1.130201
105.0107 , -1.120248
105.00307 , -1.111042
104.99544 , -1.101837
104.987811 , -1.091329
104.980181 , -1.083481
104.972551 , -1.07181
104.964922 , -1.064571
104.957292 , -1.074424
104.949662 , -1.086937
104.942032 , -1.097482
104.934403 , -1.109357
104.926773 , -1.120485
104.919143 , -1.131612
104.911514 , -1.144042
104.903884 , -1.153811
104.896254 , -1.15164
104.888625 , -1.145037
104.880995 , -1.143863
104.873365 , -1.136484
104.865736 , -1.114368
104.858106 , -1.086047
104.850476 , -1.062324
104.842847 , -1.035942
104.835217 , -1.001083
104.827587 , -0.966225
104.819958 , -0.929981
104.812328 , -0.896396
104.804698 , -0.880374
104.797069 , -0.868785
104.789439 , -0.852541
104.781809 , -0.840731
104.77418 , -0.836274
104.76655 , -0.834477
104.75892 , -0.831295
104.751291 , -0.828113
104.743661 , -0.826315
104.736031 , -0.821859
104.728402 , -0.821115
104.720772 , -0.815938
104.713142 , -0.799348
104.705513 , -0.778326
104.697883 , -0.761847
104.690253 , -0.740936
104.682624 , -0.702463
104.674994 , -0.66133
104.667364 , -0.621415
104.659735 , -0.581501
104.652105 , -0.552363
104.644475 , -0.523224
104.636846 , -0.494086
104.629216 , -0.464948
104.621586 , -0.435809
104.613957 , -0.406671
104.606327 , -0.377532
104.598697 , -0.348394
104.591068 , -0.317926
104.583438 , -0.287458
104.575808 , -0.25699
104.568179 , -0.226522
104.560549 , -0.196054
104.552919 , -0.165586
104.54529 , -0.135118
104.53766 , -0.10465
104.53003 , -0.067797
104.522401 , -0.030943
104.514771 , 0.005909
104.507141 , 0.042763
104.499512 , 0.081777
104.491882 , 0.12079
104.484252 , 0.155705
104.476623 , 0.18796
104.468993 , 0.215727
104.461363 , 0.239062
104.453734 , 0.256302
104.446104 , 0.269111
104.438474 , 0.277874
104.430845 , 0.282207
104.423215 , 0.283436
104.415585 , 0.284665
104.407956 , 0.286699
104.400326 , 0.288733
104.392696 , 0.294868
104.385067 , 0.303661
104.377437 , 0.312953
104.369807 , 0.326677
104.362178 , 0.341897
104.354548 , 0.359777
104.346918 , 0.383529
104.339289 , 0.407281
104.331659 , 0.4312
104.324029 , 0.455118
104.3164 , 0.479369
104.30877 , 0.50362
104.30114 , 0.527871
104.293511 , 0.552122
104.285881 , 0.561206
104.278251 , 0.57029
104.270622 , 0.579374
104.262992 , 0.588459
104.255362 , 0.597543
104.247733 , 0.606627
104.240103 , 0.615712
104.232473 , 0.624796
104.224844 , 0.629448
104.217214 , 0.6341
104.209584 , 0.638752
104.201955 , 0.643404
104.194325 , 0.648057
104.186695 , 0.652709
104.179066 , 0.657361
104.171436 , 0.662013
104.163806 , 0.671083
104.156177 , 0.680154
104.148547 , 0.689224
104.140917 , 0.698295
104.133288 , 0.707365
104.125658 , 0.716436
104.118028 , 0.72534
104.110399 , 0.734244
104.102769 , 0.723979
104.095139 , 0.711055
104.08751 , 0.701953
104.07988 , 0.688419
104.07225 , 0.678542
104.064621 , 0.666005
104.056991 , 0.656184
104.049361 , 0.643703
104.041732 , 0.629046
104.034102 , 0.614391
104.026472 , 0.59835
104.018843 , 0.584969
104.011213 , 0.562556
104.003583 , 0.544577
103.995954 , 0.532691
103.988324 , 0.525238
103.980694 , 0.528754
103.973065 , 0.536702
103.965435 , 0.551576
103.957805 , 0.569109
103.950176 , 0.590078
103.942546 , 0.611046
103.934916 , 0.632014
103.927287 , 0.652982
103.919657 , 0.668935
103.912027 , 0.682228
103.904398 , 0.688706
103.896768 , 0.690753
103.889138 , 0.687703
103.881509 , 0.681993
103.873879 , 0.673679
103.866249 , 0.662705
103.85862 , 0.656275
103.85099 , 0.649845
103.84336 , 0.643249
103.835731 , 0.636652
103.828101 , 0.629724
103.820471 , 0.622795
103.812842 , 0.615866
103.805212 , 0.608937
103.797582 , 0.596232
103.789953 , 0.583528
103.782323 , 0.570824
103.774693 , 0.558119
103.767064 , 0.545414
103.759434 , 0.53271
103.751804 , 0.520005
103.744175 , 0.507301
103.736545 , 0.489056
103.728915 , 0.470811
103.721286 , 0.452733
103.713656 , 0.434654
103.706026 , 0.410038
103.698396 , 0.388081
103.690767 , 0.373105
103.683137 , 0.362561
103.675507 , 0.362786
103.667878 , 0.36833
103.660248 , 0.380466
103.652618 , 0.395263
103.644989 , 0.402081
103.637359 , 0.411558
103.629729 , 0.419706
103.6221 , 0.427853
103.61447 , 0.44902
103.60684 , 0.470188
103.599211 , 0.491355
103.591581 , 0.512523
103.583951 , 0.533358
103.576322 , 0.554192
103.568692 , 0.574861
103.561062 , 0.59553
103.553433 , 0.615741
103.545803 , 0.633294
103.538173 , 0.649683
103.530544 , 0.660752
103.522914 , 0.667889
103.515284 , 0.669707
103.507655 , 0.666206
103.500025 , 0.657387
103.492395 , 0.639925
103.484766 , 0.617144
103.477136 , 0.589044
103.469506 , 0.555626
103.461877 , 0.517941
103.454247 , 0.474939
103.446617 , 0.430606
103.438988 , 0.383614
103.431358 , 0.332374
103.423728 , 0.278474
103.416099 , 0.220585
103.408469 , 0.162696
103.400839 , 0.107965
103.39321 , 0.053234
103.38558 , -0.001331
103.37795 , -0.055895
103.370321 , -0.111513
103.362691 , -0.164471
103.355061 , -0.210947
103.347432 , -0.252104
103.339802 , -0.292652
103.332172 , -0.327881
103.324543 , -0.357958
103.316913 , -0.382716
103.309283 , -0.399898
103.301654 , -0.414421
103.294024 , -0.426283
103.286394 , -0.435487
103.278765 , -0.448015
103.271135 , -0.460543
103.263505 , -0.472905
103.255876 , -0.485267
103.248246 , -0.491478
103.240616 , -0.497691
103.232987 , -0.499748
103.225357 , -0.499145
103.217727 , -0.493279
103.210098 , -0.482095
103.202468 , -0.465758
103.194838 , -0.444102
103.187209 , -0.410575
103.179579 , -0.371729
103.171949 , -0.327897
103.16432 , -0.278746
103.15669 , -0.236022
103.14906 , -0.193298
103.141431 , -0.153122
103.133801 , -0.118265
103.126171 , -0.08496
103.118542 , -0.060518
103.110912 , -0.044498
103.103282 , -0.037343
103.095653 , -0.039217
103.088023 , -0.046412
103.080393 , -0.060309
103.072764 , -0.076866
103.065134 , -0.091331
103.057504 , -0.105796
103.049875 , -0.121591
103.042245 , -0.134727
103.034615 , -0.147696
103.026986 , -0.155347
103.019356 , -0.158011
103.011726 , -0.155357
103.004097 , -0.150542
102.996467 , -0.143068
102.988837 , -0.131439
102.981208 , -0.11981
102.973578 , -0.110341
102.965948 , -0.100872
102.958319 , -0.091403
102.950689 , -0.081935
102.943059 , -0.079926
102.93543 , -0.077918
102.9278 , -0.07591
102.92017 , -0.073902
102.912541 , -0.080369
102.904911 , -0.086838
102.897281 , -0.097461
102.889652 , -0.110744
102.882022 , -0.12641
102.874392 , -0.147393
102.866763 , -0.173529
102.859133 , -0.204984
102.851503 , -0.243808
102.843874 , -0.28795
102.836244 , -0.338574
102.828614 , -0.391858
102.820985 , -0.444629
102.813355 , -0.4974
102.805725 , -0.547678
102.798096 , -0.592637
102.790466 , -0.630726
102.782836 , -0.663497
102.775207 , -0.685631
102.767577 , -0.6989
102.759947 , -0.708955
102.752318 , -0.710146
102.744688 , -0.702694
102.737058 , -0.686378
102.729429 , -0.66009
102.721799 , -0.628483
102.714169 , -0.591668
102.70654 , -0.549534
102.69891 , -0.509902
102.69128 , -0.47027
102.683651 , -0.430471
102.676021 , -0.390674
102.668391 , -0.348881
102.660762 , -0.309747
102.653132 , -0.267788
102.645502 , -0.228489
102.637873 , -0.201046
102.630243 , -0.176261
102.622613 , -0.147932
102.614984 , -0.124034
102.607354 , -0.113322
102.599724 , -0.107043
102.592095 , -0.096331
102.584465 , -0.090051
102.576835 , -0.095586
102.569206 , -0.105554
102.561576 , -0.111809
102.553946 , -0.120724
102.546317 , -0.138891
102.538687 , -0.157057
102.531057 , -0.17672
102.523428 , -0.193724
102.515798 , -0.201364
102.508168 , -0.206345
102.500539 , -0.213985
102.492909 , -0.218966
102.485279 , -0.216136
102.47765 , -0.210646
102.47002 , -0.206485
102.46239 , -0.202325
102.45476 , -0.192101
102.447131 , -0.181878
102.439501 , -0.171654
102.431871 , -0.161431
102.424242 , -0.151041
102.416612 , -0.140651
102.408982 , -0.131591
102.401353 , -0.119872
102.393723 , -0.100562
102.386093 , -0.078593
102.378464 , -0.059284
102.370834 , -0.037315
102.363204 , -0.007534
102.355575 , 0.024906
102.347945 , 0.056016
102.340315 , 0.087127
102.332686 , 0.114622
102.325056 , 0.142117
102.317426 , 0.171718
102.309797 , 0.196886
102.302167 , 0.218675
102.294537 , 0.234259
102.286908 , 0.239316
102.279278 , 0.236395
102.271648 , 0.226051
102.264019 , 0.207728
102.256389 , 0.179876
102.248759 , 0.144046
102.24113 , 0.098742
102.2335 , 0.049006
102.22587 , 0.001265
102.218241 , -0.046477
102.210611 , -0.096159
102.202981 , -0.145842
102.195352 , -0.196743
102.187722 , -0.244985
102.180092 , -0.279321
102.172463 , -0.309225
102.164833 , -0.342785
102.157203 , -0.373685
102.149574 , -0.3996
102.141944 , -0.422855
102.134314 , -0.44877
102.126685 , -0.472025
102.119055 , -0.487192
102.111425 , -0.499699
102.103796 , -0.515641
102.096166 , -0.527151
102.088536 , -0.522192
102.080907 , -0.511029
102.073277 , -0.506292
102.065647 , -0.49535
102.058018 , -0.472108
102.050388 , -0.444435
102.042758 , -0.420196
102.035129 , -0.393298
102.027499 , -0.354322
102.019869 , -0.312687
102.01224 , -0.273711
102.00461 , -0.232076
101.99698 , -0.182629
101.989351 , -0.130523
101.981721 , -0.079746
101.974091 , -0.02897
101.966462 , 0.019127
101.958832 , 0.067223
101.951202 , 0.117536
101.943573 , 0.163416
101.935943 , 0.196277
101.928313 , 0.224705
101.920684 , 0.257566
101.913054 , 0.285995
101.905424 , 0.302789
101.897795 , 0.31515
101.890165 , 0.331224
101.882535 , 0.344638
101.874906 , 0.348634
101.867276 , 0.35263
101.859646 , 0.35646
101.852017 , 0.36029
101.844387 , 0.358842
101.836757 , 0.357395
101.829128 , 0.355947
101.821498 , 0.3545
101.813868 , 0.353219
101.806239 , 0.351938
101.798609 , 0.349438
101.790979 , 0.349597
101.78335 , 0.360449
101.77572 , 0.375733
101.76809 , 0.386475
101.760461 , 0.401648
101.752831 , 0.429176
101.745201 , 0.461136
101.737572 , 0.490715
101.729942 , 0.520293
101.722312 , 0.552269
101.714683 , 0.581585
101.707053 , 0.605971
101.699423 , 0.621493
101.691794 , 0.627873
101.684164 , 0.621842
101.676534 , 0.603845
101.668905 , 0.573438
101.661275 , 0.532615
101.653645 , 0.482927
101.646016 , 0.422713
101.638386 , 0.35718
101.630756 , 0.287769
101.623127 , 0.218359
101.615497 , 0.156815
101.607867 , 0.100589
101.600238 , 0.052633
101.592608 , 0.013541
101.584978 , -0.011589
101.577349 , -0.024309
101.569719 , -0.026392
101.562089 , -0.016065
101.55446 , 0.001133
101.54683 , 0.027194
101.5392 , 0.060182
101.531571 , 0.098487
101.523941 , 0.143331
101.516311 , 0.190834
101.508682 , 0.238336
101.501052 , 0.283179
101.493422 , 0.321485
101.485793 , 0.354473
101.478163 , 0.380936
101.470533 , 0.398535
101.462904 , 0.407491
101.455274 , 0.407583
101.447644 , 0.40014
101.440015 , 0.383832
101.432385 , 0.364145
101.424755 , 0.339139
101.417126 , 0.303885
101.409496 , 0.26597
101.401866 , 0.229219
101.394237 , 0.192468
101.386607 , 0.155218
101.378977 , 0.117969
101.371348 , 0.07806
101.363718 , 0.043469
101.356088 , 0.020306
101.348459 , 0.002461
101.340829 , -0.020869
101.333199 , -0.03888
101.32557 , -0.043151
101.31794 , -0.044763
101.31031 , -0.049034
101.302681 , -0.050646
101.295051 , -0.051372
101.287421 , -0.052097
101.279792 , -0.052656
101.272162 , -0.053216
101.264532 , -0.053775
101.256903 , -0.054334
101.249273 , -0.054893
101.241643 , -0.055452
101.234014 , -0.064762
101.226384 , -0.074071
101.218754 , -0.083048
101.211125 , -0.092025
101.203495 , -0.093024
101.195865 , -0.088705
101.188235 , -0.090036
101.180606 , -0.086049
101.172976 , -0.062116
101.165346 , -0.032866
101.157717 , -0.008933
101.150087 , 0.020318
101.142457 , 0.06907
101.134828 , 0.123142
101.127198 , 0.171728
101.119568 , 0.225633
101.111939 , 0.289442
101.104309 , 0.355909
101.096679 , 0.421047
101.08905 , 0.486186
101.08142 , 0.557528
101.07379 , 0.626212
101.066161 , 0.688192
101.058531 , 0.744854
101.050901 , 0.793039
101.043272 , 0.832359
101.035642 , 0.863258
101.028012 , 0.885293
101.020383 , 0.897798
101.012753 , 0.904985
101.005123 , 0.906798
100.997494 , 0.903292
100.989864 , 0.892296
100.982234 , 0.878643
100.974605 , 0.866153
100.966975 , 0.853663
100.959345 , 0.840341
100.951716 , 0.82702
100.944086 , 0.813699
100.936456 , 0.800378
100.928827 , 0.778246
100.921197 , 0.756116
100.913567 , 0.73515
100.905938 , 0.711524
100.898308 , 0.681414
100.890678 , 0.645988
100.883049 , 0.616046
100.875419 , 0.580786
100.867789 , 0.53044
100.86016 , 0.474778
100.85253 , 0.424434
100.8449 , 0.368772
100.837271 , 0.300863
100.829641 , 0.227638
100.822011 , 0.158568
100.814382 , 0.086839
100.806752 , 0.014886
100.799122 , -0.057064
100.791493 , -0.130345
100.783863 , -0.200966
100.776233 , -0.264553
100.768604 , -0.322819
100.760974 , -0.386626
100.753344 , -0.445114
100.745715 , -0.490627
100.738085 , -0.531708
100.730455 , -0.568302
100.722826 , -0.600461
100.715196 , -0.625198
100.707566 , -0.645504
100.699937 , -0.661376
100.692307 , -0.672815
100.684677 , -0.682926
100.677048 , -0.688605
100.669418 , -0.689962
100.661788 , -0.686886
100.654159 , -0.673506
100.646529 , -0.657467
100.638899 , -0.638824
100.63127 , -0.61752
100.62364 , -0.605491
100.61601 , -0.593461
100.608381 , -0.579936
100.600751 , -0.569068
100.593121 , -0.555045
100.585492 , -0.54368
100.577862 , -0.529656
100.570232 , -0.51829
100.562603 , -0.523159
100.554973 , -0.530686
100.547343 , -0.536885
100.539714 , -0.543081
100.532084 , -0.549446
100.524454 , -0.55581
100.516825 , -0.562174
100.509195 , -0.568537
100.501565 , -0.581072
100.493936 , -0.593605
100.486306 , -0.606306
100.478676 , -0.619005
100.471047 , -0.630377
100.463417 , -0.644406
100.455787 , -0.655611
100.448158 , -0.669474
100.440528 , -0.701067
100.432898 , -0.735318
100.425269 , -0.766912
100.417639 , -0.801163
100.410009 , -0.832756
100.40238 , -0.867007
100.39475 , -0.898434
100.38712 , -0.932519
100.379491 , -0.976308
100.371861 , -1.020095
100.364231 , -1.063884
100.356602 , -1.107671
100.348972 , -1.154895
100.341342 , -1.199458
100.333713 , -1.242305
100.326083 , -1.280718
100.318453 , -1.306058
100.310824 , -1.325191
100.303194 , -1.338232
100.295564 , -1.345065
100.287935 , -1.348576
100.280305 , -1.345881
100.272675 , -1.339751
100.265046 , -1.329189
100.257416 , -1.312871
100.249786 , -1.293892
100.242157 , -1.276134
100.234527 , -1.258374
100.226897 , -1.239895
100.219268 , -1.221415
100.211638 , -1.202936
100.204008 , -1.184456
100.196379 , -1.171296
100.188749 , -1.158134
100.181119 , -1.144975
100.17349 , -1.131813
100.16586 , -1.118099
100.15823 , -1.104383
100.150601 , -1.090503
100.142971 , -1.076622
100.135341 , -1.060366
100.127712 , -1.04145
100.120082 , -1.017382
100.112452 , -0.988881
100.104823 , -0.95329
100.097193 , -0.913265
100.089563 , -0.86892
100.081934 , -0.820141
100.074304 , -0.766877
100.066674 , -0.710951
100.059045 , -0.650928
100.051415 , -0.590902
100.043785 , -0.530879
100.036156 , -0.470853
100.028526 , -0.414929
100.020896 , -0.361663
100.013267 , -0.307974
100.005637 , -0.258716
99.998007 , -0.213781
99.990378 , -0.173276
99.982748 , -0.140308
99.975118 , -0.111771
99.967489 , -0.087556
99.959859 , -0.067772
99.952229 , -0.048821
99.944599 , -0.032528
99.93697 , -0.020336
99.92934 , -0.008142
99.92171 , 0.006488
99.914081 , 0.02112
99.906451 , 0.03442
99.898821 , 0.050381
99.891192 , 0.078176
99.883562 , 0.108632
99.875932 , 0.13626
99.868303 , 0.16655
99.860673 , 0.194954
99.853043 , 0.22336
99.845414 , 0.251764
99.837784 , 0.28017
99.830154 , 0.314669
99.822525 , 0.34651
99.814895 , 0.373197
99.807265 , 0.395453
99.799636 , 0.411059
99.792006 , 0.422235
99.784376 , 0.428257
99.776747 , 0.431621
99.769117 , 0.440163
99.761487 , 0.448706
99.753858 , 0.457248
99.746228 , 0.46579
99.738598 , 0.472449
99.730969 , 0.481767
99.723339 , 0.48826
99.715709 , 0.497411
99.70808 , 0.525178
99.70045 , 0.555605
99.69282 , 0.583206
99.685191 , 0.613466
99.677561 , 0.641843
99.669931 , 0.670219
99.662302 , 0.698596
99.654672 , 0.726973
99.647042 , 0.756464
99.639413 , 0.783297
99.631783 , 0.804865
99.624153 , 0.822002
99.616524 , 0.834485
99.608894 , 0.840763
99.601264 , 0.840946
99.593635 , 0.834925
99.586005 , 0.819152
99.578375 , 0.797175
99.570746 , 0.769103
99.563116 , 0.734826
99.555486 , 0.695895
99.547857 , 0.652532
99.540227 , 0.603906
99.532597 , 0.55262
99.524968 , 0.498026
99.517338 , 0.443434
99.509708 , 0.387455
99.502079 , 0.334136
99.494449 , 0.293171
99.486819 , 0.25664
99.47919 , 0.224428
99.47156 , 0.196651
99.46393 , 0.17214
99.456301 , 0.152064
99.448671 , 0.135088
99.441041 , 0.118114
99.433412 , 0.098978
99.425782 , 0.079843
99.418152 , 0.060707
99.410523 , 0.041572
99.402893 , 0.026071
99.395263 , 0.010572
99.387634 , -0.004929
99.380004 , -0.020427
99.372374 , -0.035928
99.364745 , -0.051427
99.357115 , -0.066927
99.349485 , -0.082427
99.341856 , -0.095268
99.334226 , -0.108108
99.326596 , -0.120949
99.318967 , -0.133788
99.311337 , -0.14663
99.303707 , -0.159469
99.296078 , -0.17231
99.288448 , -0.18515
99.280818 , -0.196061
99.273189 , -0.206972
99.265559 , -0.217883
99.257929 , -0.228794
99.2503 , -0.239372
99.24267 , -0.24995
99.23504 , -0.260363
99.227411 , -0.270775
99.219781 , -0.278306
99.212151 , -0.283178
99.204522 , -0.285446
99.196892 , -0.285055
99.189262 , -0.274913
99.181633 , -0.260338
99.174003 , -0.241553
99.166373 , -0.218336
99.158744 , -0.198062
99.151114 , -0.175129
99.143484 , -0.153415
99.135855 , -0.131701
99.128225 , -0.106994
99.120595 , -0.082288
99.112966 , -0.061682
99.105336 , -0.043735
99.097706 , -0.027284
99.090077 , -0.015265
99.082447 , -0.007567
99.074817 , -0.004302
99.067188 , -0.010122
99.059558 , -0.020375
99.051928 , -0.032235
99.044299 , -0.046754
99.036669 , -0.06073
99.029039 , -0.074703
99.02141 , -0.089952
99.01378 , -0.102541
99.00615 , -0.105103
98.998521 , -0.101459
98.990891 , -0.09283
98.983261 , -0.076221
98.975632 , -0.050529
98.968002 , -0.018629
98.960372 , 0.017646
98.952743 , 0.056582
98.945113 , 0.092137
98.937483 , 0.127694
98.929854 , 0.160201
98.922224 , 0.188278
98.914594 , 0.211956
98.906965 , 0.22943
98.899335 , 0.240808
98.891705 , 0.245984
98.884076 , 0.247833
98.876446 , 0.243478
98.868816 , 0.235854
98.861187 , 0.223798
98.853557 , 0.209747
98.845927 , 0.195697
98.838298 , 0.181535
98.830668 , 0.167374
98.823038 , 0.147117
98.815409 , 0.129522
98.807779 , 0.117132
98.800149 , 0.109177
98.79252 , 0.105754
98.78489 , 0.107652
98.77726 , 0.114645
98.769631 , 0.126958
98.762001 , 0.150959
98.754371 , 0.177622
98.746742 , 0.203119
98.739112 , 0.228618
98.731482 , 0.249185
98.723853 , 0.269753
98.716223 , 0.290319
98.708593 , 0.310888
98.700963 , 0.331454
98.693334 , 0.352023
98.685704 , 0.372589
98.678074 , 0.393157
98.670445 , 0.397387
98.662815 , 0.401618
98.655185 , 0.405848
98.647556 , 0.410079
98.639926 , 0.414309
98.632296 , 0.41854
98.624667 , 0.42277
98.617037 , 0.427001
98.609407 , 0.432561
98.601778 , 0.438122
98.594148 , 0.443681
98.586518 , 0.449242
98.578889 , 0.45397
98.571259 , 0.458701
98.563629 , 0.464592
98.556 , 0.467826
98.54837 , 0.469222
98.54074 , 0.465301
98.533111 , 0.456225
98.525481 , 0.441832
98.517851 , 0.422784
98.510222 , 0.398419
98.502592 , 0.368733
98.494962 , 0.333731
98.487333 , 0.284322
98.479703 , 0.229597
98.472073 , 0.169716
98.464444 , 0.104519
98.456814 , 0.049459
98.449184 , -0.008258
98.441555 , -0.064481
98.433925 , -0.120703
98.426295 , -0.185216
98.418666 , -0.244409
98.411036 , -0.300389
98.403406 , -0.347504
98.395777 , -0.38354
98.388147 , -0.41071
98.380517 , -0.429239
98.372888 , -0.438901
98.365258 , -0.431502
98.357628 , -0.418782
98.349999 , -0.400689
98.342369 , -0.377276
98.334739 , -0.362896
98.32711 , -0.345854
98.31948 , -0.329978
98.31185 , -0.3141
98.304221 , -0.288327
98.296591 , -0.262555
98.288961 , -0.236782
98.281332 , -0.21101
98.273702 , -0.185236
98.266072 , -0.159464
98.258443 , -0.133691
98.250813 , -0.107919
98.243183 , -0.087021
98.235554 , -0.066124
98.227924 , -0.045227
98.220294 , -0.02433
98.212665 , -0.003433
98.205035 , 0.017465
98.197405 , 0.038362
98.189776 , 0.059259
98.182146 , 0.077629
98.174516 , 0.095998
98.166887 , 0.113204
98.159257 , 0.133069
98.151627 , 0.164071
98.143998 , 0.20039
98.136368 , 0.241863
98.128738 , 0.288654
98.121109 , 0.342592
98.113479 , 0.401849
98.105849 , 0.45695
98.09822 , 0.514711
98.09059 , 0.571142
98.08296 , 0.627573
98.075331 , 0.685334
98.067701 , 0.740436
98.060071 , 0.794766
98.052442 , 0.843779
98.044812 , 0.887417
98.037182 , 0.925737
98.029553 , 0.950981
98.021923 , 0.967361
98.014293 , 0.97532
98.006664 , 0.974415
97.999034 , 0.971515
97.991404 , 0.963296
97.983775 , 0.949704
97.976145 , 0.930792
97.968515 , 0.899637
97.960886 , 0.865822
97.953256 , 0.833171
97.945626 , 0.80052
97.937997 , 0.766837
97.930367 , 0.733153
97.922737 , 0.698307
97.915108 , 0.66612
97.907478 , 0.645068
97.899848 , 0.629336
97.892219 , 0.618589
97.884589 , 0.613162
97.876959 , 0.613551
97.86933 , 0.6166
97.8617 , 0.618485
97.85407 , 0.620371
97.846441 , 0.623087
97.838811 , 0.625804
97.831181 , 0.62852
97.823552 , 0.631237
97.815922 , 0.647851
97.808292 , 0.664464
97.800663 , 0.681244
97.793033 , 0.698025
97.785403 , 0.707658
97.777774 , 0.71995
97.770144 , 0.738725
97.762514 , 0.762818
97.754885 , 0.80054
97.747255 , 0.843582
97.739625 , 0.882467
97.731996 , 0.924012
97.724366 , 0.963618
97.716736 , 1.003224
97.709107 , 1.045656
97.701477 , 1.082769
97.693847 , 1.112118
97.686218 , 1.136149
97.678588 , 1.149543
97.670958 , 1.154072
97.663329 , 1.15151
97.655699 , 1.140083
97.648069 , 1.119792
97.64044 , 1.090636
97.63281 , 1.048405
97.62518 , 0.99731
97.617551 , 0.942669
97.609921 , 0.88271
97.602291 , 0.817597
97.594662 , 0.747167
97.587032 , 0.670088
97.579402 , 0.59035
97.571773 , 0.508902
97.564143 , 0.424798
97.556513 , 0.342021
97.548884 , 0.259245
97.541254 , 0.176469
97.533624 , 0.093694
97.525995 , 0.009753
97.518365 , -0.071526
97.510735 , -0.141006
97.503106 , -0.205166
97.495476 , -0.263954
97.487846 , -0.31742
97.480217 , -0.371997
97.472587 , -0.417708
97.464957 , -0.454778
97.457328 , -0.482981
97.449698 , -0.500085
97.442068 , -0.508323
97.434438 , -0.513017
97.426809 , -0.51239
97.419179 , -0.506446
97.411549 , -0.495182
97.40392 , -0.478933
97.39629 , -0.457365
97.38866 , -0.42865
97.381031 , -0.399934
97.373401 , -0.369724
97.365771 , -0.342172
97.358142 , -0.326422
97.350512 , -0.315989
97.342882 , -0.308937
97.335253 , -0.310748
97.327623 , -0.317426
97.319993 , -0.332968
97.312364 , -0.357375
97.304734 , -0.390646
97.297104 , -0.434998
97.289475 , -0.488214
97.281845 , -0.544809
97.274215 , -0.606723
97.266586 , -0.668471
97.258956 , -0.732879
97.251326 , -0.79579
97.243697 , -0.858702
97.236067 , -0.929979
97.228437 , -0.995938
97.220808 , -1.056689
97.213178 , -1.112121
97.205548 , -1.154277
97.197919 , -1.187569
97.190289 , -1.210445
97.182659 , -1.228003
97.17503 , -1.244673
97.1674 , -1.256026
97.15977 , -1.262226
97.152141 , -1.263107
97.144511 , -1.256176
97.136881 , -1.246587
97.129252 , -1.23816
97.121622 , -1.229734
97.113992 , -1.220476
97.106363 , -1.211219
97.098733 , -1.201795
97.091103 , -1.192371
97.083474 , -1.176816
97.075844 , -1.158598
97.068214 , -1.144538
97.060585 , -1.125158
97.052955 , -1.095973
97.045325 , -1.061467
97.037696 , -1.021645
97.030066 , -0.976502
97.022436 , -0.926873
97.014807 , -0.871924
97.007177 , -0.821132
96.999547 , -0.767679
96.991918 , -0.715723
96.984288 , -0.663765
96.976658 , -0.608984
96.969029 , -0.55952
96.961399 , -0.518597
96.953769 , -0.48299
96.94614 , -0.452703
96.93851 , -0.427734
96.93088 , -0.40659
96.923251 , -0.390762
96.915621 , -0.381418
96.907991 , -0.374731
96.900362 , -0.369986
96.892732 , -0.365238
96.885102 , -0.360659
96.877473 , -0.356078
96.869843 , -0.352163
96.862213 , -0.348247
96.854584 , -0.344499
96.846954 , -0.340749
96.839324 , -0.346543
96.831695 , -0.354998
96.824065 , -0.360626
96.816435 , -0.368914
96.808806 , -0.374543
96.801176 , -0.382831
96.793546 , -0.388293
96.785917 , -0.396415
96.778287 , -0.414342
96.770657 , -0.432271
96.763028 , -0.451583
96.755398 , -0.468237
96.747768 , -0.473312
96.740139 , -0.473954
96.732509 , -0.468502
96.724879 , -0.458618
96.71725 , -0.44079
96.70962 , -0.41853
96.70199 , -0.399983
96.694361 , -0.378776
96.686731 , -0.358206
96.679101 , -0.337636
96.671472 , -0.316318
96.663842 , -0.296329
96.656212 , -0.282602
96.648583 , -0.271533
96.640953 , -0.258304
96.633323 , -0.246405
96.625694 , -0.23384
96.618064 , -0.221276
96.610434 , -0.209377
96.602805 , -0.196147
96.595175 , -0.172645
96.587545 , -0.146482
96.579916 , -0.123063
96.572286 , -0.096983
96.564656 , -0.073564
96.557027 , -0.047485
96.549397 , -0.024231
96.541767 , 0.001682
96.534138 , 0.032387
96.526508 , 0.063092
96.518878 , 0.094545
96.511249 , 0.124669
96.503619 , 0.15687
96.495989 , 0.186412
96.48836 , 0.218696
96.48073 , 0.248321
96.4731 , 0.256248
96.465471 , 0.261517
96.457841 , 0.269445
96.450211 , 0.274713
96.442582 , 0.282641
96.434952 , 0.28791
96.427322 , 0.295837
96.419693 , 0.301105
96.412063 , 0.286872
96.404433 , 0.26998
96.396804 , 0.25583
96.389174 , 0.23902
96.381544 , 0.224371
96.373915 , 0.208393
96.366285 , 0.192414
96.358655 , 0.177765
96.351026 , 0.167999
96.343396 , 0.160892
96.335766 , 0.150959
96.328137 , 0.143686
96.320507 , 0.133587
96.312877 , 0.124818
96.305248 , 0.115938
96.297618 , 0.105728
96.289988 , 0.101003
96.282359 , 0.091846
96.274729 , 0.076678
96.267099 , 0.057077
96.25947 , 0.026729
96.25184 , -0.008052
96.24421 , -0.039038
96.236581 , -0.072682
96.228951 , -0.111349
96.221321 , -0.148685
96.213692 , -0.188154
96.206062 , -0.224964
96.198432 , -0.250222
96.190802 , -0.271049
96.183173 , -0.284894
96.175543 , -0.29608
96.167913 , -0.307017
96.160284 , -0.315295
96.152654 , -0.32565
96.145024 , -0.334675
96.137395 , -0.343617
96.129765 , -0.35256
96.122135 , -0.361336
96.114506 , -0.370112
96.106876 , -0.365524
96.099246 , -0.359605
96.091617 , -0.355654
96.083987 , -0.349042
96.076357 , -0.351379
96.068728 , -0.349282
96.061098 , -0.341093
96.053468 , -0.32847
96.045839 , -0.30089
96.038209 , -0.268876
96.030579 , -0.229772
96.02295 , -0.188007
96.01532 , -0.154277
96.00769 , -0.117886
96.000061 , -0.08291
95.992431 , -0.047931
95.984801 , -0.004846
95.977172 , 0.036912
95.969542 , 0.080636
95.961912 , 0.121701
95.954283 , 0.151103
95.946653 , 0.176074
95.939023 , 0.194949
95.931394 , 0.209394
95.923764 , 0.215304
95.916134 , 0.216784
95.908505 , 0.221892
95.900875 , 0.224342
95.893245 , 0.228092
95.885616 , 0.230514
95.877986 , 0.233516
95.870356 , 0.23652
95.862727 , 0.238752
95.855097 , 0.240983
95.847467 , 0.243215
95.839838 , 0.245447
95.832208 , 0.247678
95.824578 , 0.24991
95.816949 , 0.252142
95.809319 , 0.254374
95.801689 , 0.25799
95.79406 , 0.261607
95.78643 , 0.266387
95.7788 , 0.268508
95.771171 , 0.259659
95.763541 , 0.245492
95.755911 , 0.225008
95.748282 , 0.201866
95.740652 , 0.184824
95.733022 , 0.167782
95.725393 , 0.150575
95.717763 , 0.133367
95.710133 , 0.115495
95.702504 , 0.097622
95.694874 , 0.07975
95.687244 , 0.061877
95.679615 , 0.041345
95.671985 , 0.020813
95.664355 , 0.000281
95.656726 , -0.020251
95.649096 , -0.040783
95.641466 , -0.061315
95.633837 , -0.08168
95.626207 , -0.102046
95.618577 , -0.1262
95.610948 , -0.147695
95.603318 , -0.173344
95.595688 , -0.193675
95.588059 , -0.2042
95.580429 , -0.209406
95.572799 , -0.209626
95.56517 , -0.204527
95.55754 , -0.19965
95.54991 , -0.194773
95.542281 , -0.189563
95.534651 , -0.184354
95.527021 , -0.178479
95.519392 , -0.172605
95.511762 , -0.16673
95.504132 , -0.160856
95.496503 , -0.161664
95.488873 , -0.162473
95.481243 , -0.163281
95.473614 , -0.16409
95.465984 , -0.164899
95.458354 , -0.165707
95.450725 , -0.166516
95.443095 , -0.167324
95.435465 , -0.170792
95.427836 , -0.17426
95.420206 , -0.177728
95.412576 , -0.181196
95.404947 , -0.184664
95.397317 , -0.188131
95.389687 , -0.191599
95.382058 , -0.195067
95.374428 , -0.188187
95.366798 , -0.181305
95.359169 , -0.174425
95.351539 , -0.167542
95.343909 , -0.160662
95.33628 , -0.15378
95.32865 , -0.1469
95.32102 , -0.140018
95.313391 , -0.123386
95.305761 , -0.106753
95.298131 , -0.089956
95.290502 , -0.073157
95.282872 , -0.057523
95.275242 , -0.039228
95.267613 , -0.02509
95.259983 , -0.005631
95.252353 , 0.033805
95.244724 , 0.078562
95.237094 , 0.119328
95.229464 , 0.162755
95.221835 , 0.203521
95.214205 , 0.246948
95.206575 , 0.289043
95.198946 , 0.331141
95.191316 , 0.3785
95.183686 , 0.42586
95.176057 , 0.473053
95.168427 , 0.520248
95.160797 , 0.573479
95.153168 , 0.624053
95.145538 , 0.667922
95.137908 , 0.706473
95.130279 , 0.726243
95.122649 , 0.737151
95.115019 , 0.739414
95.10739 , 0.732814
95.09976 , 0.719121
95.09213 , 0.696565
95.084501 , 0.663537
95.076871 , 0.625191
95.069241 , 0.583242
95.061612 , 0.538636
95.053982 , 0.495192
95.046352 , 0.451749
95.038723 , 0.407031
95.031093 , 0.362314
95.023463 , 0.317595
95.015834 , 0.272878
95.008204 , 0.238997
95.000574 , 0.205119
94.992945 , 0.171238
94.985315 , 0.13736
94.977685 , 0.103479
94.970056 , 0.0696
94.962426 , 0.03572
94.954796 , 0.001841
94.947166 , -0.024062
94.939537 , -0.049962
94.931907 , -0.075865
94.924277 , -0.101766
94.916648 , -0.127668
94.909018 , -0.153569
94.901388 , -0.179637
94.893759 , -0.205705
94.886129 , -0.249635
94.878499 , -0.296226
94.87087 , -0.33999
94.86324 , -0.386415
94.85561 , -0.430013
94.847981 , -0.476271
94.840351 , -0.521199
94.832721 , -0.566127
94.825092 , -0.606623
94.817462 , -0.647119
94.809832 , -0.688834
94.802203 , -0.727889
94.794573 , -0.770657
94.786943 , -0.808991
94.779314 , -0.851981
94.771684 , -0.890538
94.764054 , -0.910347
94.756425 , -0.927498
94.748795 , -0.945868
94.741165 , -0.964237
94.733536 , -0.98244
94.725906 , -1.000644
94.718276 , -1.018681
94.710647 , -1.036717
94.703017 , -1.051098
94.695387 , -1.062819
94.687758 , -1.078252
94.680128 , -1.089253
94.672498 , -1.083522
94.664869 , -1.073359
94.657239 , -1.067629
94.649609 , -1.057466
94.64198 , -1.027865
94.63435 , -0.993833
94.62672 , -0.964343
94.619091 , -0.93042
94.611461 , -0.90021
94.603831 , -0.867341
94.596202 , -0.83569
94.588572 , -0.80404
94.580942 , -0.775492
94.573313 , -0.746944
94.565683 , -0.717066
94.558053 , -0.689848
94.550424 , -0.659804
94.542794 , -0.63242
94.535164 , -0.60221
94.527535 , -0.574659
94.519905 , -0.552281
94.512275 , -0.529904
94.504646 , -0.507526
94.497016 , -0.485149
94.489386 , -0.464101
94.481757 , -0.440394
94.474127 , -0.419679
94.466497 , -0.396304
94.458868 , -0.362735
94.451238 , -0.329166
94.443608 , -0.295431
94.435979 , -0.261696
94.428349 , -0.227961
94.420719 , -0.194226
94.41309 , -0.160657
94.40546 , -0.127088
94.39783 , -0.104465
94.390201 , -0.084499
94.382571 , -0.061709
94.374941 , -0.041577
94.367312 , -0.018788
94.359682 , 0.001344
94.352052 , 0.024134
94.344423 , 0.044266
94.336793 , 0.043564
94.329163 , 0.040205
94.321534 , 0.039505
94.313904 , 0.036146
94.306274 , 0.035334
94.298645 , 0.031864
94.291015 , 0.031939
94.283385 , 0.027583
94.275756 , 0.004935
94.268126 , -0.022143
94.260496 , -0.044791
94.252867 , -0.071869
94.245237 , -0.115514
94.237607 , -0.16359
94.229978 , -0.209285
94.222348 , -0.254978
94.214718 , -0.29951
94.207089 , -0.341381
94.199459 , -0.386854
94.191829 , -0.427894
94.1842 , -0.453201
94.17657 , -0.472301
94.16894 , -0.496943
94.161311 , -0.517151
94.153681 , -0.531149
94.146051 , -0.542487
94.138422 , -0.555045
94.130792 , -0.567602
94.123162 , -0.580159
94.115533 , -0.592717
94.107903 , -0.603944
94.100273 , -0.617832
94.092644 , -0.641137
94.085014 , -0.667102
94.077384 , -0.691737
94.069755 , -0.716372
94.062125 , -0.740509
94.054495 , -0.764645
94.046866 , -0.788616
94.039236 , -0.812586
94.031606 , -0.834984
94.023977 , -0.854723
94.016347 , -0.867315
94.008717 , -0.875475
94.001088 , -0.883967
93.993458 , -0.884481
93.985828 , -0.875466
93.978199 , -0.858473
93.970569 , -0.824638
93.962939 , -0.782824
93.95531 , -0.736856
93.94768 , -0.686455
93.94005 , -0.642924
93.932421 , -0.599393
93.924791 , -0.555585
93.917161 , -0.511777
93.909532 , -0.465637
93.901902 , -0.419497
93.894272 , -0.373357
93.886643 , -0.327217
93.879013 , -0.281741
93.871383 , -0.236266
93.863754 , -0.190957
93.856124 , -0.145648
93.848494 , -0.098344
93.840865 , -0.0537
93.833235 , -0.015206
93.825605 , 0.017084
93.817976 , 0.035965
93.810346 , 0.04687
93.802716 , 0.049131
93.795087 , 0.041641
93.787457 , 0.023867
93.779827 , -0.001885
93.772198 , -0.038994
93.764568 , -0.080536
93.756938 , -0.109834
93.749309 , -0.139131
93.741679 , -0.170701
93.734049 , -0.197837
93.72642 , -0.221705
93.71879 , -0.237596
93.71116 , -0.244178
93.703531 , -0.242783
93.695901 , -0.236401
93.688271 , -0.225587
93.680641 , -0.218264
93.673012 , -0.208281
93.665382 , -0.19001
93.657752 , -0.171739
93.650123 , -0.152083
93.642493 , -0.135087
93.634863 , -0.135653
93.627234 , -0.140651
93.619604 , -0.141107
93.611974 , -0.145994
93.604345 , -0.164511
93.596715 , -0.187459
93.589085 , -0.206697
93.581456 , -0.228593
93.573826 , -0.249104
93.566196 , -0.269615
93.558567 , -0.291511
93.550937 , -0.310748
93.543307 , -0.322762
93.535678 , -0.330343
93.528048 , -0.343465
93.520418 , -0.350382
93.512789 , -0.341564
93.505159 , -0.328314
93.497529 , -0.318666
93.4899 , -0.306357
93.48227 , -0.295877
93.47464 , -0.285398
93.467011 , -0.273422
93.459381 , -0.264106
93.451751 , -0.251964
93.444122 , -0.242482
93.436492 , -0.230174
93.428862 , -0.220525
93.421233 , -0.225476
93.413603 , -0.230428
93.405973 , -0.235546
93.398344 , -0.240664
93.390714 , -0.245781
93.383084 , -0.250899
93.375455 , -0.256017
93.367825 , -0.261135
93.360195 , -0.27617
93.352566 , -0.291205
93.344936 , -0.30491
93.337306 , -0.321275
93.329677 , -0.334814
93.322047 , -0.351012
93.314417 , -0.364385
93.306788 , -0.380417
93.299158 , -0.408811
93.291528 , -0.437205
93.283899 , -0.465765
93.276269 , -0.494325
93.268639 , -0.522885
93.26101 , -0.551445
93.25338 , -0.579839
93.24575 , -0.608233
93.238121 , -0.626433
93.230491 , -0.641973
93.222861 , -0.660339
93.215232 , -0.676046
93.207602 , -0.694412
93.199972 , -0.710119
93.192343 , -0.728485
93.184713 , -0.744191
93.177083 , -0.739271
93.169454 , -0.731691
93.161824 , -0.726937
93.154194 , -0.719523
93.146565 , -0.713439
93.138935 , -0.707355
93.131305 , -0.701105
93.123676 , -0.694855
93.116046 , -0.691264
93.108416 , -0.687674
93.100787 , -0.684083
93.093157 , -0.680492
93.085527 , -0.676901
93.077898 , -0.67331
93.070268 , -0.66972
93.062638 , -0.666129
93.055009 , -0.678639
93.047379 , -0.69115
93.039749 , -0.702442
93.03212 , -0.716393
93.02449 , -0.726632
93.01686 , -0.741303
93.009231 , -0.751321
93.001601 , -0.76577
92.993971 , -0.799999
92.986342 , -0.836887
92.978712 , -0.872556
92.971082 , -0.908225
92.963453 , -0.942675
92.955823 , -0.977125
92.948193 , -1.013736
92.940564 , -1.045915
92.932934 , -1.069466
92.925304 , -1.087698
92.917675 , -1.095349
92.910045 , -1.094136
92.902415 , -1.082728
92.894786 , -1.062456
92.887156 , -1.03897
92.879526 , -1.010166
92.871897 , -0.974658
92.864267 , -0.93915
92.856637 , -0.902146
92.849008 , -0.867802
92.841378 , -0.849912
92.833748 , -0.83734
92.826119 , -0.819284
92.818489 , -0.806547
92.810859 , -0.814981
92.80323 , -0.828732
92.7956 , -0.838329
92.78797 , -0.850585
92.780341 , -0.860238
92.772711 , -0.86989
92.765081 , -0.882368
92.757452 , -0.889526
92.749822 , -0.89458
92.742192 , -0.894315
92.734563 , -0.883635
92.726933 , -0.864089
92.719303 , -0.832356
92.711674 , -0.795304
92.704044 , -0.752877
92.696414 , -0.705132
92.688785 , -0.659839
92.681155 , -0.611886
92.673525 , -0.565263
92.665896 , -0.51864
92.658266 , -0.470022
92.650636 , -0.424064
92.643007 , -0.37395
92.635377 , -0.329155
92.627747 , -0.308128
92.620118 , -0.29242
92.612488 , -0.271393
92.604858 , -0.255685
92.597229 , -0.255932
92.589599 , -0.261498
92.581969 , -0.26158
92.57434 , -0.26698
92.56671 , -0.281528
92.55908 , -0.298736
92.551451 , -0.31478
92.543821 , -0.330825
92.536191 , -0.347035
92.528562 , -0.363245
92.520932 , -0.379456
92.513302 , -0.395667
92.505673 , -0.419412
92.498043 , -0.443157
92.490413 , -0.466902
92.482784 , -0.490648
92.475154 , -0.514393
92.467524 , -0.538138
92.459895 , -0.561883
92.452265 , -0.585629
92.444635 , -0.624679
92.437005 , -0.663727
92.429376 , -0.702778
92.421746 , -0.741826
92.414116 , -0.780877
92.406487 , -0.819925
92.398857 , -0.858975
92.391227 , -0.898024
92.383598 , -0.930703
92.375968 , -0.96338
92.368338 , -0.997222
92.360709 , -1.028404
92.353079 , -1.063742
92.345449 , -1.09376
92.33782 , -1.129264
92.33019 , -1.159449
92.32256 , -1.161303
92.314931 , -1.157836
92.307301 , -1.159857
92.299671 , -1.156557
92.292042 , -1.157414
92.284412 , -1.15561
92.276782 , -1.154971
92.269153 , -1.154331
92.261523 , -1.138456
92.253893 , -1.12258
92.246264 , -1.106539
92.238634 , -1.090497
92.231004 , -1.075619
92.223375 , -1.058081
92.215745 , -1.044865
92.208115 , -1.02633
92.200486 , -0.990874
92.192856 , -0.952758
92.185226 , -0.915806
92.177597 , -0.878854
92.169967 , -0.841903
92.162337 , -0.804951
92.154708 , -0.766835
92.147078 , -0.73138
92.139448 , -0.705508
92.131819 , -0.684956
92.124189 , -0.658918
92.116559 , -0.638199
92.10893 , -0.63327
92.1013 , -0.633659
92.09367 , -0.63006
92.086041 , -0.62912
92.078411 , -0.635181
92.070781 , -0.643902
92.063152 , -0.651293
92.055522 , -0.658684
92.047892 , -0.666241
92.040263 , -0.673799
92.032633 , -0.681356
92.025003 , -0.688913
92.017374 , -0.696747
92.009744 , -0.704582
92.002114 , -0.71358
91.994485 , -0.719918
91.986855 , -0.709137
91.979225 , -0.693037
91.971596 , -0.682367
91.963966 , -0.666378
91.956336 , -0.634464
91.948707 , -0.596344
91.941077 , -0.564597
91.933447 , -0.526642
91.925818 , -0.472844
91.918188 , -0.414613
91.910558 , -0.359984
91.902929 , -0.302694
91.895299 , -0.240586
91.887669 , -0.178476
91.88004 , -0.115093
91.87241 , -0.054368
91.86478 , -0.010322
91.857151 , 0.027522
91.849521 , 0.07168
91.841891 , 0.109634
91.834262 , 0.12492
91.826632 , 0.13223
91.819002 , 0.14674
91.811373 , 0.155047
91.803743 , 0.148283
91.796113 , 0.135315
91.788484 , 0.127664
91.780854 , 0.115583
91.773224 , 0.085937
91.765595 , 0.051861
91.757965 , 0.019999
91.750335 , -0.011861
91.742706 , -0.044
91.735076 , -0.076137
91.727446 , -0.108109
91.719817 , -0.14008
91.712187 , -0.162802
91.704557 , -0.182865
91.696928 , -0.205753
91.689298 , -0.225982
91.681668 , -0.248759
91.674039 , -0.268878
91.666409 , -0.292542
91.658779 , -0.311773
91.65115 , -0.311171
91.64352 , -0.306136
91.63589 , -0.305644
91.628261 , -0.30072
91.620631 , -0.278234
91.613001 , -0.253088
91.605372 , -0.229161
91.597742 , -0.205234
91.590112 , -0.189596
91.582483 , -0.173959
91.574853 , -0.156991
91.567223 , -0.142684
91.559594 , -0.125551
91.551964 , -0.111077
91.544334 , -0.093777
91.536705 , -0.079137
91.529075 , -0.069816
91.521445 , -0.060494
91.513816 , -0.051172
91.506186 , -0.041851
91.498556 , -0.033859
91.490927 , -0.023208
91.483297 , -0.015382
91.475667 , -0.004897
91.468038 , 0.024765
91.460408 , 0.05709
91.452778 , 0.086586
91.445149 , 0.118744
91.437519 , 0.149737
91.429889 , 0.180731
91.42226 , 0.21056
91.41463 , 0.243051
91.407 , 0.291772
91.399371 , 0.343154
91.391741 , 0.391876
91.384111 , 0.443259
91.376482 , 0.491149
91.368852 , 0.541701
91.361222 , 0.590755
91.353593 , 0.63981
91.345963 , 0.692348
91.338333 , 0.742228
91.330704 , 0.786067
91.323074 , 0.823702
91.315444 , 0.86178
91.307815 , 0.893653
91.300185 , 0.914113
91.292555 , 0.928369
91.284926 , 0.931874
91.277296 , 0.93095
91.269666 , 0.922987
91.262037 , 0.912367
91.254407 , 0.90784
91.246777 , 0.903314
91.239148 , 0.898621
91.231518 , 0.893929
91.223888 , 0.888873
91.216259 , 0.88382
91.208629 , 0.878764
91.200999 , 0.87371
91.193369 , 0.868655
91.18574 , 0.863601
91.17811 , 0.858545
91.17048 , 0.853492
91.162851 , 0.842231
91.155221 , 0.830972
91.147591 , 0.819712
91.139962 , 0.808453
91.132332 , 0.797192
91.124702 , 0.785933
91.117073 , 0.774673
91.109443 , 0.763414
91.101813 , 0.752936
91.094184 , 0.742459
91.086554 , 0.731981
91.078924 , 0.721505
91.071295 , 0.711027
91.063665 , 0.700551
91.056035 , 0.690073
91.048406 , 0.679596
91.040776 , 0.669118
91.033146 , 0.658642
91.025517 , 0.648164
91.017887 , 0.637688
91.010257 , 0.627043
91.002628 , 0.616401
90.994998 , 0.607253
90.987368 , 0.595447
90.979739 , 0.565337
90.972109 , 0.535227
90.964479 , 0.504785
90.95685 , 0.474343
90.94922 , 0.445065
90.94159 , 0.413126
90.933961 , 0.38551
90.926331 , 0.352575
90.918701 , 0.302243
90.911072 , 0.249252
90.903442 , 0.197425
90.895812 , 0.145597
90.888183 , 0.095044
90.880553 , 0.044491
90.872923 , -0.008722
90.865294 , -0.056616
90.857664 , -0.100403
90.850034 , -0.138872
90.842405 , -0.166703
90.834775 , -0.185669
90.827145 , -0.194442
90.819516 , -0.19435
90.811886 , -0.190713
90.804256 , -0.181756
90.796627 , -0.162551
90.788997 , -0.138027
90.781367 , -0.117658
90.773738 , -0.094629
90.766108 , -0.072099
90.758478 , -0.049569
90.750849 , -0.026873
90.743219 , -0.004177
90.735589 , 0.019174
90.72796 , 0.042524
90.72033 , 0.067038
90.7127 , 0.088892
90.705071 , 0.093628
90.697441 , 0.093044
90.689811 , 0.097946
90.682182 , 0.097528
90.674552 , 0.079382
90.666922 , 0.055918
90.659293 , 0.037771
90.651663 , 0.014307
90.644033 , -0.024948
90.636404 , -0.069521
90.628774 , -0.109939
90.621144 , -0.153017
90.613515 , -0.196336
90.605885 , -0.239656
90.598255 , -0.282976
90.590626 , -0.326295
90.582996 , -0.370779
90.575366 , -0.412602
90.567737 , -0.458581
90.560107 , -0.499242
90.552477 , -0.516301
90.544848 , -0.528041
90.537218 , -0.54377
90.529588 , -0.55684
90.521959 , -0.572403
90.514329 , -0.585307
90.506699 , -0.60087
90.49907 , -0.613773
90.49144 , -0.611479
90.48381 , -0.606526
90.476181 , -0.605562
90.468551 , -0.599278
90.460921 , -0.577206
90.453292 , -0.549814
90.445662 , -0.527908
90.438032 , -0.500682
90.430403 , -0.461657
90.422773 , -0.419971
90.415143 , -0.379449
90.407514 , -0.338927
90.399884 , -0.298239
90.392254 , -0.257551
90.384625 , -0.217029
90.376995 , -0.176507
90.369365 , -0.142987
90.361736 , -0.112126
90.354106 , -0.07711
90.346476 , -0.047412
90.338847 , -0.028851
90.331217 , -0.015607
90.323587 , -0.00591
90.315958 , -0.005077
90.308328 , -0.012223
90.300698 , -0.028232
90.293069 , -0.053106
90.285439 , -0.086845
90.277809 , -0.131664
90.27018 , -0.185348
90.26255 , -0.242244
90.25492 , -0.30446
90.247291 , -0.368552
90.239661 , -0.432644
90.232031 , -0.499507
90.224402 , -0.56105
90.216772 , -0.607414
90.209142 , -0.644913
90.201513 , -0.66845
90.193883 , -0.679578
90.186253 , -0.686938
90.178624 , -0.681888
90.170994 , -0.662654
90.163364 , -0.634556
90.155735 , -0.598259
90.148105 , -0.553097
90.140475 , -0.504555
90.132846 , -0.450696
90.125216 , -0.38874
90.117586 , -0.324124
90.109957 , -0.260839
90.102327 , -0.197553
90.094697 , -0.132273
90.087068 , -0.069653
90.079438 , -0.002877
90.071808 , 0.05858
90.064179 , 0.105134
90.056549 , 0.146369
90.048919 , 0.192923
90.04129 , 0.234159
90.03366 , 0.259438
90.02603 , 0.279398
90.018401 , 0.30501
90.010771 , 0.325303
90.003141 , 0.338151
89.995512 , 0.351001
89.987882 , 0.363683
89.980252 , 0.376367
89.972623 , 0.387886
89.964993 , 0.402065
89.957363 , 0.412088
89.949734 , 0.427431
89.942104 , 0.46787
89.934474 , 0.513629
89.926844 , 0.554068
89.919215 , 0.599827
89.911585 , 0.661374
89.903955 , 0.728241
89.896326 , 0.790952
89.888696 , 0.856324
89.881066 , 0.930898
89.873437 , 1.005474
89.865807 , 1.081377
89.858177 , 1.154623
89.850548 , 1.210747
89.842918 , 1.261555
89.835288 , 1.317846
89.827659 , 1.36882
89.820029 , 1.410485
89.812399 , 1.446832
89.80477 , 1.488663
89.79714 , 1.525177
89.78951 , 1.544404
89.781881 , 1.560972
89.774251 , 1.579866
89.766621 , 1.596103
89.758992 , 1.598497
89.751362 , 1.595575
89.743732 , 1.596806
89.736103 , 1.595379
89.728473 , 1.59661
89.720843 , 1.595183
89.713214 , 1.595085
89.705584 , 1.594988
89.697954 , 1.589404
89.690325 , 1.583822
89.682695 , 1.578239
89.675065 , 1.572657
89.667436 , 1.567073
89.659806 , 1.561491
89.652176 , 1.555908
89.644547 , 1.550326
89.636917 , 1.550055
89.629287 , 1.549784
89.621658 , 1.550676
89.614028 , 1.54891
89.606398 , 1.530023
89.598769 , 1.505819
89.591139 , 1.487098
89.583509 , 1.46306
89.57588 , 1.419519
89.56825 , 1.37066
89.56062 , 1.327119
89.552991 , 1.278261
89.545361 , 1.213611
89.537731 , 1.143644
89.530102 , 1.077831
89.522472 , 1.00936
89.514842 , 0.943805
89.507213 , 0.878252
89.499583 , 0.81253
89.491953 , 0.74681
89.484324 , 0.681089
89.476694 , 0.615369
89.469064 , 0.549647
89.461435 , 0.483928
89.453805 , 0.426628
89.446175 , 0.369329
89.438546 , 0.312029
89.430916 , 0.25473
89.423286 , 0.19743
89.415657 , 0.140131
89.408027 , 0.082831
89.400397 , 0.025533
89.392768 , -0.033492
89.385138 , -0.092515
89.377508 , -0.15154
89.369879 , -0.210563
89.362249 , -0.269588
89.354619 , -0.32861
89.34699 , -0.387469
89.33936 , -0.446325
89.33173 , -0.496596
89.324101 , -0.544207
89.316471 , -0.595973
89.308841 , -0.64242
89.301212 , -0.673079
89.293582 , -0.698417
89.285952 , -0.729075
89.278323 , -0.754413
89.270693 , -0.760388
89.263063 , -0.761042
89.255434 , -0.767017
89.247804 , -0.767672
89.240174 , -0.752538
89.232545 , -0.732084
89.224915 , -0.715787
89.217285 , -0.696829
89.209656 , -0.672831
89.202026 , -0.648831
89.194396 , -0.624667
89.186767 , -0.600501
89.179137 , -0.576336
89.171507 , -0.552171
89.163878 , -0.528007
89.156248 , -0.50384
89.148618 , -0.48665
89.140989 , -0.469458
89.133359 , -0.452267
89.125729 , -0.435075
89.1181 , -0.417885
89.11047 , -0.400692
89.10284 , -0.383336
89.095211 , -0.365978
89.087581 , -0.348455
89.079951 , -0.328271
89.072322 , -0.31241
89.064692 , -0.291229
89.057062 , -0.25293
89.049433 , -0.21197
89.041803 , -0.173671
89.034173 , -0.132711
89.026544 , -0.090721
89.018914 , -0.048731
89.011284 , -0.006575
89.003655 , 0.035581
88.996025 , 0.077737
88.988395 , 0.119894
88.980766 , 0.16205
88.973136 , 0.204206
88.965506 , 0.244867
88.957877 , 0.285527
88.950247 , 0.327406
88.942617 , 0.366626
88.934988 , 0.388284
88.927358 , 0.405509
88.919728 , 0.427277
88.912099 , 0.444613
88.904469 , 0.453229
88.896839 , 0.457414
88.88921 , 0.466031
88.88158 , 0.470216
88.87395 , 0.457669
88.866321 , 0.44069
88.858691 , 0.427256
88.851061 , 0.411163
88.843432 , 0.387425
88.835802 , 0.361027
88.828172 , 0.337455
88.820543 , 0.311224
88.812913 , 0.275684
88.805283 , 0.240145
88.797654 , 0.204607
88.790024 , 0.169067
88.782394 , 0.138196
88.774765 , 0.109985
88.767135 , 0.078948
88.759505 , 0.050571
88.751876 , 0.030171
88.744246 , 0.012432
88.736616 , -0.007969
88.728987 , -0.025708
88.721357 , -0.029931
88.713727 , -0.031492
88.706098 , -0.035882
88.698468 , -0.037609
88.690838 , -0.040668
88.683208 , -0.043726
88.675579 , -0.046619
88.667949 , -0.04951
88.660319 , -0.049377
88.65269 , -0.049242
88.64506 , -0.048943
88.63743 , -0.048641
88.629801 , -0.038923
88.622171 , -0.026544
88.614541 , -0.017768
88.606912 , -0.004558
88.599282 , 0.02095
88.591652 , 0.052664
88.584023 , 0.07795
88.576393 , 0.109444
88.568763 , 0.15678
88.561134 , 0.20855
88.553504 , 0.256718
88.545874 , 0.307546
88.538245 , 0.365981
88.530615 , 0.424415
88.522985 , 0.482849
88.515356 , 0.541284
88.507726 , 0.590299
88.500096 , 0.636656
88.492467 , 0.686724
88.484837 , 0.73236
88.477207 , 0.764368
88.469578 , 0.791943
88.461948 , 0.82395
88.454318 , 0.851525
88.446689 , 0.862368
88.439059 , 0.868779
88.431429 , 0.878902
88.4238 , 0.886366
88.41617 , 0.891247
88.40854 , 0.896128
88.400911 , 0.899512
88.393281 , 0.905556
88.385651 , 0.919523
88.378022 , 0.936149
88.370392 , 0.949229
88.362762 , 0.966742
88.355133 , 1.00021
88.347503 , 1.038111
88.339873 , 1.072299
88.332244 , 1.109148
88.324614 , 1.14461
88.316984 , 1.180073
88.309355 , 1.216921
88.301725 , 1.25111
88.294095 , 1.281933
88.286466 , 1.308324
88.278836 , 1.339258
88.271206 , 1.365759
88.263577 , 1.375529
88.255947 , 1.380867
88.248317 , 1.389916
88.240688 , 1.396307
88.233058 , 1.404359
88.225428 , 1.412412
88.217799 , 1.420298
88.210169 , 1.428184
88.202539 , 1.43607
88.19491 , 1.443956
88.18728 , 1.451676
88.17965 , 1.459396
88.172021 , 1.455101
88.164391 , 1.448146
88.156761 , 1.444017
88.149132 , 1.437229
88.141502 , 1.433099
88.133872 , 1.426311
88.126243 , 1.422348
88.118613 , 1.415725
88.110983 , 1.399352
88.103354 , 1.382979
88.095724 , 1.366606
88.088094 , 1.350233
88.080465 , 1.33253
88.072835 , 1.317486
88.065205 , 1.299451
88.057576 , 1.284075
88.049946 , 1.280868
88.042316 , 1.277664
88.034687 , 1.275732
88.027057 , 1.271142
88.019427 , 1.254639
88.011798 , 1.231932
88.004168 , 1.205789
87.996538 , 1.171669
87.988909 , 1.131122
87.981279 , 1.080824
87.973649 , 1.021883
87.96602 , 0.954965
87.95839 , 0.869929
87.95076 , 0.778689
87.943131 , 0.690606
87.935501 , 0.602524
87.927871 , 0.518644
87.920242 , 0.437426
87.912612 , 0.362355
87.904982 , 0.293491
87.897353 , 0.223739
87.889723 , 0.161967
87.882093 , 0.109833
87.874464 , 0.065679
87.866834 , 0.031606
87.859204 , 0.005513
87.851575 , -0.009944
87.843945 , -0.019195
87.836315 , -0.028114
87.828686 , -0.030828
87.821056 , -0.029221
87.813426 , -0.021407
87.805797 , -0.000048
87.798167 , 0.025745
87.790537 , 0.047936
87.782908 , 0.072788
87.775278 , 0.096807
87.767648 , 0.120827
87.760019 , 0.147117
87.752389 , 0.168977
87.744759 , 0.174713
87.73713 , 0.174246
87.7295 , 0.180203
87.72187 , 0.179957
87.714241 , 0.164031
87.706611 , 0.143674
87.698981 , 0.125697
87.691352 , 0.107723
87.683722 , 0.095196
87.676092 , 0.087104
87.668463 , 0.073414
87.660833 , 0.065932
87.653203 , 0.073406
87.645574 , 0.087087
87.637944 , 0.09445
87.630314 , 0.10802
87.622685 , 0.141423
87.615055 , 0.17926
87.607425 , 0.213493
87.599796 , 0.250388
87.592166 , 0.286062
87.584536 , 0.321738
87.576907 , 0.357301
87.569277 , 0.392867
87.561647 , 0.424271
87.554018 , 0.451245
87.546388 , 0.482927
87.538758 , 0.510178
87.531129 , 0.520696
87.523499 , 0.526783
87.515869 , 0.536581
87.50824 , 0.543721
87.50061 , 0.54543
87.49298 , 0.547141
87.485351 , 0.548683
87.477721 , 0.550228
87.470091 , 0.551936
87.462462 , 0.553647
87.454832 , 0.554026
87.447202 , 0.557066
87.439572 , 0.57676
87.431943 , 0.599115
87.424313 , 0.618643
87.416683 , 0.640832
87.409054 , 0.661689
87.401424 , 0.682548
87.393794 , 0.703572
87.386165 , 0.724597
87.378535 , 0.745621
87.370905 , 0.766646
87.363276 , 0.78767
87.355646 , 0.808695
87.348016 , 0.829719
87.340387 , 0.850744
87.332757 , 0.871934
87.325127 , 0.893126
87.317498 , 0.921741
87.309868 , 0.953016
87.302238 , 0.981465
87.294609 , 1.012574
87.286979 , 1.041023
87.279349 , 1.072132
87.27172 , 1.100581
87.26409 , 1.13169
87.25646 , 1.180305
87.248831 , 1.231581
87.241201 , 1.280197
87.233571 , 1.331472
87.225942 , 1.390725
87.218312 , 1.452638
87.210682 , 1.511724
87.203053 , 1.573471
87.195423 , 1.633839
87.187793 , 1.694207
87.180164 , 1.756736
87.172534 , 1.814833
87.164904 , 1.86689
87.157275 , 1.91097
87.149645 , 1.946407
87.142015 , 1.972094
87.134386 , 1.989469
87.126756 , 1.997094
87.119126 , 1.996962
87.111497 , 1.98708
87.103867 , 1.964676
87.096237 , 1.936068
87.088608 , 1.902196
87.080978 , 1.863892
87.073348 , 1.825927
87.065719 , 1.787962
87.058089 , 1.749721
87.050459 , 1.711479
87.04283 , 1.672739
87.0352 , 1.633998
87.02757 , 1.593928
87.019941 , 1.556518
87.012311 , 1.532681
87.004681 , 1.511503
86.997052 , 1.487666
86.989422 , 1.466488
86.981792 , 1.442485
86.974163 , 1.421141
86.966533 , 1.398468
86.958903 , 1.375794
86.951274 , 1.359526
86.943644 , 1.343258
86.936014 , 1.326991
86.928385 , 1.310723
86.920755 , 1.294456
86.913125 , 1.278188
86.905496 , 1.26192
86.897866 , 1.245653
86.890236 , 1.226615
86.882607 , 1.207577
86.874977 , 1.188706
86.867347 , 1.169834
86.859718 , 1.147195
86.852088 , 1.127216
86.844458 , 1.10984
86.836829 , 1.095124
86.829199 , 1.085416
86.821569 , 1.080141
86.81394 , 1.079076
86.80631 , 1.082443
86.79868 , 1.095396
86.791051 , 1.111007
86.783421 , 1.130718
86.775791 , 1.150429
86.768162 , 1.167149
86.760532 , 1.183868
86.752902 , 1.197375
86.745273 , 1.206449
86.737643 , 1.209816
86.730013 , 1.206978
86.722384 , 1.198157
86.714754 , 1.183131
86.707124 , 1.165618
86.699495 , 1.143674
86.691865 , 1.118682
86.684235 , 1.09369
86.676606 , 1.064986
86.668976 , 1.038942
86.661346 , 1.01805
86.653717 , 1.00159
86.646087 , 0.992111
86.638457 , 0.987064
86.630828 , 0.98645
86.623198 , 0.990267
86.615568 , 1.001841
86.607939 , 1.017847
86.600309 , 1.038286
86.592679 , 1.063156
86.58505 , 1.092324
86.57742 , 1.125926
86.56979 , 1.162629
86.562161 , 1.199333
86.554531 , 1.236146
86.546901 , 1.272961
86.539272 , 1.305675
86.531642 , 1.335731
86.524012 , 1.360965
86.516383 , 1.381769
86.508753 , 1.399136
86.501123 , 1.410299
86.493494 , 1.417583
86.485864 , 1.418664
86.478234 , 1.413648
86.470605 , 1.402429
86.462975 , 1.38163
86.455345 , 1.356401
86.447716 , 1.325907
86.440086 , 1.292756
86.432456 , 1.265586
86.424827 , 1.238418
86.417197 , 1.211248
86.409567 , 1.18408
86.401938 , 1.154251
86.394308 , 1.127082
86.386678 , 1.105065
86.379049 , 1.087481
86.371419 , 1.076988
86.363789 , 1.070928
86.35616 , 1.069188
86.34853 , 1.071882
86.3409 , 1.077583
86.333271 , 1.085946
86.325641 , 1.09691
86.318011 , 1.110536
86.310382 , 1.120392
86.302752 , 1.130251
86.295122 , 1.140274
86.287493 , 1.150298
86.279863 , 1.15755
86.272233 , 1.164805
86.264604 , 1.172057
86.256974 , 1.179312
86.249344 , 1.18673
86.241715 , 1.194151
86.234085 , 1.20024
86.226455 , 1.20899
86.218826 , 1.23053
86.211196 , 1.25473
86.203566 , 1.27627
86.195937 , 1.30047
86.188307 , 1.32201
86.180677 , 1.34621
86.173047 , 1.367584
86.165418 , 1.391618
86.157788 , 1.424183
86.150158 , 1.456749
86.142529 , 1.489314
86.134899 , 1.521881
86.127269 , 1.55788
86.11964 , 1.591222
86.11201 , 1.6229
86.10438 , 1.650148
86.096751 , 1.666476
86.089121 , 1.677486
86.081491 , 1.681459
86.073862 , 1.680114
86.066232 , 1.674613
86.058602 , 1.663795
86.050973 , 1.648266
86.043343 , 1.630078
86.035713 , 1.60829
86.028084 , 1.586501
86.020454 , 1.564878
86.012824 , 1.543255
86.005195 , 1.524625
85.997565 , 1.511312
85.989935 , 1.501214
85.982306 , 1.496433
85.974676 , 1.49425
85.967046 , 1.497386
85.959417 , 1.503901
85.951787 , 1.515734
85.944157 , 1.537762
85.936528 , 1.562449
85.928898 , 1.589962
85.921268 , 1.620134
85.913639 , 1.651746
85.906009 , 1.686018
85.898379 , 1.722783
85.89075 , 1.762207
85.88312 , 1.79731
85.87549 , 1.832413
85.867861 , 1.867516
85.860231 , 1.902618
85.852601 , 1.944721
85.844972 , 1.984166
85.837342 , 2.022446
85.829712 , 2.055408
85.822083 , 2.080225
85.814453 , 2.099726
85.806823 , 2.115678
85.799194 , 2.126314
85.791564 , 2.136006
85.783934 , 2.140381
85.776305 , 2.143425
85.768675 , 2.143811
85.761045 , 2.141148
85.753416 , 2.135828
85.745786 , 2.127846
85.738156 , 2.117207
85.730527 , 2.104759
85.722897 , 2.089653
85.715267 , 2.071886
85.707638 , 2.051461
85.700008 , 2.028708
85.692378 , 2.003297
85.684749 , 1.975391
85.677119 , 1.944829
85.669489 , 1.911272
85.66186 , 1.877717
85.65423 , 1.84416
85.6466 , 1.810605
85.638971 , 1.783973
85.631341 , 1.760003
85.623711 , 1.737195
85.616082 , 1.719706
85.608452 , 1.704186
85.600822 , 1.693985
85.593193 , 1.690876
85.585563 , 1.693085
85.577933 , 1.697954
85.570304 , 1.708141
85.562674 , 1.72542
85.555044 , 1.748017
85.547415 , 1.779313
85.539785 , 1.815927
85.532155 , 1.853704
85.524526 , 1.894142
85.516896 , 1.933249
85.509266 , 1.972356
85.501637 , 2.007475
85.494007 , 2.039934
85.486377 , 2.066804
85.478748 , 2.088356
85.471118 , 2.102982
85.463488 , 2.11229
85.455859 , 2.118938
85.448229 , 2.120268
85.440599 , 2.114672
85.43297 , 2.103758
85.42534 , 2.085364
85.41771 , 2.064311
85.410081 , 2.039103
85.402451 , 2.013895
85.394821 , 1.990736
85.387192 , 1.967578
85.379562 , 1.94442
85.371932 , 1.921261
85.364303 , 1.905136
85.356673 , 1.88901
85.349043 , 1.872884
85.341414 , 1.856759
85.333784 , 1.840965
85.326154 , 1.825172
85.318525 , 1.809379
85.310895 , 1.793586
85.303265 , 1.781283
85.295636 , 1.76898
85.288006 , 1.760832
85.280376 , 1.755344
85.272747 , 1.757557
85.265117 , 1.765088
85.257487 , 1.779545
85.249858 , 1.79932
85.242228 , 1.819504
85.234598 , 1.845006
85.226969 , 1.875218
85.219339 , 1.908089
85.211709 , 1.945891
85.20408 , 1.983693
85.19645 , 2.021661
85.18882 , 2.059629
85.181191 , 2.090229
85.173561 , 2.120829
85.165931 , 2.147273
85.158302 , 2.171058
85.150672 , 2.196339
85.143042 , 2.216302
85.135413 , 2.23294
85.127783 , 2.244259
85.120153 , 2.242664
85.112524 , 2.23664
85.104894 , 2.234269
85.097264 , 2.229241
85.089635 , 2.225542
85.082005 , 2.221844
85.074375 , 2.218254
85.066746 , 2.214667
85.059116 , 2.203876
85.051486 , 2.197518
85.043857 , 2.196311
85.036227 , 2.201312
85.028597 , 2.218498
85.020968 , 2.243666
85.013338 , 2.279246
85.005708 , 2.321033
84.998079 , 2.362563
84.990449 , 2.408526
84.982819 , 2.452106
84.97519 , 2.495687
84.96756 , 2.542868
84.95993 , 2.585618
84.952301 , 2.633076
84.944671 , 2.676103
84.937041 , 2.697078
84.929411 , 2.713622
84.921782 , 2.733711
84.914152 , 2.751143
84.906522 , 2.771009
84.898893 , 2.788218
84.891263 , 2.808862
84.883633 , 2.825073
84.876004 , 2.824873
84.868374 , 2.818469
84.860744 , 2.818489
84.853115 , 2.812306
84.845485 , 2.791108
84.837855 , 2.765479
84.830226 , 2.74212
84.822596 , 2.718762
84.814966 , 2.694794
84.807337 , 2.673487
84.799707 , 2.659213
84.792077 , 2.649374
84.784448 , 2.640198
84.776818 , 2.637229
84.769188 , 2.644673
84.761559 , 2.660098
84.753929 , 2.679351
84.746299 , 2.70481
84.73867 , 2.735586
84.73104 , 2.770796
84.72341 , 2.818803
84.715781 , 2.869471
84.708151 , 2.918918
84.700521 , 2.968366
84.692892 , 3.012882
84.685262 , 3.0574
84.677632 , 3.101916
84.670003 , 3.146434
84.662373 , 3.190784
84.654743 , 3.235135
84.647114 , 3.280815
84.639484 , 3.323836
84.631854 , 3.359791
84.624225 , 3.393086
84.616595 , 3.429928
84.608965 , 3.462337
84.601336 , 3.478125
84.593706 , 3.48948
84.586076 , 3.504382
84.578447 , 3.516624
84.570817 , 3.52316
84.563187 , 3.527037
84.555558 , 3.532243
84.547928 , 3.537449
84.540298 , 3.542489
84.532669 , 3.547528
84.525039 , 3.552402
84.517409 , 3.557276
84.50978 , 3.550051
84.50215 , 3.540167
84.49452 , 3.533109
84.486891 , 3.523391
84.479261 , 3.516498
84.471631 , 3.506947
84.464002 , 3.498724
84.456372 , 3.490501
84.448742 , 3.470313
84.441113 , 3.450124
84.433483 , 3.428716
84.425853 , 3.409967
84.418224 , 3.408892
84.410594 , 3.412249
84.402964 , 3.410066
84.395335 , 3.414087
84.387705 , 3.435051
84.380075 , 3.460447
84.372446 , 3.482242
84.364816 , 3.506697
84.357186 , 3.529765
84.349557 , 3.552835
84.341927 , 3.577399
84.334297 , 3.599306
84.326668 , 3.612069
84.319038 , 3.622175
84.311408 , 3.635105
84.303779 , 3.645377
84.296149 , 3.656977
84.288519 , 3.668578
84.28089 , 3.680012
84.27326 , 3.691447
84.26563 , 3.691226
84.258001 , 3.691006
84.250371 , 3.690784
84.242741 , 3.690564
84.235112 , 3.690343
84.227482 , 3.690123
84.219852 , 3.689901
84.212223 , 3.689682
84.204593 , 3.699377
84.196963 , 3.709074
84.189334 , 3.717551
84.181704 , 3.728688
84.174074 , 3.736113
84.166445 , 3.747971
84.158815 , 3.755339
84.151185 , 3.767141
84.143556 , 3.801624
84.135926 , 3.841426
84.128296 , 3.877017
84.120667 , 3.915268
84.113037 , 3.952354
84.105407 , 3.989442
84.097778 , 4.026694
84.090148 , 4.063948
84.082518 , 4.103251
84.074889 , 4.142554
84.067259 , 4.183021
84.059629 , 4.220827
84.052 , 4.241515
84.04437 , 4.256885
84.03674 , 4.277739
84.029111 , 4.293274
84.021481 , 4.293427
84.013851 , 4.288263
84.006222 , 4.287087
83.998592 , 4.283253
83.990962 , 4.282077
83.983333 , 4.278242
83.975703 , 4.275737
83.968073 , 4.273232
83.960444 , 4.261252
83.952814 , 4.249273
83.945184 , 4.237294
83.937555 , 4.225315
83.929925 , 4.213336
83.922295 , 4.201357
83.914666 , 4.189378
83.907036 , 4.177399
83.899406 , 4.172483
83.891777 , 4.167568
83.884147 , 4.162653
83.876517 , 4.157738
83.868888 , 4.153653
83.861258 , 4.14957
83.853628 , 4.144321
83.845999 , 4.141733
83.838369 , 4.144962
83.830739 , 4.15351
83.82311 , 4.165437
83.81548 , 4.186229
83.80785 , 4.218101
83.800221 , 4.258837
83.792591 , 4.308217
83.784961 , 4.366461
83.777332 , 4.434877
83.769702 , 4.508614
83.762072 , 4.588887
83.754443 , 4.67182
83.746813 , 4.754087
83.739183 , 4.833695
83.731554 , 4.90854
83.723924 , 4.974519
83.716294 , 5.030249
83.708665 , 5.073569
83.701035 , 5.104921
83.693405 , 5.123864
83.685775 , 5.141477
83.678146 , 5.150226
83.670516 , 5.148281
83.662886 , 5.141018
83.655257 , 5.129996
83.647627 , 5.116316
83.639997 , 5.103798
83.632368 , 5.09128
83.624738 , 5.077489
83.617108 , 5.063697
83.609479 , 5.049905
83.601849 , 5.036113
83.594219 , 5.024537
83.58659 , 5.012961
83.57896 , 5.001553
83.57133 , 4.990143
83.563701 , 4.97757
83.556071 , 4.967656
83.548441 , 4.953588
83.540812 , 4.944838
83.533182 , 4.960845
83.525552 , 4.982172
83.517923 , 4.998013
83.510293 , 5.019174
83.502663 , 5.036179
83.495034 , 5.055843
83.487404 , 5.074179
83.479774 , 5.092513
83.472145 , 5.104199
83.464515 , 5.113227
83.456885 , 5.126575
83.449256 , 5.134605
83.441626 , 5.146956
83.433996 , 5.156649
83.426367 , 5.167504
83.418737 , 5.17836
83.411107 , 5.176935
83.403478 , 5.175511
83.395848 , 5.174087
83.388218 , 5.172664
83.380589 , 5.171239
83.372959 , 5.169815
83.365329 , 5.16839
83.3577 , 5.166967
83.35007 , 5.171305
83.34244 , 5.175643
83.334811 , 5.180146
83.327181 , 5.184651
83.319551 , 5.187991
83.311922 , 5.193992
83.304292 , 5.195836
83.296662 , 5.203
83.289033 , 5.221971
83.281403 , 5.246261
83.273773 , 5.265231
83.266144 , 5.289522
83.258514 , 5.329766
83.250884 , 5.375332
83.243255 , 5.415577
83.235625 , 5.461142
83.227995 , 5.519115
83.220366 , 5.58241
83.212736 , 5.640384
83.205106 , 5.703678
83.197477 , 5.78276
83.189847 , 5.867163
83.182217 , 5.947409
83.174588 , 6.030315
83.166958 , 6.105515
83.159328 , 6.180716
83.151699 , 6.257246
83.144069 , 6.331117
83.136439 , 6.413797
83.12881 , 6.491158
83.12118 , 6.563146
83.11355 , 6.629814
83.105921 , 6.680748
83.098291 , 6.722817
83.090661 , 6.752699
83.083032 , 6.773716
83.075402 , 6.790078
83.067772 , 6.797577
83.060143 , 6.792665
83.052513 , 6.778889
83.044883 , 6.752045
83.037254 , 6.716335
83.029624 , 6.668438
83.021994 , 6.611676
83.014365 , 6.557352
83.006735 , 6.497709
82.999105 , 6.432693
82.991476 , 6.362357
82.983846 , 6.290194
82.976216 , 6.21537
82.968587 , 6.141877
82.960957 , 6.068383
82.953327 , 5.992896
82.945698 , 5.920067
82.938068 , 5.842917
82.930438 , 5.771086
82.922809 , 5.717422
82.915179 , 5.666419
82.907549 , 5.612757
82.89992 , 5.561753
82.89229 , 5.510085
82.88466 , 5.458417
82.877031 , 5.407081
82.869401 , 5.355745
82.861771 , 5.312332
82.854142 , 5.271578
82.846512 , 5.237528
82.838882 , 5.208797
82.831253 , 5.176796
82.823623 , 5.153661
82.815993 , 5.142714
82.808364 , 5.140631
82.800734 , 5.1503
82.793104 , 5.168834
82.785475 , 5.190581
82.777845 , 5.217647
82.770215 , 5.237455
82.762586 , 5.257263
82.754956 , 5.278567
82.747326 , 5.297213
82.739697 , 5.304277
82.732067 , 5.306025
82.724437 , 5.313256
82.716808 , 5.315169
82.709178 , 5.302789
82.701548 , 5.285089
82.693919 , 5.270382
82.686289 , 5.255674
82.678659 , 5.236091
82.67103 , 5.221827
82.6634 , 5.221634
82.65577 , 5.230307
82.648141 , 5.254492
82.640511 , 5.291087
82.632881 , 5.336103
82.625252 , 5.39353
82.617622 , 5.460542
82.609992 , 5.536417
82.602363 , 5.617224
82.594733 , 5.700689
82.587103 , 5.778394
82.579474 , 5.856097
82.571844 , 5.935131
82.564214 , 6.011506
82.556585 , 6.073731
82.548955 , 6.130639
82.541325 , 6.191701
82.533696 , 6.250105
82.526066 , 6.315489
82.518436 , 6.378213
82.510807 , 6.434289
82.503177 , 6.485046
82.495547 , 6.530652
82.487918 , 6.570938
82.480288 , 6.597041
82.472658 , 6.614281
82.465029 , 6.627752
82.457399 , 6.632359
82.449769 , 6.624778
82.44214 , 6.608332
82.43451 , 6.580841
82.42688 , 6.548035
82.41925 , 6.510017
82.411621 , 6.466684
82.403991 , 6.430662
82.396361 , 6.394642
82.388732 , 6.358287
82.381102 , 6.321934
82.373472 , 6.292892
82.365843 , 6.263853
82.358213 , 6.234812
82.350583 , 6.205771
82.342954 , 6.17673
82.335324 , 6.147691
82.327694 , 6.118484
82.320065 , 6.089277
82.312435 , 6.062404
82.304805 , 6.032872
82.297176 , 6.007494
82.289546 , 5.976799
82.281916 , 5.930313
82.274287 , 5.87851
82.266657 , 5.832024
82.259027 , 5.78022
82.251398 , 5.702708
82.243768 , 5.61988
82.236138 , 5.542534
82.228509 , 5.459871
82.220879 , 5.382027
82.213249 , 5.301525
82.20562 , 5.222351
82.19799 , 5.143179
82.19036 , 5.056867
82.182731 , 4.973215
82.175101 , 4.896266
82.167471 , 4.824637
82.159842 , 4.764586
82.152212 , 4.713401
82.144582 , 4.674624
82.136953 , 4.644713
82.129323 , 4.617239
82.121693 , 4.602177
82.114064 , 4.597306
82.106434 , 4.601302
82.098804 , 4.617097
82.091175 , 4.638212
82.083545 , 4.66603
82.075915 , 4.696508
82.068286 , 4.722934
82.060656 , 4.749361
82.053026 , 4.777116
82.045397 , 4.802214
82.037767 , 4.815508
82.030137 , 4.823486
82.022508 , 4.826088
82.014878 , 4.823374
82.007248 , 4.818884
81.999619 , 4.805532
81.991989 , 4.780211
81.984359 , 4.746028
81.97673 , 4.715112
81.9691 , 4.678878
81.96147 , 4.63594
81.953841 , 4.590343
81.946211 , 4.541424
81.938581 , 4.492505
81.930952 , 4.44342
81.923322 , 4.394335
81.915692 , 4.344585
81.908063 , 4.294835
81.900433 , 4.245085
81.892803 , 4.195335
81.885174 , 4.146915
81.877544 , 4.098495
81.869914 , 4.050075
81.862285 , 4.001655
81.854655 , 3.953234
81.847025 , 3.904814
81.839396 , 3.856394
81.831766 , 3.807973
81.824136 , 3.745113
81.816507 , 3.682254
81.808877 , 3.619394
81.801247 , 3.556535
81.793618 , 3.493675
81.785988 , 3.430816
81.778358 , 3.368122
81.770729 , 3.305429
81.763099 , 3.242902
81.755469 , 3.183034
81.74784 , 3.119011
81.74021 , 3.060307
81.73258 , 3.007863
81.724951 , 2.960737
81.717321 , 2.928017
81.709691 , 2.904161
81.702062 , 2.884985
81.694432 , 2.878219
81.686802 , 2.892506
81.679173 , 2.922749
81.671543 , 2.961856
81.663913 , 3.016919
81.656284 , 3.092814
81.648654 , 3.181119
81.641024 , 3.277569
81.633395 , 3.379336
81.625765 , 3.480052
81.618135 , 3.578108
81.610506 , 3.672009
81.602876 , 3.760591
81.595246 , 3.835155
81.587617 , 3.900856
81.579987 , 3.959403
81.572357 , 4.009086
81.564728 , 4.046357
81.557098 , 4.074765
81.549468 , 4.098519
81.541839 , 4.113408
81.534209 , 4.11611
81.526579 , 4.109946
81.51895 , 4.086719
81.51132 , 4.058172
81.50369 , 4.024418
81.496061 , 3.985345
81.488431 , 3.953586
81.480801 , 3.921826
81.473172 , 3.889734
81.465542 , 3.857642
81.457912 , 3.830512
81.450283 , 3.803384
81.442653 , 3.776254
81.435023 , 3.749125
81.427394 , 3.721995
81.419764 , 3.694867
81.412134 , 3.667737
81.404505 , 3.640609
81.396875 , 3.610819
81.389245 , 3.581032
81.381616 , 3.551242
81.373986 , 3.521455
81.366356 , 3.491665
81.358727 , 3.461878
81.351097 , 3.432088
81.343467 , 3.402301
81.335838 , 3.355773
81.328208 , 3.309247
81.320578 , 3.262552
81.312949 , 3.21586
81.305319 , 3.174983
81.297689 , 3.131449
81.29006 , 3.081209
81.28243 , 3.025652
81.2748 , 2.959179
81.267171 , 2.883843
81.259541 , 2.796318
81.251911 , 2.699929
81.244282 , 2.595561
81.236652 , 2.48233
81.229022 , 2.36616
81.221393 , 2.244675
81.213763 , 2.121509
81.206133 , 2.002778
81.198504 , 1.892632
81.190874 , 1.795784
81.183244 , 1.716221
81.175614 , 1.655274
81.167985 , 1.613385
81.160355 , 1.591885
81.152725 , 1.587891
81.145096 , 1.602514
81.137466 , 1.638188
81.129836 , 1.690706
81.122207 , 1.763168
81.114577 , 1.847155
81.106947 , 1.93995
81.099318 , 2.03895
81.091688 , 2.13876
81.084058 , 2.238572
81.076429 , 2.34165
81.068799 , 2.438525
81.061169 , 2.521604
81.05354 , 2.594933
81.04591 , 2.655185
81.03828 , 2.702142
81.030651 , 2.735801
81.023021 , 2.756165
81.015391 , 2.765114
81.007762 , 2.760768
81.000132 , 2.741795
80.992502 , 2.711299
80.984873 , 2.672935
80.977243 , 2.626594
80.969613 , 2.568395
80.961984 , 2.505765
80.954354 , 2.445128
80.946724 , 2.384494
80.939095 , 2.322639
80.931465 , 2.260785
80.923835 , 2.197711
80.916206 , 2.137297
80.908576 , 2.086024
80.900946 , 2.039184
80.893317 , 1.987911
80.885687 , 1.941072
80.878057 , 1.910075
80.870428 , 1.885286
80.862798 , 1.854788
80.855168 , 1.828725
80.847539 , 1.81383
80.839909 , 1.798937
80.832279 , 1.785428
80.82465 , 1.76926
80.81702 , 1.736415
80.80939 , 1.697367
80.801761 , 1.664854
80.794131 , 1.626138
80.786501 , 1.565813
80.778872 , 1.501058
80.771242 , 1.439902
80.763612 , 1.376088
80.755983 , 1.314157
80.748353 , 1.252227
80.740723 , 1.190295
80.733094 , 1.128366
80.725464 , 1.064578
80.717834 , 1.003451
80.710205 , 0.949359
80.702575 , 0.899701
80.694945 , 0.851149
80.687316 , 0.808804
80.679686 , 0.776984
80.672056 , 0.753143
80.664427 , 0.733623
80.656797 , 0.722082
80.649167 , 0.720179
80.641538 , 0.726256
80.633908 , 0.745739
80.626278 , 0.771428
80.618649 , 0.802434
80.611019 , 0.837875
80.603389 , 0.878404
80.59576 , 0.921594
80.58813 , 0.963563
80.5805 , 1.005534
80.572871 , 1.048334
80.565241 , 1.091136
80.557611 , 1.133937
80.549982 , 1.176739
80.542352 , 1.223085
80.534722 , 1.269433
80.527093 , 1.315779
80.519463 , 1.362127
80.511833 , 1.408307
80.504204 , 1.454488
80.496574 , 1.501887
80.488944 , 1.546628
80.481315 , 1.578204
80.473685 , 1.605348
80.466055 , 1.637921
80.458426 , 1.664289
80.450796 , 1.675699
80.443166 , 1.680903
80.435537 , 1.692424
80.427907 , 1.697739
80.420277 , 1.684106
80.412648 , 1.666042
80.405018 , 1.651578
80.397388 , 1.634455
80.389759 , 1.618551
80.382129 , 1.602647
80.374499 , 1.586577
80.36687 , 1.570507
80.35924 , 1.560967
80.35161 , 1.551427
80.343981 , 1.540558
80.336351 , 1.532348
80.328721 , 1.521313
80.321092 , 1.512937
80.313462 , 1.501901
80.305832 , 1.493525
80.298203 , 1.50465
80.290573 , 1.518435
80.282943 , 1.529561
80.275314 , 1.543345
80.267684 , 1.554471
80.260054 , 1.568256
80.252425 , 1.579216
80.244795 , 1.592834
80.237165 , 1.624599
80.229536 , 1.656363
80.221906 , 1.688294
80.214276 , 1.720226
80.206647 , 1.752157
80.199017 , 1.784088
80.191387 , 1.816019
80.183758 , 1.84795
80.176128 , 1.879992
80.168498 , 1.912034
80.160869 , 1.946734
80.153239 , 1.976117
80.145609 , 1.989876
80.13798 , 1.998316
80.13035 , 2.012075
80.12272 , 2.020515
80.115091 , 2.001746
80.107461 , 1.977658
80.099831 , 1.959054
80.092202 , 1.935133
80.084572 , 1.915366
80.076942 , 1.89294
80.069313 , 1.87201
80.061683 , 1.85108
80.054053 , 1.829097
80.046424 , 1.812433
80.038794 , 1.790118
80.031164 , 1.773121
80.023535 , 1.772081
80.015905 , 1.776359
80.008275 , 1.775152
80.000646 , 1.779264
79.993016 , 1.792284
79.985386 , 1.807964
79.977757 , 1.822314
79.970127 , 1.836665
79.962497 , 1.852344
79.954868 , 1.865365
79.947238 , 1.88254
79.939608 , 1.894398
79.931978 , 1.888691
79.924349 , 1.877668
79.916719 , 1.872128
79.909089 , 1.86127
79.90146 , 1.833292
79.89383 , 1.802656
79.8862 , 1.773182
79.878571 , 1.74371
79.870941 , 1.731403
79.863311 , 1.719099
79.855682 , 1.706792
79.848052 , 1.694488
79.840422 , 1.682181
79.832793 , 1.669877
79.825163 , 1.65757
79.817533 , 1.645266
79.809904 , 1.639608
79.802274 , 1.633952
79.794644 , 1.628294
79.787015 , 1.622637
79.779385 , 1.616979
79.771755 , 1.611323
79.764126 , 1.605665
79.756496 , 1.600008
79.748866 , 1.593728
79.741237 , 1.587448
79.733607 , 1.581333
79.725977 , 1.57522
79.718348 , 1.567941
79.710718 , 1.563323
79.703088 , 1.554383
79.695459 , 1.550763
79.687829 , 1.560105
79.680199 , 1.572108
79.67257 , 1.582946
79.66494 , 1.593786
79.65731 , 1.604624
79.649681 , 1.615464
79.642051 , 1.627466
79.634421 , 1.63681
79.626792 , 1.631283
79.619162 , 1.62044
79.611532 , 1.61508
79.603903 , 1.604403
79.596273 , 1.577934
79.588643 , 1.546149
79.581014 , 1.518517
79.573384 , 1.488227
79.565754 , 1.461315
79.558125 , 1.434405
79.550495 , 1.407327
79.542865 , 1.38025
79.535236 , 1.353172
79.527606 , 1.326096
79.519976 , 1.299018
79.512347 , 1.271942
79.504717 , 1.259817
79.497087 , 1.247693
79.489458 , 1.235568
79.481828 , 1.223444
79.474198 , 1.211319
79.466569 , 1.199194
79.458939 , 1.18707
79.451309 , 1.174945
79.44368 , 1.176117
79.43605 , 1.177289
79.42842 , 1.178462
79.420791 , 1.179634
79.413161 , 1.180806
79.405531 , 1.181978
79.397902 , 1.18315
79.390272 , 1.184322
79.382642 , 1.184476
79.375013 , 1.18463
79.367383 , 1.184784
79.359753 , 1.184938
79.352124 , 1.185092
79.344494 , 1.185246
79.336864 , 1.1854
79.329235 , 1.185555
79.321605 , 1.185709
79.313975 , 1.185863
79.306346 , 1.186017
79.298716 , 1.186171
79.291086 , 1.186325
79.283457 , 1.186479
79.275827 , 1.186634
79.268197 , 1.186788
79.260568 , 1.183723
79.252938 , 1.18066
79.245308 , 1.178926
79.237679 , 1.174533
79.230049 , 1.172965
79.222419 , 1.168738
79.21479 , 1.167336
79.20716 , 1.163276
79.19953 , 1.147247
79.191901 , 1.13122
79.184271 , 1.115026
79.176641 , 1.098832
79.169012 , 1.082471
79.161382 , 1.066112
79.153752 , 1.05108
79.146123 , 1.033391
79.138493 , 0.998311
79.130863 , 0.960573
79.123234 , 0.925493
79.115604 , 0.887755
79.107974 , 0.852674
79.100345 , 0.814937
79.092715 , 0.780023
79.085085 , 0.742451
79.077456 , 0.700002
79.069826 , 0.657555
79.062196 , 0.615217
79.054567 , 0.57288
79.046937 , 0.528326
79.039307 , 0.488206
79.031678 , 0.443486
79.024048 , 0.403199
79.016418 , 0.393282
79.008789 , 0.389572
79.001159 , 0.38032
78.993529 , 0.375501
78.9859 , 0.36708
78.97827 , 0.36132
78.97064 , 0.354339
78.963011 , 0.34736
78.955381 , 0.344978
78.947751 , 0.342597
78.940122 , 0.340215
78.932492 , 0.337834
78.924862 , 0.335618
78.917233 , 0.333404
78.909603 , 0.329969
78.901973 , 0.329195
78.894344 , 0.342706
78.886714 , 0.360651
78.879084 , 0.373941
78.871455 , 0.391665
78.863825 , 0.405675
78.856195 , 0.422346
78.848566 , 0.437797
78.840936 , 0.453249
78.833306 , 0.468699
78.825677 , 0.484151
78.818047 , 0.501097
78.810417 , 0.515386
78.802788 , 0.531169
78.795158 , 0.546954
78.787528 , 0.56257
78.779899 , 0.578188
78.772269 , 0.585064
78.764639 , 0.591939
78.75701 , 0.598648
78.74938 , 0.605357
78.74175 , 0.613285
78.734121 , 0.618553
78.726491 , 0.627533
78.718861 , 0.632082
78.711232 , 0.616907
78.703602 , 0.597299
78.695972 , 0.581404
78.688343 , 0.562849
78.680713 , 0.545679
78.673083 , 0.52851
78.665453 , 0.509955
78.657824 , 0.49406
78.650194 , 0.487437
78.642564 , 0.485247
78.634935 , 0.477627
78.627305 , 0.476213
78.619675 , 0.489646
78.612046 , 0.509285
78.604416 , 0.523494
78.596786 , 0.542135
78.589157 , 0.564488
78.581527 , 0.589501
78.573897 , 0.613018
78.566268 , 0.636535
78.558638 , 0.667088
78.551008 , 0.693208
78.543379 , 0.715063
78.535749 , 0.72894
78.528119 , 0.72539
78.52049 , 0.71209
78.51286 , 0.690147
78.50523 , 0.660226
78.497601 , 0.617341
78.489971 , 0.568251
78.482341 , 0.513011
78.474712 , 0.455112
78.467082 , 0.403029
78.459452 , 0.350947
78.451823 , 0.296483
78.444193 , 0.246451
78.436563 , 0.21243
78.428934 , 0.182842
78.421304 , 0.147824
78.413674 , 0.119011
78.406045 , 0.101826
78.398415 , 0.089073
78.390785 , 0.071887
78.383156 , 0.059134
78.375526 , 0.06411
78.367896 , 0.071745
78.360267 , 0.076666
78.352637 , 0.084246
78.345007 , 0.091382
78.337378 , 0.098519
78.329748 , 0.105822
78.322118 , 0.113124
78.314489 , 0.120427
78.306859 , 0.12773
78.299229 , 0.135033
78.2916 , 0.142335
78.28397 , 0.144278
78.27634 , 0.146222
78.268711 , 0.148165
78.261081 , 0.150109
78.253451 , 0.152051
78.245822 , 0.153996
78.238192 , 0.156022
78.230562 , 0.158049
78.222933 , 0.169244
78.215303 , 0.18177
78.207673 , 0.192217
78.200044 , 0.205325
78.192414 , 0.215689
78.184784 , 0.228714
78.177155 , 0.238911
78.169525 , 0.25177
78.161895 , 0.270049
78.154266 , 0.28833
78.146636 , 0.307995
78.139006 , 0.325002
78.131377 , 0.345719
78.123747 , 0.362005
78.116117 , 0.382833
78.108488 , 0.399231
78.100858 , 0.39269
78.093228 , 0.381719
78.085599 , 0.374457
78.077969 , 0.364538
78.070339 , 0.355837
78.06271 , 0.347136
78.05508 , 0.338352
78.04745 , 0.329569
78.039821 , 0.327325
78.032191 , 0.326411
78.024561 , 0.323419
78.016932 , 0.323087
78.009302 , 0.320123
78.001672 , 0.319818
77.994043 , 0.315968
77.986413 , 0.316549
77.978783 , 0.334749
77.971154 , 0.357381
77.963524 , 0.375581
77.955894 , 0.398213
77.948265 , 0.436829
77.940635 , 0.479877
77.933005 , 0.519794
77.925376 , 0.561041
77.917746 , 0.609055
77.910116 , 0.654409
77.902487 , 0.693696
77.894857 , 0.726779
77.887227 , 0.747007
77.879598 , 0.759259
77.871968 , 0.76198
77.864338 , 0.756724
77.856709 , 0.744376
77.849079 , 0.725823
77.841449 , 0.70112
77.83382 , 0.673759
77.82619 , 0.652657
77.81856 , 0.631555
77.810931 , 0.608182
77.803301 , 0.589242
77.795671 , 0.580633
77.788042 , 0.578232
77.780412 , 0.569513
77.772782 , 0.567001
77.765153 , 0.579445
77.757523 , 0.598097
77.749893 , 0.611318
77.742264 , 0.628972
77.734634 , 0.660392
77.727004 , 0.694474
77.719375 , 0.72667
77.711745 , 0.760197
77.704115 , 0.792476
77.696486 , 0.826087
77.688856 , 0.858366
77.681226 , 0.891976
77.673597 , 0.93242
77.665967 , 0.974195
77.658337 , 1.015304
77.650708 , 1.056415
77.643078 , 1.09744
77.635448 , 1.138468
77.627819 , 1.180712
77.620189 , 1.220299
77.612559 , 1.255175
77.60493 , 1.285621
77.5973 , 1.320608
77.58967 , 1.351164
77.582041 , 1.364987
77.574411 , 1.374379
77.566781 , 1.387316
77.559152 , 1.397595
77.551522 , 1.395145
77.543892 , 1.390036
77.536263 , 1.387586
77.528633 , 1.382477
77.521003 , 1.379916
77.513374 , 1.374696
77.505744 , 1.373022
77.498114 , 1.366916
77.490485 , 1.341418
77.482855 , 1.311489
77.475225 , 1.285991
77.467596 , 1.256062
77.459966 , 1.209401
77.452336 , 1.158307
77.444707 , 1.110926
77.437077 , 1.060885
77.429447 , 1.014743
77.421817 , 0.968601
77.414188 , 0.921822
77.406558 , 0.876373
77.398928 , 0.823749
77.391299 , 0.775558
77.383669 , 0.731825
77.376039 , 0.696072
77.36841 , 0.676052
77.36078 , 0.667557
77.35315 , 0.670363
77.345521 , 0.688239
77.337891 , 0.727168
77.330261 , 0.781167
77.322632 , 0.846302
77.315002 , 0.92296
77.307372 , 1.006858
77.299743 , 1.096077
77.292113 , 1.183965
77.284483 , 1.269196
77.276854 , 1.35315
77.269224 , 1.428241
77.261594 , 1.489536
77.253965 , 1.538422
77.246335 , 1.566474
77.238705 , 1.582119
77.231076 , 1.585573
77.223446 , 1.576618
77.215816 , 1.561457
77.208187 , 1.537433
77.200557 , 1.509972
77.192927 , 1.477195
77.185298 , 1.438065
77.177668 , 1.398937
77.170038 , 1.359474
77.162409 , 1.320014
77.154779 , 1.279887
77.147149 , 1.239761
77.13952 , 1.199634
77.13189 , 1.159509
77.12426 , 1.114063
77.116631 , 1.068619
77.109001 , 1.023173
77.101371 , 0.977729
77.093742 , 0.932283
77.086112 , 0.886839
77.078482 , 0.841559
77.070853 , 0.796281
77.063223 , 0.746509
77.055593 , 0.699398
77.047964 , 0.648129
77.040334 , 0.602181
77.032704 , 0.572021
77.025075 , 0.547182
77.017445 , 0.517022
77.009815 , 0.492183
77.002186 , 0.488007
76.994556 , 0.489151
76.986926 , 0.486305
76.979297 , 0.48612
76.971667 , 0.483606
76.964037 , 0.483753
76.956408 , 0.479909
76.948778 , 0.481386
76.941148 , 0.504531
76.933519 , 0.532996
76.925889 , 0.557303
76.918259 , 0.584272
76.91063 , 0.610076
76.903 , 0.635882
76.89537 , 0.661685
76.887741 , 0.687491
76.880111 , 0.714902
76.872481 , 0.739655
76.864852 , 0.768561
76.857222 , 0.79215
76.849592 , 0.799948
76.841963 , 0.802429
76.834333 , 0.810227
76.826703 , 0.812708
76.819074 , 0.799282
76.811444 , 0.780537
76.803814 , 0.765947
76.796185 , 0.748697
76.788555 , 0.732612
76.780925 , 0.716526
76.773296 , 0.700274
76.765666 , 0.684021
76.758036 , 0.66511
76.750407 , 0.646199
76.742777 , 0.627287
76.735147 , 0.608376
76.727518 , 0.589299
76.719888 , 0.570221
76.712258 , 0.552307
76.704629 , 0.531734
76.696999 , 0.504796
76.689369 , 0.472539
76.68174 , 0.445934
76.67411 , 0.41401
76.66648 , 0.365631
76.658851 , 0.314593
76.651221 , 0.264884
76.643591 , 0.215176
76.635962 , 0.163252
76.628332 , 0.113986
76.620702 , 0.071425
76.613073 , 0.034183
76.605443 , 0.010956
76.597813 , -0.003405
76.590184 , -0.010896
76.582554 , -0.005978
76.574924 , 0.005236
76.567295 , 0.028862
76.559665 , 0.066669
76.552035 , 0.113342
76.544406 , 0.16777
76.536776 , 0.231065
76.529146 , 0.297903
76.521517 , 0.370061
76.513887 , 0.4569
76.506257 , 0.549059
76.498628 , 0.637061
76.490998 , 0.727724
76.483368 , 0.817887
76.475739 , 0.908051
76.468109 , 0.99838
76.460479 , 1.088711
76.45285 , 1.179185
76.44522 , 1.269661
76.43759 , 1.361299
76.429961 , 1.450279
76.422331 , 1.522139
76.414701 , 1.588681
76.407072 , 1.660706
76.399442 , 1.727414
76.391812 , 1.77883
76.384183 , 1.824928
76.376553 , 1.876344
76.368923 , 1.922442
76.361294 , 1.957458
76.353664 , 1.987158
76.346034 , 2.011537
76.338405 , 2.030599
76.330775 , 2.045433
76.323145 , 2.054948
76.315516 , 2.053826
76.307886 , 2.04384
76.300256 , 2.026319
76.292627 , 1.999933
76.284997 , 1.96291
76.277367 , 1.920569
76.269738 , 1.879335
76.262108 , 1.832783
76.254478 , 1.780912
76.246849 , 1.723723
76.239219 , 1.661437
76.231589 , 1.593831
76.22396 , 1.521074
76.21633 , 1.442997
76.2087 , 1.359485
76.201071 , 1.273313
76.193441 , 1.188304
76.185811 , 1.103296
76.178181 , 1.017456
76.170552 , 0.931616
76.162922 , 0.845777
76.155292 , 0.759937
76.147663 , 0.686231
76.140033 , 0.612525
76.132403 , 0.537654
76.124774 , 0.465444
76.117144 , 0.389078
76.109514 , 0.318031
76.101885 , 0.241499
76.094255 , 0.170286
76.086625 , 0.124468
76.078996 , 0.083971
76.071366 , 0.037986
76.063736 , -0.002678
76.056107 , -0.047332
76.048477 , -0.089326
76.040847 , -0.13398
76.033218 , -0.175974
76.025588 , -0.2029
76.017958 , -0.229824
76.010329 , -0.256417
76.002699 , -0.283009
75.995069 , -0.310765
75.98744 , -0.335861
75.97981 , -0.365114
75.97218 , -0.389046
75.964551 , -0.395078
75.956921 , -0.39579
75.949291 , -0.401822
75.941662 , -0.402533
75.934032 , -0.38729
75.926402 , -0.366727
75.918773 , -0.351651
75.911143 , -0.331254
75.903513 , -0.301274
75.895884 , -0.268633
75.888254 , -0.237158
75.880624 , -0.20568
75.872995 , -0.174038
75.865365 , -0.142395
75.857735 , -0.110753
75.850106 , -0.079109
75.842476 , -0.06186
75.834846 , -0.044609
75.827217 , -0.027359
75.819587 , -0.010108
75.811957 , 0.007141
75.804328 , 0.024392
75.796698 , 0.041641
75.789068 , 0.058892
75.781439 , 0.073482
75.773809 , 0.088074
75.766179 , 0.102664
75.75855 , 0.117255
75.75092 , 0.131845
75.74329 , 0.146437
75.735661 , 0.161027
75.728031 , 0.175619
75.720401 , 0.198277
75.712772 , 0.220936
75.705142 , 0.243594
75.697512 , 0.266254
75.689883 , 0.288912
75.682253 , 0.311572
75.674623 , 0.334229
75.666994 , 0.356889
75.659364 , 0.386196
75.651734 , 0.415504
75.644105 , 0.44481
75.636475 , 0.474118
75.628845 , 0.503092
75.621216 , 0.532068
75.613586 , 0.563701
75.605956 , 0.590017
75.598327 , 0.601494
75.590697 , 0.607654
75.583067 , 0.619131
75.575438 , 0.625291
75.567808 , 0.61566
75.560178 , 0.600711
75.552549 , 0.589917
75.544919 , 0.576464
75.537289 , 0.557525
75.52966 , 0.538588
75.52203 , 0.519483
75.5144 , 0.500379
75.506771 , 0.48144
75.499141 , 0.462502
75.491511 , 0.4424
75.483882 , 0.424959
75.476252 , 0.427426
75.468622 , 0.435213
75.460993 , 0.438844
75.453363 , 0.445136
75.445733 , 0.448766
75.438104 , 0.455058
75.430474 , 0.460018
75.422844 , 0.46498
75.415215 , 0.470107
75.407585 , 0.475235
75.399955 , 0.480361
75.392326 , 0.485489
75.384696 , 0.490616
75.377066 , 0.495744
75.369437 , 0.500871
75.361807 , 0.505999
75.354177 , 0.513769
75.346548 , 0.521541
75.338918 , 0.529311
75.331288 , 0.537083
75.323659 , 0.544854
75.316029 , 0.552626
75.308399 , 0.560229
75.30077 , 0.567835
75.29314 , 0.571783
75.28551 , 0.573072
75.277881 , 0.578073
75.270251 , 0.578642
75.262621 , 0.562479
75.254992 , 0.541884
75.247362 , 0.525721
75.239732 , 0.505126
75.232103 , 0.469066
75.224473 , 0.428575
75.216843 , 0.391795
75.209214 , 0.352357
75.201584 , 0.314136
75.193954 , 0.275917
75.186325 , 0.237529
75.178695 , 0.199144
75.171065 , 0.163416
75.163436 , 0.12769
75.155806 , 0.092128
75.148176 , 0.056569
75.140547 , 0.019788
75.132917 , -0.014331
75.125287 , -0.052165
75.117658 , -0.085564
75.110028 , -0.100254
75.102398 , -0.110512
75.094769 , -0.126089
75.087139 , -0.135461
75.079509 , -0.129984
75.07188 , -0.118303
75.06425 , -0.112051
75.05662 , -0.101367
75.048991 , -0.082317
75.041361 , -0.060608
75.033731 , -0.040118
75.026102 , -0.019628
75.018472 , 0.001029
75.010842 , 0.021686
75.003213 , 0.042176
74.995583 , 0.062666
74.987953 , 0.070947
74.980324 , 0.076569
74.972694 , 0.085016
74.965064 , 0.090804
74.957435 , 0.099251
74.949805 , 0.105039
74.942175 , 0.113375
74.934546 , 0.119052
74.926916 , 0.109217
74.919286 , 0.094949
74.911656 , 0.085224
74.904027 , 0.071067
74.896397 , 0.040178
74.888767 , 0.004857
74.881138 , -0.026752
74.873508 , -0.06102
74.865878 , -0.087004
74.858249 , -0.112987
74.850619 , -0.140355
74.842989 , -0.165063
74.83536 , -0.193595
74.82773 , -0.217694
74.8201 , -0.245451
74.812471 , -0.270546
74.804841 , -0.275588
74.797211 , -0.277969
74.789582 , -0.28301
74.781952 , -0.285391
74.774322 , -0.290322
74.766693 , -0.292592
74.759063 , -0.29852
74.751433 , -0.300014
74.743804 , -0.28232
74.736174 , -0.261964
74.728544 , -0.244326
74.720915 , -0.224026
74.713285 , -0.205057
74.705655 , -0.186087
74.698026 , -0.166952
74.690396 , -0.147816
74.682766 , -0.120703
74.675137 , -0.093588
74.667507 , -0.066476
74.659877 , -0.039361
74.652248 , -0.012249
74.644618 , 0.014866
74.636988 , 0.042145
74.629359 , 0.069426
74.621729 , 0.111615
74.614099 , 0.156465
74.60647 , 0.198488
74.59884 , 0.243172
74.59121 , 0.285195
74.583581 , 0.329879
74.575951 , 0.371736
74.568321 , 0.416254
74.560692 , 0.468082
74.553062 , 0.519914
74.545432 , 0.571632
74.537803 , 0.623352
74.530173 , 0.682051
74.522543 , 0.73632
74.514914 , 0.785435
74.507284 , 0.828346
74.499654 , 0.861137
74.492025 , 0.885952
74.484395 , 0.901126
74.476765 , 0.908323
74.469136 , 0.902776
74.461506 , 0.889252
74.453876 , 0.872181
74.446247 , 0.848907
74.438617 , 0.82408
74.430987 , 0.793049
74.423358 , 0.756809
74.415728 , 0.716138
74.408098 , 0.663111
74.400469 , 0.607426
74.392839 , 0.552958
74.385209 , 0.498492
74.37758 , 0.451008
74.36995 , 0.403524
74.36232 , 0.354877
74.354691 , 0.30889
74.347061 , 0.258747
74.339431 , 0.213923
74.331802 , 0.163613
74.324172 , 0.118623
74.316542 , 0.09668
74.308913 , 0.080056
74.301283 , 0.058113
74.293653 , 0.041489
74.286024 , 0.040654
74.278394 , 0.045138
74.270764 , 0.045467
74.263135 , 0.048455
74.255505 , 0.053833
74.247875 , 0.05921
74.240246 , 0.064754
74.232616 , 0.070298
74.224986 , 0.075842
74.217357 , 0.081386
74.209727 , 0.086929
74.202097 , 0.092473
74.194468 , 0.09785
74.186838 , 0.103228
74.179208 , 0.109769
74.171579 , 0.113651
74.163949 , 0.100413
74.156319 , 0.081856
74.14869 , 0.068785
74.14106 , 0.050395
74.13343 , 0.015683
74.125801 , -0.024345
74.118171 , -0.06022
74.110541 , -0.098753
74.102912 , -0.136124
74.095282 , -0.173493
74.087652 , -0.21103
74.080023 , -0.248566
74.072393 , -0.291864
74.064763 , -0.335162
74.057134 , -0.37846
74.049504 , -0.421758
74.041874 , -0.465057
74.034245 , -0.508354
74.026615 , -0.551653
74.018985 , -0.59495
74.011356 , -0.650749
74.003726 , -0.706547
73.996096 , -0.762346
73.988467 , -0.818143
73.980837 , -0.872059
73.973207 , -0.925973
73.965578 , -0.982326
73.957948 , -1.033359
73.950318 , -1.075197
73.942689 , -1.108168
73.935059 , -1.12718
73.927429 , -1.13378
73.9198 , -1.117112
73.91217 , -1.088033
73.90454 , -1.046988
73.896911 , -0.993531
73.889281 , -0.934136
73.881651 , -0.869421
73.874022 , -0.807089
73.866392 , -0.744756
73.858762 , -0.680042
73.851133 , -0.617986
73.843503 , -0.551776
73.835873 , -0.490883
73.828244 , -0.439134
73.820614 , -0.392701
73.812984 , -0.35181
73.805355 , -0.316236
73.797725 , -0.293739
73.790095 , -0.280105
73.782466 , -0.274894
73.774836 , -0.278545
73.767206 , -0.28758
73.759577 , -0.30193
73.751947 , -0.322987
73.744317 , -0.346701
73.736688 , -0.364378
73.729058 , -0.382053
73.721428 , -0.399896
73.713799 , -0.417737
73.706169 , -0.428711
73.698539 , -0.439682
73.69091 , -0.450655
73.68328 , -0.461627
73.67565 , -0.4726
73.66802 , -0.483572
73.660391 , -0.494545
73.652761 , -0.505517
73.645131 , -0.518318
73.637502 , -0.531117
73.629872 , -0.542756
73.622242 , -0.557051
73.614613 , -0.567194
73.606983 , -0.582653
73.599353 , -0.592628
73.591724 , -0.607921
73.584094 , -0.640059
73.576464 , -0.677512
73.568835 , -0.70965
73.561205 , -0.747103
73.553575 , -0.800515
73.545946 , -0.859244
73.538316 , -0.912655
73.530686 , -0.971384
73.523057 , -1.044845
73.515427 , -1.123622
73.507797 , -1.196916
73.500168 , -1.275527
73.492538 , -1.370595
73.484908 , -1.46832
73.477279 , -1.564551
73.469649 , -1.660781
73.462019 , -1.749865
73.45439 , -1.833629
73.44676 , -1.913959
73.43913 , -1.985423
73.431501 , -2.05002
73.423871 , -2.102204
73.416241 , -2.144029
73.408612 , -2.169897
73.400982 , -2.178007
73.393352 , -2.171045
73.385723 , -2.14752
73.378093 , -2.108923
73.370463 , -2.059691
73.362834 , -2.000706
73.355204 , -1.932027
73.347574 , -1.857142
73.339945 , -1.774889
73.332315 , -1.692636
73.324685 , -1.608888
73.317056 , -1.527797
73.309426 , -1.456958
73.301796 , -1.392322
73.294167 , -1.331898
73.286537 , -1.277678
73.278907 , -1.235336
73.271278 , -1.199198
73.263648 , -1.16827
73.256018 , -1.141772
73.248389 , -1.106355
73.240759 , -1.073597
73.233129 , -1.039621
73.2255 , -1.005644
73.21787 , -0.980034
73.21024 , -0.954422
73.202611 , -0.928812
73.194981 , -0.903201
73.187351 , -0.877757
73.179722 , -0.852312
73.172092 , -0.825538
73.164462 , -0.801422
73.156833 , -0.792847
73.149203 , -0.786929
73.141573 , -0.778354
73.133944 , -0.772436
73.126314 , -0.763695
73.118684 , -0.757611
73.111055 , -0.750033
73.103425 , -0.742453
73.095795 , -0.739584
73.088166 , -0.734054
73.080536 , -0.732127
73.072906 , -0.725766
73.065277 , -0.708881
73.057647 , -0.685788
73.050017 , -0.658376
73.042388 , -0.624757
73.034758 , -0.578404
73.027128 , -0.525844
73.019499 , -0.467247
73.011869 , -0.405989
73.004239 , -0.35199
72.99661 , -0.29799
72.98898 , -0.242606
72.98135 , -0.18988
72.973721 , -0.139981
72.966091 , -0.094513
72.958461 , -0.054254
72.950832 , -0.020199
72.943202 , 0.010974
72.935572 , 0.035943
72.927943 , 0.055592
72.920313 , 0.07081
72.912683 , 0.068108
72.905054 , 0.060973
72.897424 , 0.05755
72.889794 , 0.051468
72.882165 , 0.04594
72.874535 , 0.040411
72.866905 , 0.034718
72.859276 , 0.029023
72.851646 , 0.01934
72.844016 , 0.009656
72.836387 , -0.000027
72.828757 , -0.00971
72.821127 , -0.019228
72.813498 , -0.028745
72.805868 , -0.039592
72.798238 , -0.047779
72.790609 , -0.037718
72.782979 , -0.024998
72.775349 , -0.014937
72.76772 , -0.002217
72.76009 , 0.007843
72.75246 , 0.020564
72.744831 , 0.030624
72.737201 , 0.043344
72.729571 , 0.066979
72.721942 , 0.093273
72.714312 , 0.118237
72.706682 , 0.143201
72.699053 , 0.167389
72.691423 , 0.191578
72.683793 , 0.217872
72.676164 , 0.239733
72.668534 , 0.250062
72.660904 , 0.254188
72.653275 , 0.254102
72.645645 , 0.247812
72.638015 , 0.237642
72.630386 , 0.223042
72.622756 , 0.201403
72.615126 , 0.177107
72.607497 , 0.158018
72.599867 , 0.13893
72.592237 , 0.11984
72.584608 , 0.100752
72.576978 , 0.079502
72.569348 , 0.060913
72.561719 , 0.040825
72.554089 , 0.02074
72.546459 , 0.004275
72.53883 , -0.012188
72.5312 , -0.028819
72.52357 , -0.045449
72.515941 , -0.06075
72.508311 , -0.078709
72.500681 , -0.093678
72.493052 , -0.111305
72.485422 , -0.139571
72.477792 , -0.167835
72.470163 , -0.196267
72.462533 , -0.224697
72.454903 , -0.253129
72.447274 , -0.281559
72.439644 , -0.309825
72.432014 , -0.338089
72.424384 , -0.36086
72.416755 , -0.380971
72.409125 , -0.404684
72.401495 , -0.423964
72.393866 , -0.432606
72.386236 , -0.435044
72.378606 , -0.434047
72.370977 , -0.425072
72.363347 , -0.409781
72.355717 , -0.386511
72.348088 , -0.358921
72.340458 , -0.326898
72.332828 , -0.28241
72.325199 , -0.235262
72.317569 , -0.189499
72.309939 , -0.143736
72.30231 , -0.113092
72.29468 , -0.085107
72.28705 , -0.054296
72.279421 , -0.026145
72.271791 , 0.004666
72.264161 , 0.032818
72.256532 , 0.063629
72.248902 , 0.09178
72.241272 , 0.109516
72.233643 , 0.124593
72.226013 , 0.142218
72.218383 , 0.157183
72.210754 , 0.160514
72.203124 , 0.159413
72.195494 , 0.151498
72.187865 , 0.140923
72.180235 , 0.136878
72.172605 , 0.132834
72.164976 , 0.1289
72.157346 , 0.124967
72.149716 , 0.112833
72.142087 , 0.105133
72.134457 , 0.10336
72.126827 , 0.106019
72.119198 , 0.121864
72.111568 , 0.142141
72.103938 , 0.169344
72.096309 , 0.199206
72.088679 , 0.222531
72.081049 , 0.245855
72.07342 , 0.26918
72.06579 , 0.292504
72.05816 , 0.306847
72.050531 , 0.31853
72.042901 , 0.333205
72.035271 , 0.34522
72.027642 , 0.358565
72.020012 , 0.371911
72.012382 , 0.385089
72.004753 , 0.398268
71.997123 , 0.411447
71.989493 , 0.424626
71.981864 , 0.437805
71.974234 , 0.450984
71.966604 , 0.464163
71.958975 , 0.477342
71.951345 , 0.49052
71.943715 , 0.5037
71.936086 , 0.51652
71.928456 , 0.529343
71.920826 , 0.542163
71.913197 , 0.554985
71.905567 , 0.567806
71.897937 , 0.580628
71.890308 , 0.593449
71.882678 , 0.606271
71.875048 , 0.617762
71.867419 , 0.629254
71.859789 , 0.640745
71.852159 , 0.652238
71.84453 , 0.663562
71.8369 , 0.674889
71.82927 , 0.687543
71.821641 , 0.69754
71.814011 , 0.703359
71.806381 , 0.706521
71.798752 , 0.713226
71.791122 , 0.715501
71.783492 , 0.706361
71.775863 , 0.692791
71.768233 , 0.672903
71.760603 , 0.648585
71.752974 , 0.621384
71.745344 , 0.587979
71.737714 , 0.550363
71.730085 , 0.506543
71.722455 , 0.458178
71.714825 , 0.405382
71.707196 , 0.345549
71.699566 , 0.283058
71.691936 , 0.222157
71.684307 , 0.161257
71.676677 , 0.100356
71.669047 , 0.039456
71.661418 , -0.028648
71.653788 , -0.09409
71.646158 , -0.15261
71.638529 , -0.206695
71.630899 , -0.254687
71.623269 , -0.298246
71.61564 , -0.335601
71.60801 , -0.368523
71.60038 , -0.390033
71.592751 , -0.407109
71.585121 , -0.427732
71.577491 , -0.445695
71.569862 , -0.460273
71.562232 , -0.47219
71.554602 , -0.486657
71.546973 , -0.498463
71.539343 , -0.498525
71.531713 , -0.494153
71.524084 , -0.483689
71.516454 , -0.468791
71.508824 , -0.451291
71.501195 , -0.429357
71.493565 , -0.40964
71.485935 , -0.389922
71.478306 , -0.36943
71.470676 , -0.348936
71.463046 , -0.326948
71.455417 , -0.307618
71.447787 , -0.294233
71.440157 , -0.280848
71.432528 , -0.267629
71.424898 , -0.25441
71.417268 , -0.241192
71.409639 , -0.227973
71.402009 , -0.214754
71.394379 , -0.201535
71.38675 , -0.193414
71.37912 , -0.185292
71.37149 , -0.177503
71.363861 , -0.169713
71.356231 , -0.153946
71.348601 , -0.143497
71.340972 , -0.138035
71.333342 , -0.137892
71.325712 , -0.154431
71.318083 , -0.176289
71.310453 , -0.203134
71.302823 , -0.235297
71.295194 , -0.25865
71.287564 , -0.282004
71.279934 , -0.306854
71.272305 , -0.329045
71.264675 , -0.355391
71.257045 , -0.376418
71.249416 , -0.392292
71.241786 , -0.402848
71.234156 , -0.403598
71.226527 , -0.399029
71.218897 , -0.398615
71.211267 , -0.395542
71.203638 , -0.390599
71.196008 , -0.385654
71.188378 , -0.380545
71.180749 , -0.375434
71.173119 , -0.370325
71.165489 , -0.365214
71.157859 , -0.360105
71.15023 , -0.354994
71.1426 , -0.351214
71.13497 , -0.347434
71.127341 , -0.343654
71.119711 , -0.339872
71.112081 , -0.336093
71.104452 , -0.332312
71.096822 , -0.328532
71.089192 , -0.324751
71.081563 , -0.318111
71.073933 , -0.31147
71.066303 , -0.304831
71.058674 , -0.298189
71.051044 , -0.291549
71.043414 , -0.284908
71.035785 , -0.278268
71.028155 , -0.271627
71.020525 , -0.269419
71.012896 , -0.26721
71.005266 , -0.265003
70.997636 , -0.262794
70.990007 , -0.260586
70.982377 , -0.258377
70.974747 , -0.256169
70.967118 , -0.25396
70.959488 , -0.24826
70.951858 , -0.242561
70.944229 , -0.236862
70.936599 , -0.231162
70.928969 , -0.226294
70.92134 , -0.221425
70.91371 , -0.215393
70.90608 , -0.21202
70.898451 , -0.210919
70.890821 , -0.215137
70.883191 , -0.224507
70.875562 , -0.239195
70.867932 , -0.26369
70.860302 , -0.293504
70.852673 , -0.319162
70.845043 , -0.34748
70.837413 , -0.37122
70.829784 , -0.39496
70.822154 , -0.421526
70.814524 , -0.442773
70.806895 , -0.45438
70.799265 , -0.460668
70.791635 , -0.461803
70.784006 , -0.457621
70.776376 , -0.455377
70.768746 , -0.450474
70.761117 , -0.446734
70.753487 , -0.442995
70.745857 , -0.43244
70.738228 , -0.421886
70.730598 , -0.421969
70.722968 , -0.422052
70.715339 , -0.423913
70.707709 , -0.425773
70.700079 , -0.427301
70.69245 , -0.428829
70.68482 , -0.439
70.67719 , -0.443851
70.669561 , -0.443718
70.661931 , -0.438264
70.654301 , -0.416856
70.646672 , -0.390128
70.639042 , -0.358249
70.631412 , -0.32105
70.623783 , -0.272051
70.616153 , -0.220391
70.608523 , -0.169897
70.600894 , -0.119401
70.593264 , -0.07444
70.585634 , -0.029477
70.578005 , 0.016647
70.570375 , 0.060114
70.562745 , 0.113718
70.555116 , 0.162005
70.547486 , 0.205138
70.539856 , 0.242954
70.532227 , 0.26254
70.524597 , 0.27681
70.516967 , 0.295233
70.509338 , 0.310998
70.501708 , 0.327926
70.494078 , 0.344855
70.486449 , 0.361893
70.478819 , 0.378932
70.471189 , 0.407145
70.46356 , 0.439791
70.45593 , 0.479084
70.4483 , 0.521037
70.440671 , 0.555122
70.433041 , 0.589209
70.425411 , 0.623293
70.417782 , 0.65738
70.410152 , 0.699775
70.402522 , 0.739512
70.394893 , 0.772434
70.387263 , 0.800925
70.379633 , 0.81778
70.372004 , 0.831976
70.364374 , 0.84872
70.356744 , 0.862806
70.349115 , 0.86403
70.341485 , 0.862597
70.333855 , 0.863821
70.326226 , 0.862387
70.318596 , 0.863611
70.310966 , 0.862178
70.303337 , 0.863568
70.295707 , 0.862301
70.288077 , 0.849508
70.280448 , 0.836717
70.272818 , 0.823758
70.265188 , 0.810801
70.257559 , 0.798007
70.249929 , 0.785216
70.242299 , 0.771094
70.23467 , 0.759633
70.22704 , 0.764392
70.21941 , 0.771811
70.211781 , 0.77657
70.204151 , 0.783989
70.196521 , 0.788582
70.188892 , 0.795835
70.181262 , 0.801758
70.173632 , 0.807681
70.166003 , 0.812939
70.158373 , 0.818197
70.150743 , 0.824674
70.143114 , 0.828491
70.135484 , 0.842004
70.127854 , 0.851085
70.120225 , 0.854072
70.112595 , 0.852626
70.104965 , 0.833528
70.097336 , 0.809997
70.089706 , 0.790178
70.082076 , 0.767701
70.074447 , 0.745943
70.066817 , 0.724185
70.059187 , 0.700932
70.051558 , 0.680337
70.043928 , 0.670658
70.036298 , 0.663637
70.028669 , 0.653791
70.021039 , 0.646604
70.013409 , 0.637423
70.00578 , 0.628242
69.99815 , 0.61906
69.99052 , 0.609879
69.982891 , 0.60026
69.975261 , 0.587981
69.967631 , 0.568666
69.960002 , 0.544919
69.952372 , 0.516629
69.944742 , 0.482134
69.937113 , 0.443317
69.929483 , 0.398296
69.921853 , 0.335434
69.914223 , 0.266368
69.906594 , 0.192094
69.898964 , 0.113388
69.891334 , 0.044266
69.883705 , -0.027515
69.876075 , -0.097911
69.868445 , -0.168308
69.860816 , -0.246799
69.853186 , -0.322632
69.845556 , -0.391428
69.837927 , -0.455792
69.830297 , -0.51517
69.822667 , -0.568343
69.815038 , -0.617084
69.807408 , -0.659619
69.799778 , -0.69196
69.792149 , -0.716324
69.784519 , -0.731158
69.776889 , -0.738014
69.76926 , -0.746089
69.76163 , -0.747959
69.754 , -0.744399
69.746371 , -0.736407
69.738741 , -0.709447
69.731111 , -0.678052
69.723482 , -0.650206
69.715852 , -0.619698
69.708222 , -0.591075
69.700593 , -0.559792
69.692963 , -0.531336
69.685333 , -0.500218
69.677704 , -0.455806
69.670074 , -0.411392
69.662444 , -0.366814
69.654815 , -0.322234
69.647185 , -0.277489
69.639555 , -0.232743
69.631926 , -0.189328
69.624296 , -0.143252
69.616666 , -0.083306
69.609037 , -0.020699
69.601407 , 0.03908
69.593777 , 0.101521
69.586148 , 0.161965
69.578518 , 0.222411
69.570888 , 0.282745
69.563259 , 0.34308
69.555629 , 0.409508
69.547999 , 0.471506
69.54037 , 0.528348
69.53274 , 0.578989
69.52511 , 0.616219
69.517481 , 0.645473
69.509851 , 0.664975
69.502221 , 0.676501
69.494592 , 0.67991
69.486962 , 0.673568
69.479332 , 0.65947
69.471703 , 0.635621
69.464073 , 0.604125
69.456443 , 0.564653
69.448814 , 0.514654
69.441184 , 0.458449
69.433554 , 0.406954
69.425925 , 0.3528
69.418295 , 0.300031
69.410665 , 0.247261
69.403036 , 0.186347
69.395406 , 0.129866
69.387776 , 0.07754
69.380147 , 0.033192
69.372517 , 0.005707
69.364887 , -0.0138
69.357258 , -0.023556
69.349628 , -0.025334
69.341998 , -0.015145
69.334369 , 0.003022
69.326739 , 0.025344
69.319109 , 0.052098
69.31148 , 0.077744
69.30385 , 0.103391
69.29622 , 0.129148
69.288591 , 0.154905
69.280961 , 0.182656
69.273331 , 0.207749
69.265702 , 0.235666
69.258072 , 0.260925
69.250442 , 0.266583
69.242813 , 0.269583
69.235183 , 0.275241
69.227553 , 0.278242
69.219924 , 0.2839
69.212294 , 0.2869
69.204664 , 0.292558
69.197035 , 0.295558
69.189405 , 0.277283
69.181775 , 0.256349
69.174146 , 0.238073
69.166516 , 0.217139
69.158886 , 0.199029
69.151257 , 0.178262
69.143627 , 0.158823
69.135997 , 0.139385
69.128368 , 0.116393
69.120738 , 0.093403
69.113108 , 0.069081
69.105479 , 0.04742
69.097849 , 0.023043
69.090219 , 0.001327
69.08259 , -0.024048
69.07496 , -0.044988
69.06733 , -0.04388
69.059701 , -0.040111
69.052071 , -0.039058
69.044441 , -0.035345
69.036812 , -0.032962
69.029182 , -0.030578
69.021552 , -0.02803
69.013923 , -0.025479
69.006293 , -0.025123
68.998663 , -0.024765
68.991034 , -0.023078
68.983404 , -0.024049
68.975774 , -0.022197
68.968145 , -0.023002
68.960515 , -0.020983
68.952885 , -0.021622
68.945256 , -0.03423
68.937626 , -0.046835
68.929996 , -0.059609
68.922367 , -0.072381
68.914737 , -0.085155
68.907107 , -0.097927
68.899478 , -0.110535
68.891848 , -0.123141
68.884218 , -0.125907
68.876589 , -0.126013
68.868959 , -0.128946
68.861329 , -0.129218
68.8537 , -0.132317
68.84607 , -0.132755
68.83844 , -0.134524
68.830811 , -0.136292
68.823181 , -0.129474
68.815551 , -0.122654
68.807922 , -0.115836
68.800292 , -0.109016
68.792662 , -0.103029
68.785033 , -0.097041
68.777403 , -0.089835
68.769773 , -0.085287
68.762144 , -0.087458
68.754514 , -0.094059
68.746884 , -0.10576
68.739255 , -0.123663
68.731625 , -0.145336
68.723995 , -0.17144
68.716366 , -0.204581
68.708736 , -0.24038
68.701106 , -0.278563
68.693477 , -0.316744
68.685847 , -0.356312
68.678217 , -0.393219
68.670587 , -0.419213
68.662958 , -0.440773
68.655328 , -0.456241
68.647698 , -0.467275
68.640069 , -0.471932
68.632439 , -0.472155
68.624809 , -0.476092
68.61718 , -0.477368
68.60955 , -0.4792
68.60192 , -0.48103
68.594291 , -0.482696
68.586661 , -0.484359
68.579031 , -0.482534
68.571402 , -0.480708
68.563772 , -0.479991
68.556142 , -0.476614
68.548513 , -0.462544
68.540883 , -0.442269
68.533253 , -0.418172
68.525624 , -0.387869
68.517994 , -0.360353
68.510364 , -0.332835
68.502735 , -0.305263
68.495105 , -0.27769
68.487475 , -0.238152
68.479846 , -0.20393
68.472216 , -0.180236
68.464586 , -0.165406
68.456957 , -0.163431
68.449327 , -0.173863
68.441697 , -0.190947
68.434068 , -0.216892
68.426438 , -0.261566
68.418808 , -0.311557
68.411179 , -0.358945
68.403549 , -0.406332
68.395919 , -0.4555
68.38829 , -0.502007
68.38066 , -0.542034
68.37303 , -0.57674
68.365401 , -0.607625
68.357771 , -0.63319
68.350141 , -0.653605
68.342512 , -0.668698
68.334882 , -0.679971
68.327252 , -0.688582
68.319623 , -0.698359
68.311993 , -0.708135
68.304363 , -0.71708
68.296734 , -0.726024
68.289104 , -0.73497
68.281474 , -0.743914
68.273845 , -0.748159
68.266215 , -0.752403
68.258585 , -0.756648
68.250956 , -0.760892
68.243326 , -0.764472
68.235696 , -0.768051
68.228067 , -0.771465
68.220437 , -0.774878
68.212807 , -0.772807
68.205178 , -0.768075
68.197548 , -0.756863
68.189918 , -0.74033
68.182289 , -0.719977
68.174659 , -0.694303
68.167029 , -0.663478
68.1594 , -0.627333
68.15177 , -0.593579
68.14414 , -0.557164
68.136511 , -0.521914
68.128881 , -0.486662
68.121251 , -0.450581
68.113622 , -0.414498
68.105992 , -0.378417
68.098362 , -0.342335
68.090733 , -0.314675
68.083103 , -0.287013
68.075473 , -0.259353
68.067844 , -0.231692
68.060214 , -0.204032
68.052584 , -0.176371
68.044955 , -0.148711
68.037325 , -0.121049
68.029695 , -0.093149
68.022066 , -0.065247
68.014436 , -0.037346
68.006806 , -0.009444
67.999177 , 0.017626
67.991547 , 0.044697
67.983917 , 0.07293
67.976288 , 0.098505
67.968658 , 0.110948
67.961028 , 0.118074
67.953399 , 0.120046
67.945769 , 0.116701
67.938139 , 0.109365
67.93051 , 0.096713
67.92288 , 0.078906
67.91525 , 0.055782
67.907621 , 0.030448
67.899991 , 0.002456
67.892361 , -0.024043
67.884732 , -0.050539
67.877102 , -0.085402
67.869472 , -0.114946
67.861843 , -0.139284
67.854213 , -0.1583
67.846583 , -0.164688
67.838954 , -0.162208
67.831324 , -0.151088
67.823694 , -0.131101
67.816065 , -0.100036
67.808435 , -0.060104
67.800805 , -0.016961
67.793176 , 0.031502
67.785546 , 0.083344
67.777916 , 0.135185
67.770287 , 0.188522
67.762657 , 0.2392
67.755027 , 0.278742
67.747398 , 0.312965
67.739768 , 0.342036
67.732138 , 0.365788
67.724509 , 0.384831
67.716879 , 0.398556
67.709249 , 0.405798
67.70162 , 0.410381
67.69399 , 0.421446
67.68636 , 0.43251
67.678731 , 0.443409
67.671101 , 0.454308
67.663471 , 0.448953
67.655842 , 0.443598
67.648212 , 0.439406
67.640582 , 0.432556
67.632953 , 0.435179
67.625323 , 0.432483
67.617693 , 0.424635
67.610064 , 0.411468
67.602434 , 0.386057
67.594804 , 0.355328
67.587175 , 0.318116
67.579545 , 0.278245
67.571915 , 0.244856
67.564286 , 0.211468
67.556656 , 0.178079
67.549026 , 0.14469
67.541397 , 0.111367
67.533767 , 0.080703
67.526137 , 0.046217
67.518508 , 0.016162
67.510878 , 0.003726
67.503248 , -0.006051
67.495619 , -0.018542
67.487989 , -0.028374
67.480359 , -0.036434
67.47273 , -0.044493
67.4651 , -0.052386
67.45747 , -0.060279
67.449841 , -0.068172
67.442211 , -0.076066
67.434581 , -0.083959
67.426952 , -0.091852
67.419322 , -0.0914
67.411692 , -0.090948
67.404062 , -0.091826
67.396433 , -0.090044
67.388803 , -0.091255
67.381173 , -0.089806
67.373544 , -0.089686
67.365914 , -0.089567
67.358284 , -0.089447
67.350655 , -0.089328
67.343025 , -0.087879
67.335395 , -0.089089
67.327766 , -0.087473
67.320136 , -0.088517
67.312506 , -0.086902
67.304877 , -0.087946
67.297247 , -0.103672
67.289617 , -0.122055
67.281988 , -0.139111
67.274358 , -0.156164
67.266728 , -0.17322
67.259099 , -0.190273
67.251469 , -0.208658
67.243839 , -0.224382
67.23621 , -0.227864
67.22858 , -0.228684
67.22095 , -0.232166
67.213321 , -0.232987
67.205691 , -0.236469
67.198061 , -0.237289
67.190432 , -0.240771
67.182802 , -0.241591
67.175172 , -0.217753
67.167543 , -0.191253
67.159913 , -0.167414
67.152283 , -0.140914
67.144654 , -0.117242
67.137024 , -0.090909
67.129394 , -0.065906
67.121765 , -0.040902
67.114135 , -0.013074
67.106505 , 0.014755
67.098876 , 0.042417
67.091246 , 0.07008
67.083616 , 0.099071
67.075987 , 0.125405
67.068357 , 0.154562
67.060727 , 0.181062
67.053098 , 0.192626
67.045468 , 0.201531
67.037838 , 0.213095
67.030209 , 0.222001
67.022579 , 0.233731
67.014949 , 0.242803
67.00732 , 0.253203
66.99969 , 0.263605
66.99206 , 0.262315
66.984431 , 0.261027
66.976801 , 0.259737
66.969171 , 0.258449
66.961542 , 0.257159
66.953912 , 0.255871
66.946282 , 0.254581
66.938653 , 0.253293
66.931023 , 0.244046
66.923393 , 0.234801
66.915764 , 0.225554
66.908134 , 0.216309
66.900504 , 0.207061
66.892875 , 0.197816
66.885245 , 0.188569
66.877615 , 0.179324
66.869986 , 0.163871
66.862356 , 0.148421
66.854726 , 0.132969
66.847097 , 0.117518
66.839467 , 0.102066
66.831837 , 0.086616
66.824208 , 0.071164
66.816578 , 0.055713
66.808948 , 0.030796
66.801319 , 0.005878
66.793689 , -0.019039
66.786059 , -0.043956
66.77843 , -0.068873
66.7708 , -0.093791
66.76317 , -0.118709
66.755541 , -0.143626
66.747911 , -0.174748
66.740281 , -0.205871
66.732652 , -0.236993
66.725022 , -0.268116
66.717392 , -0.299238
66.709763 , -0.33036
66.702133 , -0.361483
66.694503 , -0.392606
66.686874 , -0.435092
66.679244 , -0.47758
66.671614 , -0.520066
66.663985 , -0.562553
66.656355 , -0.605041
66.648725 , -0.647527
66.641096 , -0.690014
66.633466 , -0.732502
66.625836 , -0.782523
66.618207 , -0.832545
66.610577 , -0.882566
66.602947 , -0.932588
66.595318 , -0.981225
66.587688 , -1.029861
66.580058 , -1.080659
66.572429 , -1.127024
66.564799 , -1.164634
66.557169 , -1.196925
66.54954 , -1.218634
66.54191 , -1.231479
66.53428 , -1.236789
66.526651 , -1.233234
66.519021 , -1.220816
66.511391 , -1.199533
66.503762 , -1.169828
66.496132 , -1.131259
66.488502 , -1.082053
66.480873 , -1.027528
66.473243 , -0.965856
66.465613 , -0.898865
66.457984 , -0.83603
66.450354 , -0.770535
66.442724 , -0.708787
66.435095 , -0.647039
66.427465 , -0.583961
66.419835 , -0.523543
66.412206 , -0.454094
66.404576 , -0.389964
66.396946 , -0.331207
66.389317 , -0.27777
66.381687 , -0.240953
66.374057 , -0.213
66.366428 , -0.193469
66.358798 , -0.182802
66.351168 , -0.171028
66.343539 , -0.164571
66.335909 , -0.163489
66.328279 , -0.167726
66.32065 , -0.175252
66.31302 , -0.185436
66.30539 , -0.194458
66.297761 , -0.203478
66.290131 , -0.213331
66.282501 , -0.223182
66.274872 , -0.233036
66.267242 , -0.242887
66.259612 , -0.246091
66.251983 , -0.249294
66.244353 , -0.252665
66.236723 , -0.256034
66.229094 , -0.258242
66.221464 , -0.263107
66.213834 , -0.263819
66.206205 , -0.269847
66.198575 , -0.293308
66.190945 , -0.322087
66.183316 , -0.346711
66.175686 , -0.373994
66.168056 , -0.399782
66.160426 , -0.425569
66.152797 , -0.454182
66.145167 , -0.477476
66.137537 , -0.48559
66.129908 , -0.488385
66.122278 , -0.4965
66.114648 , -0.499294
66.107019 , -0.4863
66.099389 , -0.467986
66.091759 , -0.453829
66.08413 , -0.437011
66.0765 , -0.412488
66.06887 , -0.387964
66.061241 , -0.363275
66.053611 , -0.338584
66.045981 , -0.313896
66.038352 , -0.289205
66.030722 , -0.264516
66.023092 , -0.239826
66.015463 , -0.230649
66.007833 , -0.221472
66.000203 , -0.212296
65.992574 , -0.203118
65.984944 , -0.193942
65.977314 , -0.184764
65.969685 , -0.175588
65.962055 , -0.16641
65.954425 , -0.162546
65.946796 , -0.158679
65.939166 , -0.154815
65.931536 , -0.150949
65.923907 , -0.147085
65.916277 , -0.143219
65.908647 , -0.139355
65.901018 , -0.135489
65.893388 , -0.146694
65.885758 , -0.157897
65.878129 , -0.169102
65.870499 , -0.180306
65.862869 , -0.191511
65.85524 , -0.202714
65.84761 , -0.21392
65.83998 , -0.225123
65.832351 , -0.233575
65.824721 , -0.242026
65.817091 , -0.250479
65.809462 , -0.258929
65.801832 , -0.267382
65.794202 , -0.275832
65.786573 , -0.284285
65.778943 , -0.292735
65.771313 , -0.296755
65.763684 , -0.300774
65.756054 , -0.304794
65.748424 , -0.308813
65.740795 , -0.312833
65.733165 , -0.316851
65.725535 , -0.320871
65.717906 , -0.32489
65.710276 , -0.329097
65.702646 , -0.333302
65.695017 , -0.337509
65.687387 , -0.341715
65.679757 , -0.345922
65.672128 , -0.350127
65.664498 , -0.354334
65.656868 , -0.35854
65.649239 , -0.361417
65.641609 , -0.364293
65.633979 , -0.36717
65.62635 , -0.370046
65.61872 , -0.372924
65.61109 , -0.3758
65.603461 , -0.378843
65.595831 , -0.381885
65.588201 , -0.384927
65.580572 , -0.390627
65.572942 , -0.392616
65.565312 , -0.399036
65.557683 , -0.422078
65.550053 , -0.449551
65.542423 , -0.473313
65.534794 , -0.499733
65.527164 , -0.530394
65.519534 , -0.561052
65.511905 , -0.592461
65.504275 , -0.622537
65.496645 , -0.644056
65.489016 , -0.662914
65.481386 , -0.684515
65.473756 , -0.703456
65.466127 , -0.713874
65.458497 , -0.72163
65.450867 , -0.731383
65.443238 , -0.739804
65.435608 , -0.749557
65.427978 , -0.757978
65.420349 , -0.767066
65.412719 , -0.776152
65.405089 , -0.783162
65.39746 , -0.79017
65.38983 , -0.797181
65.3822 , -0.804189
65.374571 , -0.811033
65.366941 , -0.817875
65.359311 , -0.825938
65.351682 , -0.83134
65.344052 , -0.831987
65.336422 , -0.828203
65.328793 , -0.828961
65.321163 , -0.825287
65.313533 , -0.80477
65.305904 , -0.779822
65.298274 , -0.759306
65.290644 , -0.734357
65.283015 , -0.696306
65.275385 , -0.653822
65.267755 , -0.614386
65.260126 , -0.57362
65.252496 , -0.532743
65.244866 , -0.493196
65.237237 , -0.451599
65.229607 , -0.412662
65.221977 , -0.384146
65.214348 , -0.360064
65.206718 , -0.331438
65.199088 , -0.307244
65.191459 , -0.299782
65.183829 , -0.296752
65.176199 , -0.290093
65.16857 , -0.286094
65.16094 , -0.289214
65.15331 , -0.293663
65.145681 , -0.297614
65.138051 , -0.301565
65.130421 , -0.305017
65.122792 , -0.309799
65.115162 , -0.312504
65.107532 , -0.317867
65.099903 , -0.333605
65.092273 , -0.352001
65.084643 , -0.367655
65.077014 , -0.385968
65.069384 , -0.412841
65.061754 , -0.441043
65.054125 , -0.468499
65.046495 , -0.495953
65.038865 , -0.518505
65.031236 , -0.538396
65.023606 , -0.562001
65.015976 , -0.581172
65.008347 , -0.583613
65.000717 , -0.581621
64.993087 , -0.584062
64.985458 , -0.582069
64.977828 , -0.569198
64.970198 , -0.551894
64.962569 , -0.538219
64.954939 , -0.521884
64.947309 , -0.496881
64.93968 , -0.470545
64.93205 , -0.444793
64.92442 , -0.41904
64.91679 , -0.397859
64.909161 , -0.376676
64.901531 , -0.355494
64.893901 , -0.334311
64.886272 , -0.31313
64.878642 , -0.291947
64.871012 , -0.270766
64.863383 , -0.249583
64.855753 , -0.237722
64.848123 , -0.225859
64.840494 , -0.213998
64.832864 , -0.202135
64.825234 , -0.190356
64.817605 , -0.178576
64.809975 , -0.166216
64.802345 , -0.155184
64.794716 , -0.157146
64.787086 , -0.161765
64.779456 , -0.163643
64.771827 , -0.16818
64.764197 , -0.170058
64.756567 , -0.174594
64.748938 , -0.176473
64.741308 , -0.181009
64.733678 , -0.197645
64.726049 , -0.216939
64.718419 , -0.234822
64.710789 , -0.252703
64.70316 , -0.271224
64.69553 , -0.288412
64.6879 , -0.308456
64.680271 , -0.324066
64.672641 , -0.325134
64.665011 , -0.319995
64.657382 , -0.322171
64.649752 , -0.316368
64.642122 , -0.282311
64.634493 , -0.242047
64.626863 , -0.207934
64.619233 , -0.167615
64.611604 , -0.115871
64.603974 , -0.058808
64.596344 , -0.005845
64.588715 , 0.049778
64.581085 , 0.104071
64.573455 , 0.158364
64.565826 , 0.213987
64.558196 , 0.26695
64.550566 , 0.31188
64.542937 , 0.351491
64.535307 , 0.396587
64.527677 , 0.436365
64.520048 , 0.460186
64.512418 , 0.478689
64.504788 , 0.50251
64.497159 , 0.521013
64.489529 , 0.516531
64.481899 , 0.50673
64.47427 , 0.502413
64.46664 , 0.492778
64.45901 , 0.476661
64.451381 , 0.457885
64.443751 , 0.440438
64.436121 , 0.422992
64.428492 , 0.406653
64.420862 , 0.392974
64.413232 , 0.375139
64.405603 , 0.362624
64.397973 , 0.365731
64.390343 , 0.374158
64.382714 , 0.378429
64.375084 , 0.385359
64.367454 , 0.394761
64.359825 , 0.404163
64.352195 , 0.413565
64.344565 , 0.422967
64.336936 , 0.433532
64.329306 , 0.441439
64.321676 , 0.4535
64.314047 , 0.460243
64.306417 , 0.45186
64.298787 , 0.43816
64.291158 , 0.429943
64.283528 , 0.416409
64.275898 , 0.385754
64.268269 , 0.352441
64.260639 , 0.320291
64.253009 , 0.288142
64.24538 , 0.260208
64.23775 , 0.232276
64.23012 , 0.20318
64.222491 , 0.176744
64.214861 , 0.156788
64.207231 , 0.142154
64.199602 , 0.121866
64.191972 , 0.106898
64.184342 , 0.101182
64.176713 , 0.098126
64.169083 , 0.091246
64.161453 , 0.089685
64.153824 , 0.103914
64.146194 , 0.123462
64.138564 , 0.13769
64.130935 , 0.157238
64.123305 , 0.192118
64.115675 , 0.232318
64.108046 , 0.267031
64.100416 , 0.307065
64.092786 , 0.362499
64.085157 , 0.420594
64.077527 , 0.478466
64.069897 , 0.533679
64.062268 , 0.581025
64.054638 , 0.619507
64.047008 , 0.64397
64.039379 , 0.656026
64.031749 , 0.660323
64.024119 , 0.648666
64.01649 , 0.626813
64.00886 , 0.592552
64.00123 , 0.542797
63.993601 , 0.484179
63.985971 , 0.420629
63.978341 , 0.354421
63.970712 , 0.295025
63.963082 , 0.235632
63.955452 , 0.173411
63.947823 , 0.116511
63.940193 , 0.065481
63.932563 , 0.019773
63.924934 , -0.015301
63.917304 , -0.041508
63.909674 , -0.060183
63.902045 , -0.06999
63.894415 , -0.070936
63.886785 , -0.063015
63.879156 , -0.042488
63.871526 , -0.013095
63.863896 , 0.02516
63.856267 , 0.072282
63.848637 , 0.130926
63.841007 , 0.198436
63.833378 , 0.269324
63.825748 , 0.345532
63.818118 , 0.422015
63.810489 , 0.50116
63.802859 , 0.579139
63.795229 , 0.65712
63.7876 , 0.73593
63.77997 , 0.814743
63.77234 , 0.893553
63.764711 , 0.972365
63.757081 , 1.037955
63.749451 , 1.103547
63.741822 , 1.169137
63.734192 , 1.234728
63.726562 , 1.289515
63.718933 , 1.344303
63.711303 , 1.400252
63.703673 , 1.453545
63.696044 , 1.497251
63.688414 , 1.535639
63.680784 , 1.579511
63.673155 , 1.618066
63.665525 , 1.640498
63.657895 , 1.657612
63.650265 , 1.67888
63.642636 , 1.69749
63.635006 , 1.711096
63.627376 , 1.724703
63.619747 , 1.734044
63.612117 , 1.740725
63.604487 , 1.747904
63.596858 , 1.750652
63.589228 , 1.749078
63.581598 , 1.743073
63.573969 , 1.728978
63.566339 , 1.710451
63.558709 , 1.687602
63.55108 , 1.660321
63.54345 , 1.630548
63.53582 , 1.598114
63.528191 , 1.5669
63.520561 , 1.535686
63.512931 , 1.501681
63.505302 , 1.467676
63.497672 , 1.433671
63.490042 , 1.399665
63.482413 , 1.36566
63.474783 , 1.331655
63.467153 , 1.29765
63.459524 , 1.263645
63.451894 , 1.226315
63.444264 , 1.188986
63.436635 , 1.151657
63.429005 , 1.114327
63.421375 , 1.076998
63.413746 , 1.039669
63.406116 , 1.00234
63.398486 , 0.96501
63.390857 , 0.925638
63.383227 , 0.886268
63.375597 , 0.846895
63.367968 , 0.807525
63.360338 , 0.765881
63.352708 , 0.724239
63.345079 , 0.686695
63.337449 , 0.651812
63.329819 , 0.621082
63.32219 , 0.594787
63.31456 , 0.572811
63.30693 , 0.555269
63.299301 , 0.546812
63.291671 , 0.542788
63.284041 , 0.540535
63.276412 , 0.540944
63.268782 , 0.545499
63.261152 , 0.552715
63.253523 , 0.5586
63.245893 , 0.564487
63.238263 , 0.57087
63.230634 , 0.577255
63.223004 , 0.583639
63.215374 , 0.590024
63.207745 , 0.609372
63.200115 , 0.628721
63.192485 , 0.648069
63.184856 , 0.667418
63.177226 , 0.688705
63.169596 , 0.709993
63.161967 , 0.728067
63.154337 , 0.74171
63.146707 , 0.746251
63.139078 , 0.744587
63.131448 , 0.737826
63.123818 , 0.723087
63.116189 , 0.708016
63.108559 , 0.68674
63.100929 , 0.658372
63.0933 , 0.625572
63.08567 , 0.587065
63.07804 , 0.545899
63.070411 , 0.505952
63.062781 , 0.466005
63.055151 , 0.425116
63.047522 , 0.384227
63.039892 , 0.343338
63.032262 , 0.302449
63.024633 , 0.280695
63.017003 , 0.258941
63.009373 , 0.237186
63.001744 , 0.215432
62.994114 , 0.193678
62.986484 , 0.171924
62.978855 , 0.15017
62.971225 , 0.128416
62.963595 , 0.112866
62.955966 , 0.097317
62.948336 , 0.081768
62.940706 , 0.066219
62.933077 , 0.05067
62.925447 , 0.035121
62.917817 , 0.019572
62.910188 , 0.004023
62.902558 , -0.0216
62.894928 , -0.047222
62.887299 , -0.072844
62.879669 , -0.098465
62.872039 , -0.124088
62.86441 , -0.14971
62.85678 , -0.175332
62.84915 , -0.200954
62.841521 , -0.225578
62.833891 , -0.250203
62.826261 , -0.274828
62.818632 , -0.299453
62.811002 , -0.321806
62.803372 , -0.34416
62.795743 , -0.370613
62.788113 , -0.399725
62.780483 , -0.431365
62.772854 , -0.467437
62.765224 , -0.50772
62.757594 , -0.552435
62.749965 , -0.609727
62.742335 , -0.669678
62.734705 , -0.728244
62.727076 , -0.78681
62.719446 , -0.843769
62.711816 , -0.898069
62.704187 , -0.950762
62.696557 , -0.999023
62.688927 , -1.03986
62.681298 , -1.076265
62.673668 , -1.105633
62.666038 , -1.128797
62.658409 , -1.152438
62.650779 , -1.170761
62.643149 , -1.185649
62.63552 , -1.195218
62.62789 , -1.194704
62.62026 , -1.19153
62.612631 , -1.185697
62.605001 , -1.177205
62.597371 , -1.166275
62.589742 , -1.155345
62.582112 , -1.144249
62.574482 , -1.133153
62.566853 , -1.121725
62.559223 , -1.110296
62.551593 , -1.098867
62.543964 , -1.087439
62.536334 , -1.066543
62.528704 , -1.045648
62.521075 , -1.024752
62.513445 , -1.003857
62.505815 , -0.982961
62.498186 , -0.962066
62.490556 , -0.94117
62.482926 , -0.920275
62.475297 , -0.914449
62.467667 , -0.908623
62.460037 , -0.902797
62.452408 , -0.896971
62.444778 , -0.891145
62.437148 , -0.885319
62.429519 , -0.879493
62.421889 , -0.873667
62.414259 , -0.879611
62.406629 , -0.885553
62.399 , -0.891497
62.39137 , -0.897439
62.38374 , -0.903382
62.376111 , -0.909324
62.368481 , -0.915268
62.360851 , -0.92121
62.353222 , -0.920949
62.345592 , -0.920685
62.337962 , -0.920424
62.330333 , -0.920161
62.322703 , -0.919899
62.315073 , -0.919636
62.307444 , -0.919374
62.299814 , -0.919112
62.292184 , -0.924231
62.284555 , -0.929349
62.276925 , -0.934302
62.269295 , -0.939254
62.261666 , -0.947808
62.254036 , -0.953702
62.246406 , -0.958434
62.238777 , -0.957845
62.231147 , -0.945014
62.223517 , -0.926863
62.215888 , -0.905334
62.208258 , -0.878484
62.200628 , -0.860445
62.192999 , -0.839746
62.185369 , -0.820211
62.177739 , -0.800674
62.17011 , -0.774374
62.16248 , -0.748071
62.15485 , -0.72177
62.147221 , -0.695468
62.139591 , -0.669168
62.131961 , -0.642865
62.124332 , -0.616564
62.116702 , -0.590262
62.109072 , -0.571939
62.101443 , -0.553615
62.093813 , -0.535292
62.086183 , -0.516967
62.078554 , -0.498645
62.070924 , -0.48032
62.063294 , -0.461998
62.055665 , -0.443673
62.048035 , -0.435898
62.040405 , -0.428121
62.032776 , -0.420345
62.025146 , -0.412568
62.017516 , -0.40446
62.009887 , -0.39635
62.002257 , -0.388243
61.994627 , -0.380133
61.986998 , -0.376125
61.979368 , -0.372115
61.971738 , -0.365448
61.964109 , -0.35346
61.956479 , -0.335269
61.948849 , -0.311758
61.94122 , -0.281156
61.93359 , -0.245234
61.92596 , -0.201608
61.918331 , -0.152662
61.910701 , -0.099008
61.903071 , -0.042692
61.895442 , 0.010352
61.887812 , 0.063399
61.880182 , 0.11395
61.872553 , 0.159185
61.864923 , 0.204418
61.857293 , 0.244334
61.849664 , 0.280868
61.842034 , 0.312086
61.834404 , 0.330836
61.826775 , 0.346929
61.819145 , 0.364183
61.811515 , 0.38144
61.803886 , 0.408258
61.796256 , 0.435078
61.788626 , 0.461896
61.780997 , 0.488717
61.773367 , 0.515535
61.765737 , 0.542355
61.758108 , 0.569173
61.750478 , 0.595994
61.742848 , 0.627687
61.735219 , 0.659383
61.727589 , 0.691077
61.719959 , 0.722773
61.71233 , 0.754466
61.7047 , 0.786162
61.69707 , 0.817855
61.689441 , 0.849551
61.681811 , 0.88233
61.674181 , 0.915112
61.666552 , 0.947891
61.658922 , 0.980672
61.651292 , 1.013285
61.643663 , 1.0459
61.636033 , 1.079843
61.628403 , 1.111128
61.620774 , 1.131165
61.613144 , 1.148544
61.605514 , 1.168581
61.597885 , 1.18596
61.590255 , 1.197686
61.582625 , 1.206755
61.574996 , 1.214049
61.567366 , 1.216913
61.559736 , 1.21661
61.552107 , 1.211876
61.544477 , 1.202709
61.536847 , 1.189111
61.529218 , 1.171522
61.521588 , 1.149503
61.513958 , 1.123161
61.506329 , 1.092388
61.498699 , 1.060395
61.491069 , 1.025744
61.48344 , 0.988487
61.47581 , 0.948573
61.46818 , 0.901787
61.460551 , 0.855003
61.452921 , 0.808051
61.445291 , 0.761101
61.437662 , 0.718328
61.430032 , 0.675555
61.422402 , 0.632949
61.414773 , 0.590343
61.407143 , 0.543969
61.399513 , 0.500254
61.391884 , 0.459144
61.384254 , 0.420692
61.376624 , 0.390441
61.368995 , 0.364622
61.361365 , 0.342237
61.353735 , 0.326058
61.346106 , 0.317302
61.338476 , 0.314752
61.330846 , 0.318407
61.323217 , 0.328267
61.315587 , 0.343743
61.307957 , 0.365425
61.300328 , 0.391372
61.292698 , 0.419979
61.285068 , 0.453185
61.277439 , 0.48639
61.269809 , 0.52098
61.262179 , 0.552911
61.25455 , 0.577141
61.24692 , 0.596939
61.23929 , 0.612526
61.231661 , 0.623681
61.224031 , 0.628797
61.216401 , 0.631254
61.208772 , 0.629611
61.201142 , 0.627968
61.193512 , 0.632104
61.185883 , 0.636242
61.178253 , 0.640378
61.170623 , 0.644516
61.162993 , 0.6476
61.155364 , 0.650685
61.147734 , 0.654987
61.140104 , 0.656632
61.132475 , 0.657998
61.124845 , 0.654933
61.117215 , 0.647656
61.109586 , 0.63595
61.101956 , 0.618534
61.094326 , 0.598461
61.086697 , 0.574452
61.079067 , 0.550446
61.071437 , 0.528009
61.063808 , 0.508234
61.056178 , 0.489953
61.048548 , 0.476106
61.040919 , 0.470013
61.033289 , 0.466581
61.025659 , 0.465752
61.01803 , 0.467584
61.0104 , 0.467641
61.00277 , 0.4677
60.995141 , 0.467923
60.987511 , 0.468148
60.979881 , 0.468704
60.972252 , 0.469262
60.964622 , 0.469984
60.956992 , 0.470707
60.949363 , 0.482377
60.941733 , 0.496705
60.934103 , 0.508208
60.926474 , 0.52237
60.918844 , 0.533874
60.911214 , 0.548036
60.903585 , 0.559372
60.895955 , 0.573369
60.888325 , 0.601105
60.880696 , 0.62884
60.873066 , 0.656743
60.865436 , 0.684645
60.857807 , 0.712381
60.850177 , 0.740117
60.842547 , 0.769183
60.834918 , 0.795589
60.827288 , 0.803054
60.819658 , 0.80786
60.812029 , 0.815326
60.804399 , 0.820132
60.796769 , 0.827598
60.78914 , 0.832404
60.78151 , 0.840036
60.77388 , 0.845008
60.766251 , 0.836241
60.758621 , 0.827473
60.750991 , 0.81854
60.743362 , 0.809606
60.735732 , 0.800672
60.728102 , 0.791739
60.720473 , 0.782971
60.712843 , 0.774203
60.705213 , 0.774003
60.697584 , 0.776461
60.689954 , 0.777424
60.682324 , 0.778386
60.674695 , 0.779183
60.667065 , 0.779979
60.659435 , 0.780609
60.651806 , 0.78124
60.644176 , 0.782202
60.636546 , 0.780506
60.628917 , 0.777202
60.621287 , 0.769466
60.613657 , 0.756523
60.606028 , 0.739147
60.598398 , 0.71745
60.590768 , 0.691321
60.583139 , 0.658731
60.575509 , 0.62348
60.567879 , 0.589449
60.56025 , 0.555418
60.55262 , 0.521221
60.54499 , 0.487023
60.537361 , 0.452992
60.529731 , 0.418961
60.522101 , 0.388587
60.514472 , 0.360871
60.506842 , 0.338309
60.499212 , 0.320178
60.491583 , 0.305261
60.483953 , 0.294776
60.476323 , 0.288612
60.468694 , 0.286881
60.461064 , 0.291087
60.453434 , 0.297951
60.445805 , 0.303597
60.438175 , 0.309243
60.430545 , 0.315443
60.422916 , 0.321643
60.415286 , 0.329339
60.407656 , 0.334375
60.400027 , 0.334037
60.392397 , 0.3337
60.384767 , 0.333196
60.377138 , 0.332692
60.369508 , 0.332355
60.361878 , 0.332017
60.354249 , 0.33035
60.346619 , 0.331342
60.338989 , 0.344585
60.33136 , 0.360487
60.32373 , 0.373564
60.3161 , 0.3893
60.308471 , 0.403707
60.300841 , 0.418113
60.293211 , 0.432685
60.285582 , 0.447258
60.277952 , 0.453687
60.270322 , 0.460115
60.262693 , 0.467873
60.255063 , 0.472972
60.247433 , 0.480896
60.239804 , 0.486161
60.232174 , 0.494085
60.224544 , 0.499351
60.216915 , 0.487794
60.209285 , 0.473578
60.201655 , 0.460691
60.194026 , 0.447805
60.186396 , 0.434752
60.178766 , 0.4217
60.171137 , 0.408648
60.163507 , 0.395595
60.155877 , 0.390521
60.148248 , 0.385446
60.140618 , 0.380372
60.132988 , 0.375297
60.125359 , 0.370223
60.117729 , 0.365148
60.110099 , 0.359907
60.10247 , 0.354666
60.09484 , 0.338283
60.08721 , 0.31924
60.079581 , 0.303022
60.071951 , 0.284145
60.064321 , 0.268095
60.056692 , 0.249384
60.049062 , 0.232003
60.041432 , 0.214622
60.033803 , 0.19087
60.026173 , 0.167118
60.018543 , 0.143532
60.010914 , 0.119946
60.003284 , 0.094864
59.995654 , 0.072442
59.988025 , 0.048523
59.980395 , 0.024605
59.972765 , 0.010074
59.965136 , -0.004456
59.957506 , -0.018987
59.949876 , -0.033516
59.942247 , -0.048048
59.934617 , -0.062577
59.926987 , -0.077108
59.919358 , -0.091637
59.911728 , -0.106168
59.904098 , -0.120697
59.896468 , -0.135229
59.888839 , -0.149758
59.881209 , -0.164289
59.873579 , -0.178819
59.86595 , -0.19335
59.85832 , -0.207879
59.85069 , -0.216503
59.843061 , -0.225125
59.835431 , -0.235078
59.827801 , -0.242371
59.820172 , -0.252491
59.812542 , -0.259949
59.804912 , -0.270069
59.797283 , -0.277527
59.789653 , -0.265264
59.782023 , -0.25034
59.774394 , -0.238243
59.766764 , -0.223485
59.759134 , -0.210059
59.751505 , -0.19663
59.743875 , -0.183204
59.736245 , -0.169776
59.728616 , -0.156522
59.720986 , -0.145926
59.713356 , -0.131177
59.705727 , -0.121745
59.698097 , -0.13165
59.690467 , -0.146872
59.682838 , -0.156777
59.675208 , -0.171999
59.667578 , -0.207832
59.659949 , -0.248983
59.652319 , -0.28465
59.644689 , -0.325634
59.63706 , -0.373102
59.62943 , -0.423228
59.6218 , -0.472025
59.614171 , -0.520822
59.606541 , -0.567645
59.598911 , -0.611808
59.591282 , -0.660128
59.583652 , -0.703127
59.576022 , -0.733885
59.568393 , -0.759321
59.560763 , -0.790245
59.553133 , -0.815848
59.545504 , -0.824111
59.537874 , -0.829714
59.530244 , -0.836482
59.522615 , -0.843248
59.514985 , -0.849849
59.507355 , -0.856449
59.499726 , -0.862885
59.492096 , -0.869318
59.484466 , -0.866264
59.476837 , -0.860549
59.469207 , -0.858991
59.461577 , -0.852112
59.453948 , -0.832992
59.446318 , -0.80855
59.438688 , -0.789596
59.431059 , -0.76532
59.423429 , -0.730576
59.415799 , -0.693171
59.40817 , -0.657096
59.40054 , -0.621021
59.39291 , -0.583617
59.385281 , -0.548871
59.377651 , -0.509971
59.370021 , -0.476388
59.362392 , -0.459629
59.354762 , -0.448187
59.347132 , -0.431427
59.339503 , -0.419985
59.331873 , -0.420622
59.324243 , -0.426576
59.316614 , -0.429873
59.308984 , -0.433167
59.301354 , -0.438347
59.293725 , -0.443526
59.286095 , -0.448706
59.278465 , -0.453885
59.270836 , -0.448427
59.263206 , -0.442968
59.255576 , -0.437511
59.247947 , -0.432052
59.240317 , -0.420297
59.232687 , -0.408541
59.225058 , -0.395622
59.217428 , -0.385362
59.209798 , -0.388676
59.202169 , -0.397308
59.194539 , -0.400455
59.186909 , -0.408922
59.17928 , -0.437333
59.17165 , -0.471063
59.16402 , -0.499142
59.156391 , -0.532539
59.148761 , -0.57325
59.141131 , -0.61396
59.133502 , -0.654671
59.125872 , -0.695382
59.118242 , -0.732276
59.110613 , -0.763852
59.102983 , -0.790221
59.095353 , -0.81127
59.087724 , -0.829882
59.080094 , -0.839629
59.072464 , -0.840956
59.064835 , -0.833417
59.057205 , -0.815851
59.049575 , -0.792966
59.041946 , -0.763378
59.034316 , -0.73113
59.026686 , -0.705254
59.019057 , -0.679377
59.011427 , -0.650675
59.003797 , -0.627292
58.996168 , -0.617026
58.988538 , -0.612078
58.980908 , -0.601813
58.973279 , -0.596865
58.965649 , -0.611254
58.958019 , -0.63096
58.95039 , -0.646513
58.94276 , -0.664723
58.93513 , -0.692852
58.927501 , -0.720979
58.919871 , -0.749274
58.912241 , -0.777568
58.904612 , -0.805863
58.896982 , -0.834157
58.889352 , -0.862452
58.881723 , -0.890745
58.874093 , -0.916804
58.866463 , -0.94286
58.858834 , -0.968752
58.851204 , -0.994643
58.843574 , -1.011061
58.835945 , -1.024818
58.828315 , -1.042732
58.820685 , -1.055326
58.813056 , -1.054569
58.805426 , -1.048492
58.797796 , -1.047736
58.790167 , -1.041659
58.782537 , -1.016082
58.774907 , -0.985185
58.767278 , -0.95994
58.759648 , -0.929375
58.752018 , -0.890687
58.744389 , -0.851998
58.736759 , -0.812977
58.729129 , -0.773956
58.7215 , -0.724298
58.71387 , -0.67464
58.70624 , -0.624982
58.698611 , -0.575324
58.690981 , -0.521455
58.683351 , -0.467586
58.675722 , -0.413717
58.668092 , -0.359848
58.660462 , -0.306146
58.652832 , -0.252444
58.645203 , -0.197577
58.637573 , -0.145371
58.629943 , -0.10892
58.622314 , -0.077786
58.614684 , -0.041169
58.607054 , -0.00987
58.599425 , 0.009019
58.591795 , 0.022589
58.584165 , 0.041478
58.576536 , 0.055048
58.568906 , 0.053715
58.561276 , 0.047063
58.553647 , 0.044401
58.546017 , 0.039079
58.538387 , 0.025612
58.530758 , 0.009487
58.523128 , -0.003814
58.515498 , -0.019773
58.507869 , -0.040464
58.500239 , -0.061153
58.492609 , -0.081845
58.48498 , -0.102534
58.47735 , -0.123281
58.46972 , -0.141366
58.462091 , -0.163609
58.454461 , -0.180531
58.446831 , -0.187205
58.439202 , -0.188559
58.431572 , -0.179277
58.423942 , -0.161129
58.416313 , -0.132346
58.408683 , -0.094697
58.401053 , -0.048406
58.393424 , 0.006751
58.385794 , 0.066691
58.378164 , 0.131953
58.370535 , 0.203916
58.362905 , 0.27854
58.355275 , 0.34679
58.347646 , 0.415043
58.340016 , 0.48612
58.332386 , 0.551879
58.324757 , 0.603343
58.317127 , 0.64949
58.309497 , 0.700954
58.301868 , 0.747101
58.294238 , 0.773745
58.286608 , 0.795071
58.278979 , 0.821715
58.271349 , 0.843041
58.263719 , 0.845486
58.25609 , 0.842612
58.24846 , 0.845223
58.24083 , 0.842515
58.233201 , 0.833159
58.225571 , 0.821143
58.217941 , 0.811621
58.210312 , 0.799439
58.202682 , 0.779446
58.195052 , 0.756793
58.187423 , 0.73547
58.179793 , 0.714147
58.172163 , 0.692657
58.164534 , 0.671168
58.156904 , 0.649679
58.149274 , 0.62819
58.141645 , 0.622788
58.134015 , 0.617386
58.126385 , 0.611984
58.118756 , 0.606583
58.111126 , 0.601181
58.103496 , 0.595779
58.095867 , 0.590377
58.088237 , 0.584975
58.080607 , 0.584006
58.072978 , 0.583036
58.065348 , 0.582067
58.057718 , 0.581097
58.050089 , 0.580128
58.042459 , 0.579158
58.034829 , 0.578188
58.0272 , 0.577219
58.01957 , 0.586855
58.01194 , 0.596492
58.004311 , 0.606129
57.996681 , 0.615766
57.989051 , 0.625402
57.981422 , 0.635039
57.973792 , 0.644675
57.966162 , 0.654312
57.958533 , 0.673699
57.950903 , 0.693087
57.943273 , 0.712474
57.935644 , 0.731862
57.928014 , 0.751249
57.920384 , 0.770637
57.912755 , 0.790024
57.905125 , 0.809412
57.897495 , 0.818515
57.889866 , 0.827619
57.882236 , 0.836722
57.874606 , 0.845825
57.866977 , 0.854928
57.859347 , 0.864032
57.851717 , 0.873136
57.844088 , 0.882239
57.836458 , 0.883807
57.828828 , 0.885376
57.821199 , 0.886778
57.813569 , 0.888181
57.805939 , 0.890082
57.79831 , 0.889323
57.79068 , 0.89272
57.78305 , 0.890799
57.775421 , 0.869868
57.767791 , 0.843621
57.760161 , 0.814048
57.752532 , 0.775613
57.744902 , 0.735181
57.737272 , 0.689432
57.729643 , 0.638308
57.722013 , 0.581866
57.714383 , 0.520713
57.706754 , 0.456903
57.699124 , 0.394255
57.691494 , 0.331608
57.683865 , 0.268129
57.676235 , 0.204651
57.668605 , 0.141338
57.660976 , 0.078027
57.653346 , 0.024263
57.645716 , -0.026839
57.638087 , -0.082098
57.630457 , -0.132036
57.622827 , -0.171505
57.615198 , -0.205654
57.607568 , -0.234265
57.599938 , -0.257555
57.592309 , -0.27309
57.584679 , -0.279759
57.577049 , -0.283105
57.56942 , -0.281132
57.56179 , -0.268633
57.55416 , -0.250814
57.546531 , -0.235823
57.538901 , -0.220829
57.531271 , -0.203707
57.523642 , -0.189243
57.516012 , -0.170624
57.508382 , -0.157324
57.500753 , -0.154495
57.493123 , -0.156985
57.485493 , -0.164793
57.477864 , -0.17792
57.470234 , -0.200798
57.462604 , -0.228994
57.454975 , -0.262343
57.447345 , -0.301011
57.439715 , -0.330205
57.432086 , -0.362058
57.424456 , -0.392581
57.416826 , -0.423105
57.409196 , -0.459771
57.401567 , -0.493778
57.393937 , -0.53194
57.386307 , -0.564784
57.378678 , -0.586934
57.371048 , -0.603766
57.363418 , -0.617053
57.355789 , -0.621474
57.348159 , -0.614594
57.340529 , -0.598849
57.3329 , -0.579559
57.32527 , -0.554949
57.31764 , -0.525465
57.310011 , -0.490662
57.302381 , -0.450872
57.294751 , -0.405764
57.287122 , -0.360865
57.279492 , -0.315966
57.271862 , -0.270901
57.264233 , -0.225836
57.256603 , -0.173625
57.248973 , -0.124072
57.241344 , -0.081002
57.233714 , -0.04325
57.226084 , -0.015305
57.218455 , 0.007322
57.210825 , 0.024631
57.203195 , 0.03662
57.195566 , 0.044122
57.187936 , 0.046305
57.180306 , 0.042006
57.172677 , 0.035048
57.165047 , 0.029662
57.157417 , 0.024276
57.149788 , 0.018723
57.142158 , 0.013171
57.134528 , 0.007785
57.126899 , 0.002398
57.119269 , -0.004151
57.111639 , -0.008041
57.10401 , 0.000811
57.09638 , 0.014982
57.08875 , 0.035469
57.081121 , 0.058615
57.073491 , 0.073949
57.065861 , 0.089284
57.058232 , 0.104618
57.050602 , 0.119953
57.042972 , 0.140936
57.035343 , 0.159261
57.027713 , 0.171103
57.020083 , 0.177627
57.012454 , 0.180328
57.004824 , 0.17771
56.997194 , 0.169774
56.989565 , 0.156518
56.981935 , 0.131463
56.974305 , 0.101088
56.966676 , 0.074869
56.959046 , 0.04599
56.951416 , 0.01761
56.943787 , -0.01077
56.936157 , -0.039316
56.928527 , -0.067863
56.920898 , -0.096596
56.913268 , -0.125329
56.905638 , -0.154062
56.898009 , -0.182796
56.890379 , -0.211529
56.882749 , -0.240262
56.87512 , -0.268995
56.86749 , -0.297729
56.85986 , -0.3207
56.852231 , -0.343671
56.844601 , -0.366642
56.836971 , -0.389614
56.829342 , -0.411921
56.821712 , -0.434227
56.814082 , -0.456367
56.806453 , -0.478508
56.798823 , -0.495343
56.791193 , -0.509519
56.783564 , -0.51677
56.775934 , -0.519588
56.768304 , -0.517754
56.760675 , -0.511486
56.753045 , -0.498293
56.745415 , -0.482441
56.737786 , -0.470024
56.730156 , -0.457607
56.722526 , -0.445189
56.714897 , -0.432773
56.707267 , -0.418361
56.699637 , -0.406609
56.692008 , -0.391865
56.684378 , -0.37978
56.676748 , -0.370943
56.669119 , -0.362106
56.661489 , -0.35327
56.653859 , -0.344433
56.64623 , -0.342134
56.6386 , -0.337175
56.63097 , -0.325181
56.623341 , -0.308753
56.615711 , -0.277146
56.608081 , -0.239334
56.600452 , -0.1972
56.592822 , -0.148861
56.585192 , -0.096866
56.577563 , -0.038665
56.569933 , 0.024577
56.562303 , 0.092251
56.554674 , 0.16339
56.547044 , 0.234531
56.539414 , 0.306944
56.531785 , 0.376699
56.524155 , 0.439639
56.516525 , 0.494601
56.508896 , 0.54092
56.501266 , 0.577489
56.493636 , 0.600317
56.486007 , 0.611622
56.478377 , 0.608965
56.470747 , 0.596558
56.463118 , 0.580382
56.455488 , 0.55623
56.447858 , 0.521439
56.440229 , 0.480444
56.432599 , 0.425964
56.424969 , 0.367054
56.41734 , 0.311743
56.40971 , 0.253775
56.40208 , 0.196746
56.394451 , 0.139719
56.386821 , 0.081195
56.379191 , 0.025332
56.371562 , -0.029259
56.363932 , -0.081189
56.356302 , -0.125917
56.348673 , -0.166213
56.341043 , -0.201967
56.333413 , -0.231514
56.325784 , -0.256852
56.318154 , -0.275983
56.310524 , -0.293644
56.302895 , -0.306873
56.295265 , -0.313897
56.287635 , -0.316489
56.280006 , -0.306671
56.272376 , -0.294193
56.264746 , -0.284264
56.257117 , -0.271675
56.249487 , -0.25327
56.241857 , -0.232204
56.234228 , -0.212469
56.226598 , -0.192733
56.218968 , -0.172832
56.211339 , -0.15293
56.203709 , -0.133028
56.196079 , -0.113127
56.18845 , -0.093107
56.18082 , -0.073088
56.17319 , -0.053235
56.165561 , -0.033381
56.157931 , -0.012198
56.150301 , 0.006325
56.142671 , 0.027674
56.135042 , 0.046364
56.127412 , 0.056854
56.119782 , 0.064685
56.112153 , 0.075064
56.104523 , 0.082784
56.096893 , 0.078094
56.089264 , 0.068972
56.081634 , 0.053755
56.074004 , 0.034106
56.066375 , 0.009487
56.058745 , -0.019564
56.051115 , -0.055541
56.043486 , -0.094175
56.035856 , -0.126274
56.028226 , -0.158371
56.020597 , -0.190637
56.012967 , -0.2229
56.005337 , -0.252562
55.997708 , -0.282221
55.990078 , -0.313212
55.982448 , -0.341542
55.974819 , -0.372699
55.967189 , -0.401195
55.959559 , -0.432352
55.95193 , -0.460848
55.9443 , -0.464851
55.93667 , -0.466193
55.929041 , -0.470195
55.921411 , -0.471537
55.913781 , -0.47554
55.906152 , -0.476882
55.898522 , -0.480885
55.890892 , -0.482226
55.883263 , -0.464068
55.875633 , -0.443249
55.868003 , -0.425091
55.860374 , -0.404271
55.852744 , -0.386113
55.845114 , -0.365294
55.837485 , -0.347302
55.829855 , -0.326649
55.822225 , -0.300672
55.814596 , -0.274695
55.806966 , -0.248884
55.799336 , -0.223073
55.791707 , -0.194603
55.784077 , -0.171452
55.776447 , -0.142649
55.768818 , -0.119165
55.761188 , -0.118286
55.753558 , -0.122725
55.745929 , -0.121679
55.738299 , -0.125952
55.730669 , -0.147345
55.72304 , -0.171396
55.71541 , -0.194284
55.70778 , -0.217173
55.700151 , -0.228406
55.692521 , -0.239639
55.684891 , -0.250705
55.677262 , -0.261772
55.669632 , -0.274002
55.662002 , -0.283573
55.654373 , -0.297465
55.646743 , -0.306039
55.639113 , -0.296163
55.631484 , -0.283628
55.623854 , -0.273753
55.616224 , -0.261218
55.608595 , -0.250013
55.600965 , -0.238808
55.593335 , -0.227436
55.585706 , -0.216065
55.578076 , -0.215054
55.570446 , -0.214043
55.562817 , -0.213031
55.555187 , -0.21202
55.547557 , -0.21101
55.539928 , -0.209998
55.532298 , -0.208987
55.524668 , -0.207976
55.517039 , -0.206965
55.509409 , -0.205954
55.501779 , -0.204943
55.49415 , -0.203932
55.48652 , -0.20292
55.47889 , -0.20191
55.471261 , -0.200898
55.463631 , -0.199887
55.456001 , -0.189728
55.448372 , -0.179568
55.440742 , -0.169409
55.433112 , -0.159249
55.425483 , -0.14909
55.417853 , -0.13893
55.410223 , -0.128771
55.402594 , -0.118611
55.394964 , -0.114657
55.387334 , -0.110703
55.379705 , -0.106582
55.372075 , -0.102461
55.364445 , -0.099504
55.356816 , -0.093888
55.349186 , -0.092427
55.341556 , -0.085647
55.333927 , -0.059544
55.326297 , -0.028121
55.318667 , -0.000854
55.311038 , 0.029071
55.303408 , 0.057169
55.295778 , 0.085267
55.288149 , 0.113199
55.280519 , 0.14113
55.272889 , 0.16884
55.26526 , 0.191232
55.25763 , 0.21041
55.25 , 0.220723
55.242371 , 0.22328
55.234741 , 0.216973
55.227111 , 0.196483
55.219482 , 0.163582
55.211852 , 0.116076
55.204222 , 0.05616
55.196593 , -0.010626
55.188963 , -0.086277
55.181333 , -0.166914
55.173704 , -0.25287
55.166074 , -0.336055
55.158444 , -0.41924
55.150815 , -0.508742
55.143185 , -0.592925
55.135555 , -0.671899
55.127926 , -0.745555
55.120296 , -0.806358
55.112666 , -0.858296
55.105037 , -0.899819
55.097407 , -0.936023
55.089777 , -0.973423
55.082148 , -1.005503
55.074518 , -1.032266
55.066888 , -1.053709
55.059259 , -1.069391
55.051629 , -1.079753
55.043999 , -1.084798
55.03637 , -1.084523
55.02874 , -1.082034
55.02111 , -1.074224
55.013481 , -1.061097
55.005851 , -1.042649
54.998221 , -1.01955
54.990592 , -0.99113
54.982962 , -0.957559
54.975332 , -0.918668
54.967703 , -0.872764
54.960073 , -0.824198
54.952443 , -0.776797
54.944814 , -0.729395
54.937184 , -0.681164
54.929554 , -0.63293
54.921925 , -0.584699
54.914295 , -0.536466
54.906665 , -0.494883
54.899035 , -0.453298
54.891406 , -0.411715
54.883776 , -0.37013
54.876146 , -0.328546
54.868517 , -0.286961
54.860887 , -0.245378
54.853257 , -0.203793
54.845628 , -0.160671
54.837998 , -0.117547
54.830368 , -0.074424
54.822739 , -0.0313
54.815109 , 0.011822
54.807479 , 0.054946
54.79985 , 0.097902
54.79222 , 0.14086
54.78459 , 0.188969
54.776961 , 0.23442
54.769331 , 0.284024
54.761701 , 0.328312
54.754072 , 0.356808
54.746442 , 0.379987
54.738812 , 0.408649
54.731183 , 0.431994
54.723553 , 0.445234
54.715923 , 0.455816
54.708294 , 0.46756
54.700664 , 0.479305
54.693034 , 0.490882
54.685405 , 0.502462
54.677775 , 0.514039
54.670145 , 0.525619
54.662516 , 0.536586
54.654886 , 0.547556
54.647256 , 0.559688
54.639627 , 0.569161
54.631997 , 0.561514
54.624367 , 0.54855
54.616738 , 0.541069
54.609108 , 0.528271
54.601478 , 0.505098
54.593849 , 0.476609
54.586219 , 0.453437
54.578589 , 0.424948
54.57096 , 0.380501
54.56333 , 0.330738
54.5557 , 0.286291
54.548071 , 0.236527
54.540441 , 0.173188
54.532811 , 0.104532
54.525182 , 0.040029
54.517552 , -0.027131
54.509922 , -0.09313
54.502293 , -0.159126
54.494663 , -0.225291
54.487033 , -0.291454
54.479404 , -0.358928
54.471774 , -0.4264
54.464144 , -0.495037
54.456515 , -0.561013
54.448885 , -0.614746
54.441255 , -0.663159
54.433626 , -0.706201
54.425996 , -0.743921
54.418366 , -0.782308
54.410737 , -0.811829
54.403107 , -0.832488
54.395477 , -0.84428
54.387848 , -0.839231
54.380218 , -0.821771
54.372588 , -0.792345
54.364959 , -0.750507
54.357329 , -0.702686
54.349699 , -0.645998
54.34207 , -0.57862
54.33444 , -0.505921
54.32681 , -0.42497
54.319181 , -0.341356
54.311551 , -0.259241
54.303921 , -0.177124
54.296292 , -0.093734
54.288662 , -0.015661
54.281032 , 0.057202
54.273403 , 0.124749
54.265773 , 0.179218
54.258143 , 0.224825
54.250514 , 0.262009
54.242884 , 0.29033
54.235254 , 0.313019
54.227625 , 0.330391
54.219995 , 0.341058
54.212365 , 0.349067
54.204736 , 0.363113
54.197106 , 0.377162
54.189476 , 0.391042
54.181847 , 0.404923
54.174217 , 0.430992
54.166587 , 0.457063
54.158958 , 0.483131
54.151328 , 0.509202
54.143698 , 0.535271
54.136069 , 0.561341
54.128439 , 0.587409
54.120809 , 0.61348
54.11318 , 0.634682
54.10555 , 0.655884
54.09792 , 0.677086
54.090291 , 0.698288
54.082661 , 0.71949
54.075031 , 0.740692
54.067402 , 0.761894
54.059772 , 0.783095
54.052142 , 0.804297
54.044513 , 0.8255
54.036883 , 0.846701
54.029253 , 0.867903
54.021624 , 0.888939
54.013994 , 0.909975
54.006364 , 0.932174
53.998735 , 0.951714
53.991105 , 0.958213
53.983475 , 0.959394
53.975846 , 0.96606
53.968216 , 0.967407
53.960586 , 0.952797
53.952957 , 0.93287
53.945327 , 0.918261
53.937697 , 0.898333
53.930068 , 0.859513
53.922438 , 0.815374
53.914808 , 0.775391
53.907179 , 0.732749
53.899549 , 0.691269
53.891919 , 0.64979
53.88429 , 0.608144
53.87666 , 0.566499
53.86903 , 0.514235
53.861401 , 0.461971
53.853771 , 0.409707
53.846141 , 0.357443
53.838512 , 0.306011
53.830882 , 0.254578
53.823252 , 0.201982
53.815623 , 0.152045
53.807993 , 0.109698
53.800363 , 0.07267
53.792734 , 0.039021
53.785104 , 0.014237
53.777474 , 0.000534
53.769845 , -0.004305
53.762215 , -0.000502
53.754585 , 0.012167
53.746956 , 0.028374
53.739326 , 0.0499
53.731696 , 0.079459
53.724067 , 0.109017
53.716437 , 0.140516
53.708807 , 0.169354
53.701178 , 0.191711
53.693548 , 0.208749
53.685918 , 0.213322
53.678289 , 0.212575
53.670659 , 0.206677
53.663029 , 0.19546
53.655399 , 0.193716
53.64777 , 0.189313
53.64014 , 0.18624
53.63251 , 0.183167
53.624881 , 0.186292
53.617251 , 0.192077
53.609621 , 0.19354
53.601992 , 0.200321
53.594362 , 0.202782
53.586732 , 0.207901
53.579103 , 0.211857
53.571473 , 0.215813
53.563843 , 0.219769
53.556214 , 0.223725
53.548584 , 0.228845
53.540954 , 0.231305
53.533325 , 0.238087
53.525695 , 0.23955
53.518065 , 0.245168
53.510436 , 0.248127
53.502806 , 0.229292
53.495176 , 0.207797
53.487547 , 0.188962
53.479917 , 0.167468
53.472287 , 0.148798
53.464658 , 0.12747
53.457028 , 0.107471
53.449398 , 0.087473
53.441769 , 0.060106
53.434139 , 0.032738
53.426509 , 0.002712
53.41888 , -0.021996
53.41125 , -0.03108
53.40362 , -0.034846
53.395991 , -0.043931
53.388361 , -0.047696
53.380731 , -0.029491
53.373102 , -0.005967
53.365472 , 0.013401
53.357842 , 0.035429
53.350213 , 0.055961
53.342583 , 0.076493
53.334953 , 0.09985
53.327324 , 0.117889
53.319694 , 0.116758
53.312064 , 0.110309
53.304435 , 0.109179
53.296805 , 0.102729
53.289175 , 0.080491
53.281546 , 0.052933
53.273916 , 0.02953
53.266286 , 0.003469
53.258657 , -0.022628
53.251027 , -0.048724
53.243397 , -0.07615
53.235768 , -0.100917
53.228138 , -0.134715
53.220508 , -0.163193
53.212879 , -0.186298
53.205249 , -0.204084
53.197619 , -0.201704
53.18999 , -0.190458
53.18236 , -0.170792
53.17473 , -0.142262
53.167101 , -0.115005
53.159471 , -0.08243
53.151841 , -0.043151
53.144212 , -0.001213
53.136582 , 0.037468
53.128952 , 0.076152
53.121323 , 0.114833
53.113693 , 0.153516
53.106063 , 0.194026
53.098434 , 0.231878
53.090804 , 0.273884
53.083174 , 0.310573
53.075545 , 0.329697
53.067915 , 0.343504
53.060285 , 0.362629
53.052656 , 0.376436
53.045026 , 0.374452
53.037396 , 0.367151
53.029767 , 0.363837
53.022137 , 0.357866
53.014507 , 0.346193
53.006878 , 0.331863
52.999248 , 0.318861
52.991618 , 0.30586
52.983989 , 0.292691
52.976359 , 0.279525
52.968729 , 0.266356
52.9611 , 0.253189
52.95347 , 0.238968
52.94584 , 0.224749
52.938211 , 0.211691
52.930581 , 0.195976
52.922951 , 0.163139
52.915322 , 0.124986
52.907692 , 0.092315
52.900062 , 0.054328
52.892433 , 0.007424
52.884803 , -0.044798
52.877173 , -0.094194
52.869544 , -0.143591
52.861914 , -0.199359
52.854284 , -0.252468
52.846655 , -0.298873
52.839025 , -0.339959
52.831395 , -0.366807
52.823766 , -0.38479
52.816136 , -0.394131
52.808506 , -0.394607
52.800877 , -0.387991
52.793247 , -0.372512
52.785617 , -0.346395
52.777988 , -0.314959
52.770358 , -0.276895
52.762728 , -0.233513
52.755099 , -0.192957
52.747469 , -0.1524
52.739839 , -0.109905
52.73221 , -0.070068
52.72458 , -0.026077
52.71695 , 0.012596
52.709321 , 0.041906
52.701691 , 0.065897
52.694061 , 0.086342
52.686432 , 0.097923
52.678802 , 0.099088
52.671172 , 0.091389
52.663543 , 0.075047
52.655913 , 0.04984
52.648283 , 0.02149
52.640654 , -0.012179
52.633024 , -0.043245
52.625394 , -0.07431
52.617765 , -0.107979
52.610135 , -0.138989
52.602505 , -0.174154
52.594876 , -0.204001
52.587246 , -0.211853
52.579616 , -0.214386
52.571987 , -0.222237
52.564357 , -0.22477
52.556727 , -0.211513
52.549098 , -0.192938
52.541468 , -0.178517
52.533838 , -0.161438
52.526209 , -0.146872
52.518579 , -0.132306
52.510949 , -0.117574
52.50332 , -0.102842
52.49569 , -0.08811
52.48806 , -0.073379
52.480431 , -0.058647
52.472801 , -0.043915
52.465171 , -0.034058
52.457542 , -0.024202
52.449912 , -0.014345
52.442282 , -0.004489
52.434653 , 0.005368
52.427023 , 0.015224
52.419393 , 0.025081
52.411764 , 0.034937
52.404134 , 0.056401
52.396504 , 0.077864
52.388874 , 0.099161
52.381245 , 0.120458
52.373615 , 0.147794
52.365985 , 0.172471
52.358356 , 0.190444
52.350726 , 0.203098
52.343096 , 0.204617
52.335467 , 0.197271
52.327837 , 0.181503
52.320207 , 0.156872
52.312578 , 0.133514
52.304948 , 0.104838
52.297318 , 0.069458
52.289689 , 0.031419
52.282059 , -0.007721
52.274429 , -0.046862
52.2668 , -0.087331
52.25917 , -0.125142
52.25154 , -0.146498
52.243911 , -0.162535
52.236281 , -0.184058
52.228651 , -0.200261
52.221022 , -0.202614
52.213392 , -0.199648
52.205762 , -0.199342
52.198133 , -0.199036
52.190503 , -0.198397
52.182873 , -0.197758
52.175244 , -0.197119
52.167614 , -0.19648
52.159984 , -0.198646
52.152355 , -0.20081
52.144725 , -0.202976
52.137095 , -0.20514
52.129466 , -0.207306
52.121836 , -0.20947
52.114206 , -0.211636
52.106577 , -0.2138
52.098947 , -0.225717
52.091317 , -0.237632
52.083688 , -0.249549
52.076058 , -0.261464
52.068428 , -0.273381
52.060799 , -0.285295
52.053169 , -0.297213
52.045539 , -0.309127
52.03791 , -0.331342
52.03028 , -0.353555
52.02265 , -0.37577
52.015021 , -0.397983
52.007391 , -0.420198
51.999761 , -0.442411
51.992132 , -0.464626
51.984502 , -0.486839
51.976872 , -0.49753
51.969243 , -0.508219
51.961613 , -0.51891
51.953983 , -0.529599
51.946354 , -0.54029
51.938724 , -0.55098
51.931094 , -0.561837
51.923465 , -0.572692
51.915835 , -0.58772
51.908205 , -0.605406
51.900576 , -0.621431
51.892946 , -0.637455
51.885316 , -0.659629
51.877687 , -0.679143
51.870057 , -0.692509
51.862427 , -0.699668
51.854798 , -0.699848
51.847168 , -0.692049
51.839538 , -0.673835
51.831909 , -0.649415
51.824279 , -0.624331
51.816649 , -0.594813
51.80902 , -0.558261
51.80139 , -0.519049
51.79376 , -0.478293
51.786131 , -0.437535
51.778501 , -0.396614
51.770871 , -0.35569
51.763242 , -0.314104
51.755612 , -0.272515
51.747982 , -0.231094
51.740353 , -0.189672
51.732723 , -0.162435
51.725093 , -0.137855
51.717464 , -0.110452
51.709834 , -0.085706
51.702204 , -0.058302
51.694575 , -0.033556
51.686945 , -0.006153
51.679315 , 0.018593
51.671686 , 0.022461
51.664056 , 0.023672
51.656426 , 0.027705
51.648797 , 0.029082
51.641167 , 0.031786
51.633537 , 0.034492
51.625908 , 0.03703
51.618278 , 0.03957
51.610648 , 0.030418
51.603019 , 0.021268
51.595389 , 0.013446
51.587759 , 0.002966
51.58013 , -0.00469
51.5725 , -0.015003
51.56487 , -0.022493
51.557241 , -0.03264
51.549611 , -0.050858
51.541981 , -0.069073
51.534352 , -0.087179
51.526722 , -0.105284
51.519092 , -0.130925
51.511463 , -0.152132
51.503833 , -0.167413
51.496203 , -0.178259
51.488574 , -0.17426
51.480944 , -0.165827
51.473314 , -0.150303
51.465685 , -0.132119
51.458055 , -0.124464
51.450425 , -0.114146
51.442796 , -0.101171
51.435166 , -0.085536
51.427536 , -0.060013
51.419907 , -0.031828
51.412277 , 0.000343
51.404647 , 0.032517
51.397018 , 0.061364
51.389388 , 0.090214
51.381758 , 0.12028
51.374129 , 0.147689
51.366499 , 0.168392
51.358869 , 0.184665
51.35124 , 0.195839
51.34361 , 0.200809
51.33598 , 0.202343
51.328351 , 0.199447
51.320721 , 0.189513
51.313091 , 0.17692
51.305462 , 0.161619
51.297832 , 0.146319
51.290202 , 0.134951
51.282573 , 0.126245
51.274943 , 0.125791
51.267313 , 0.129771
51.259684 , 0.139733
51.252054 , 0.154129
51.244424 , 0.170352
51.236795 , 0.189236
51.229165 , 0.212217
51.221535 , 0.235201
51.213906 , 0.255856
51.206276 , 0.276512
51.198646 , 0.298663
51.191017 , 0.318156
51.183387 , 0.336287
51.175757 , 0.354419
51.168128 , 0.372549
51.160498 , 0.390682
51.152868 , 0.407483
51.145238 , 0.426944
51.137609 , 0.443579
51.129979 , 0.462875
51.122349 , 0.494413
51.11472 , 0.528612
51.10709 , 0.56148
51.09946 , 0.594349
51.091831 , 0.627383
51.084201 , 0.660419
51.076571 , 0.693452
51.068942 , 0.726488
51.061312 , 0.754459
51.053682 , 0.782433
51.046053 , 0.811623
51.038423 , 0.838155
51.030793 , 0.873606
51.023164 , 0.904627
51.015534 , 0.930438
51.007904 , 0.950045
51.000275 , 0.956132
50.992645 , 0.956016
50.985015 , 0.951577
50.977386 , 0.940935
50.969756 , 0.922755
50.962126 , 0.900146
50.954497 , 0.875817
50.946867 , 0.848831
50.939237 , 0.819674
50.931608 , 0.790516
50.923978 , 0.761192
50.916348 , 0.731869
50.908719 , 0.702213
50.901089 , 0.672557
50.893459 , 0.642735
50.88583 , 0.612912
50.8782 , 0.573339
50.87057 , 0.531106
50.862941 , 0.4917
50.855311 , 0.449634
50.847681 , 0.410393
50.840052 , 0.368493
50.832422 , 0.327922
50.824792 , 0.287352
50.817163 , 0.246913
50.809533 , 0.206474
50.801903 , 0.164817
50.794274 , 0.125818
50.786644 , 0.077457
50.779014 , 0.033528
50.771385 , -0.004418
50.763755 , -0.037931
50.756125 , -0.064076
50.748496 , -0.087562
50.740866 , -0.107114
50.733236 , -0.126666
50.725607 , -0.144057
50.717977 , -0.164107
50.710347 , -0.186651
50.702718 , -0.211854
50.695088 , -0.243749
50.687458 , -0.278301
50.679829 , -0.311525
50.672199 , -0.344748
50.664569 , -0.378471
50.65694 , -0.412192
50.64931 , -0.445749
50.64168 , -0.479304
50.634051 , -0.499121
50.626421 , -0.516276
50.618791 , -0.53626
50.611162 , -0.553582
50.603532 , -0.573565
50.595902 , -0.590887
50.588273 , -0.611036
50.580643 , -0.628524
50.573013 , -0.640134
50.565384 , -0.651743
50.557754 , -0.663353
50.550124 , -0.674962
50.542495 , -0.685077
50.534865 , -0.697849
50.527235 , -0.709126
50.519606 , -0.720403
50.511976 , -0.73639
50.504346 , -0.752375
50.496717 , -0.768196
50.489087 , -0.784016
50.481457 , -0.803493
50.473828 , -0.82031
50.466198 , -0.834524
50.458568 , -0.846077
50.450939 , -0.85085
50.443309 , -0.85119
50.435679 , -0.845325
50.42805 , -0.835028
50.42042 , -0.820077
50.41279 , -0.798921
50.405161 , -0.773555
50.397531 , -0.741982
50.389901 , -0.705591
50.382272 , -0.664766
50.374642 , -0.62073
50.367012 , -0.576692
50.359383 , -0.532212
50.351753 , -0.487731
50.344123 , -0.447239
50.336494 , -0.409407
50.328864 , -0.378964
50.321234 , -0.35118
50.313605 , -0.325891
50.305975 , -0.303258
50.298345 , -0.276971
50.290716 , -0.250683
50.283086 , -0.224562
50.275456 , -0.19844
50.267827 , -0.173594
50.260197 , -0.148746
50.252567 , -0.127999
50.244938 , -0.10991
50.237308 , -0.100742
50.229678 , -0.096005
50.222049 , -0.097254
50.214419 , -0.102932
50.206789 , -0.114238
50.19916 , -0.128201
50.19153 , -0.144937
50.1839 , -0.164329
50.176271 , -0.176078
50.168641 , -0.190485
50.161011 , -0.207552
50.153382 , -0.227277
50.145752 , -0.257143
50.138122 , -0.289666
50.130493 , -0.32618
50.122863 , -0.362691
50.115233 , -0.395881
50.107604 , -0.429069
50.099974 , -0.463478
50.092344 , -0.495225
50.084715 , -0.522882
50.077085 , -0.546104
50.069455 , -0.56412
50.061826 , -0.57593
50.054196 , -0.584417
50.046566 , -0.586697
50.038937 , -0.584657
50.031307 , -0.576411
50.023677 , -0.559468
50.016048 , -0.538091
50.008418 , -0.513503
50.000788 , -0.488913
49.993159 , -0.46654
49.985529 , -0.444167
49.977899 , -0.420298
49.97027 , -0.399088
49.96264 , -0.384398
49.95501 , -0.369707
49.947381 , -0.355183
49.939751 , -0.340659
49.932121 , -0.326135
49.924492 , -0.31161
49.916862 , -0.297086
49.909232 , -0.282562
49.901603 , -0.258287
49.893973 , -0.234012
49.886343 , -0.209737
49.878713 , -0.185462
49.871084 , -0.161187
49.863454 , -0.136912
49.855824 , -0.112637
49.848195 , -0.088362
49.840565 , -0.063151
49.832935 , -0.037941
49.825306 , -0.011568
49.817676 , 0.012146
49.810046 , 0.040015
49.802417 , 0.062566
49.794787 , 0.090601
49.787157 , 0.113318
49.779528 , 0.116977
49.771898 , 0.115316
49.764268 , 0.119141
49.756639 , 0.117647
49.749009 , 0.098867
49.741379 , 0.077428
49.73375 , 0.058482
49.72612 , 0.036876
49.71849 , 0.010448
49.710861 , -0.018641
49.703231 , -0.046399
49.695601 , -0.074158
49.687972 , -0.101085
49.680342 , -0.128013
49.672712 , -0.157599
49.665083 , -0.181868
49.657453 , -0.197825
49.649823 , -0.208464
49.642194 , -0.215558
49.634564 , -0.213787
49.626934 , -0.200935
49.619305 , -0.179219
49.611675 , -0.14886
49.604045 , -0.109636
49.596416 , -0.056652
49.588786 , 0.00165
49.581156 , 0.065161
49.573527 , 0.13399
49.565897 , 0.194011
49.558267 , 0.254031
49.550638 , 0.315547
49.543008 , 0.374403
49.535378 , 0.432983
49.527749 , 0.486244
49.520119 , 0.529034
49.512489 , 0.56296
49.50486 , 0.589351
49.49723 , 0.606877
49.4896 , 0.615539
49.481971 , 0.615336
49.474341 , 0.598262
49.466711 , 0.572323
49.459082 , 0.535747
49.451452 , 0.493852
49.443822 , 0.44481
49.436193 , 0.39045
49.428563 , 0.340244
49.420933 , 0.28738
49.413304 , 0.238283
49.405674 , 0.189185
49.398044 , 0.138759
49.390415 , 0.090991
49.382785 , 0.039068
49.375155 , -0.007536
49.367526 , -0.059625
49.359896 , -0.106395
49.352266 , -0.127936
49.344637 , -0.144159
49.337007 , -0.164371
49.329377 , -0.181923
49.321748 , -0.201968
49.314118 , -0.219354
49.306488 , -0.2394
49.298859 , -0.256786
49.291229 , -0.251124
49.283599 , -0.242804
49.27597 , -0.237142
49.26834 , -0.228821
49.26071 , -0.22316
49.253081 , -0.214839
49.245451 , -0.209177
49.237821 , -0.200857
49.230192 , -0.1765
49.222562 , -0.149483
49.214932 , -0.123797
49.207303 , -0.098109
49.199673 , -0.072257
49.192043 , -0.046402
49.184414 , -0.02055
49.176784 , 0.005304
49.169154 , 0.016087
49.161525 , 0.026871
49.153895 , 0.037653
49.146265 , 0.048438
49.138636 , 0.059221
49.131006 , 0.070005
49.123376 , 0.080788
49.115747 , 0.091573
49.108117 , 0.089523
49.100487 , 0.087474
49.092858 , 0.085425
49.085228 , 0.083376
49.077598 , 0.081326
49.069969 , 0.079278
49.062339 , 0.077229
49.054709 , 0.075181
49.04708 , 0.081109
49.03945 , 0.087038
49.03182 , 0.092967
49.024191 , 0.098896
49.016561 , 0.104824
49.008931 , 0.110754
49.001302 , 0.116682
48.993672 , 0.122612
48.986042 , 0.129224
48.978413 , 0.135836
48.970783 , 0.142448
48.963153 , 0.14906
48.955524 , 0.155838
48.947894 , 0.162616
48.940264 , 0.168065
48.932635 , 0.176173
48.925005 , 0.19104
48.917375 , 0.208566
48.909746 , 0.224762
48.902116 , 0.240959
48.894486 , 0.257156
48.886857 , 0.273353
48.879227 , 0.290879
48.871597 , 0.305746
48.863968 , 0.307738
48.856338 , 0.307072
48.848708 , 0.309231
48.841079 , 0.308731
48.833449 , 0.30956
48.825819 , 0.310389
48.81819 , 0.311052
48.81056 , 0.311715
48.80293 , 0.315038
48.795301 , 0.31836
48.787671 , 0.321682
48.780041 , 0.325005
48.772412 , 0.328328
48.764782 , 0.33165
48.757152 , 0.334972
48.749523 , 0.338295
48.741893 , 0.344763
48.734263 , 0.351233
48.726634 , 0.357868
48.719004 , 0.364504
48.711374 , 0.369809
48.703745 , 0.377774
48.696115 , 0.382913
48.688485 , 0.390713
48.680856 , 0.41624
48.673226 , 0.444427
48.665596 , 0.469788
48.657967 , 0.497809
48.650337 , 0.5245
48.642707 , 0.551192
48.635077 , 0.578048
48.627448 , 0.604907
48.619818 , 0.623723
48.612188 , 0.64254
48.604559 , 0.662576
48.596929 , 0.679953
48.589299 , 0.701041
48.58167 , 0.717698
48.57404 , 0.738896
48.56641 , 0.755664
48.558781 , 0.742291
48.551151 , 0.724488
48.543521 , 0.711226
48.535892 , 0.693533
48.528262 , 0.679551
48.520632 , 0.662911
48.513003 , 0.647489
48.505373 , 0.632068
48.497743 , 0.609839
48.490114 , 0.587612
48.482484 , 0.565383
48.474854 , 0.543157
48.467225 , 0.520928
48.459595 , 0.498701
48.451965 , 0.476473
48.444336 , 0.454246
48.436706 , 0.438222
48.429076 , 0.422201
48.421447 , 0.406177
48.413817 , 0.390155
48.406187 , 0.374132
48.398558 , 0.35811
48.390928 , 0.342086
48.383298 , 0.326065
48.375669 , 0.308427
48.368039 , 0.290792
48.360409 , 0.272989
48.35278 , 0.255187
48.34515 , 0.23888
48.33752 , 0.219915
48.329891 , 0.202444
48.322261 , 0.184975
48.314631 , 0.164678
48.307002 , 0.144383
48.299372 , 0.124253
48.291742 , 0.104125
48.284113 , 0.082665
48.276483 , 0.063866
48.268853 , 0.04224
48.261224 , 0.023275
48.253594 , 0.018041
48.245964 , 0.015468
48.238335 , 0.011564
48.230705 , 0.007662
48.223075 , 0.003924
48.215446 , 0.000187
48.207816 , -0.003716
48.200186 , -0.007619
48.192557 , -0.021717
48.184927 , -0.038473
48.177297 , -0.052405
48.169668 , -0.068995
48.162038 , -0.082761
48.154408 , -0.099184
48.146779 , -0.11428
48.139149 , -0.129374
48.131519 , -0.154518
48.12389 , -0.17966
48.11626 , -0.204804
48.10863 , -0.229947
48.101001 , -0.254925
48.093371 , -0.279901
48.085741 , -0.306209
48.078112 , -0.329855
48.070482 , -0.346024
48.062852 , -0.359532
48.055223 , -0.376587
48.047593 , -0.389209
48.039963 , -0.3851
48.032334 , -0.376558
48.024704 , -0.372394
48.017074 , -0.363796
48.009445 , -0.341171
48.001815 , -0.313227
47.994185 , -0.289494
47.986556 , -0.263102
47.978926 , -0.237873
47.971296 , -0.212644
47.963667 , -0.187249
47.956037 , -0.161853
47.948407 , -0.136458
47.940778 , -0.111063
47.933148 , -0.085668
47.925518 , -0.060272
47.917889 , -0.034877
47.910259 , -0.009482
47.902629 , 0.015913
47.895 , 0.041308
47.88737 , 0.061143
47.87974 , 0.080977
47.872111 , 0.101974
47.864481 , 0.120313
47.856851 , 0.121531
47.849222 , 0.117432
47.841592 , 0.118817
47.833962 , 0.114883
47.826333 , 0.090118
47.818703 , 0.060035
47.811073 , 0.035436
47.803444 , 0.005518
47.795814 , -0.020244
47.788184 , -0.048666
47.780555 , -0.075923
47.772925 , -0.103182
47.765295 , -0.138548
47.757666 , -0.173914
47.750036 , -0.20928
47.742406 , -0.244646
47.734777 , -0.280012
47.727147 , -0.315378
47.719517 , -0.350744
47.711888 , -0.38611
47.704258 , -0.424135
47.696628 , -0.46216
47.688999 , -0.500185
47.681369 , -0.538211
47.673739 , -0.576236
47.66611 , -0.614262
47.65848 , -0.652287
47.65085 , -0.690312
47.643221 , -0.724978
47.635591 , -0.759645
47.627961 , -0.794312
47.620332 , -0.828978
47.612702 , -0.863645
47.605072 , -0.898311
47.597443 , -0.932978
47.589813 , -0.967644
47.582183 , -0.99123
47.574554 , -1.014816
47.566924 , -1.038236
47.559294 , -1.061656
47.551665 , -1.086239
47.544035 , -1.108163
47.536405 , -1.134242
47.528776 , -1.155003
47.521146 , -1.154578
47.513516 , -1.148834
47.505887 , -1.148576
47.498257 , -1.142997
47.490627 , -1.120301
47.482998 , -1.094944
47.475368 , -1.070752
47.467738 , -1.046558
47.460109 , -1.022034
47.452479 , -0.997508
47.444849 , -0.974147
47.43722 , -0.948125
47.42959 , -0.904985
47.42196 , -0.856525
47.414331 , -0.813552
47.406701 , -0.765258
47.399071 , -0.707485
47.391441 , -0.644392
47.383812 , -0.584126
47.376182 , -0.523858
47.368552 , -0.457664
47.360923 , -0.394127
47.353293 , -0.337296
47.345663 , -0.285782
47.338034 , -0.238979
47.330404 , -0.201038
47.322774 , -0.17684
47.315145 , -0.165049
47.307515 , -0.168552
47.299885 , -0.180917
47.292256 , -0.20381
47.284626 , -0.232021
47.276996 , -0.263498
47.269367 , -0.294976
47.261737 , -0.327949
47.254107 , -0.358263
47.246478 , -0.372344
47.238848 , -0.381106
47.231218 , -0.397348
47.223589 , -0.404725
47.215959 , -0.394152
47.208329 , -0.37826
47.2007 , -0.367631
47.19307 , -0.351684
47.18544 , -0.318617
47.177811 , -0.282891
47.170181 , -0.248328
47.162551 , -0.213766
47.154922 , -0.188989
47.147292 , -0.164211
47.139662 , -0.139434
47.132033 , -0.114657
47.124403 , -0.08988
47.116773 , -0.065103
47.109144 , -0.040326
47.101514 , -0.015549
47.093884 , 0.013661
47.086255 , 0.04287
47.078625 , 0.07208
47.070995 , 0.101289
47.063366 , 0.130498
47.055736 , 0.159708
47.048106 , 0.188917
47.040477 , 0.218126
47.032847 , 0.258924
47.025217 , 0.299722
47.017588 , 0.341683
47.009958 , 0.380986
47.002328 , 0.411811
46.994699 , 0.437318
46.987069 , 0.452353
46.979439 , 0.458526
46.97181 , 0.457826
46.96418 , 0.448264
46.95655 , 0.430058
46.948921 , 0.402988
46.941291 , 0.370931
46.933661 , 0.333556
46.926032 , 0.298784
46.918402 , 0.264014
46.910772 , 0.228556
46.903143 , 0.195759
46.895513 , 0.158805
46.887883 , 0.127172
46.880254 , 0.111327
46.872624 , 0.100802
46.864994 , 0.084957
46.857365 , 0.074432
46.849735 , 0.086787
46.842105 , 0.104463
46.834476 , 0.11798
46.826846 , 0.13416
46.819216 , 0.149174
46.811587 , 0.16419
46.803957 , 0.17937
46.796327 , 0.194552
46.788698 , 0.218732
46.781068 , 0.242914
46.773438 , 0.267094
46.765809 , 0.291275
46.758179 , 0.315455
46.750549 , 0.339637
46.74292 , 0.36365
46.73529 , 0.387666
46.72766 , 0.40974
46.720031 , 0.429157
46.712401 , 0.452727
46.704771 , 0.470981
46.697142 , 0.473443
46.689512 , 0.470588
46.681882 , 0.47305
46.674253 , 0.470195
46.666623 , 0.445932
46.658993 , 0.416352
46.651364 , 0.392255
46.643734 , 0.362842
46.636104 , 0.337582
46.628475 , 0.309664
46.620845 , 0.282907
46.613215 , 0.256154
46.605586 , 0.222306
46.597956 , 0.18846
46.590326 , 0.153449
46.582697 , 0.121099
46.575067 , 0.105866
46.567437 , 0.095954
46.559808 , 0.08039
46.552178 , 0.070146
46.544548 , 0.069948
46.536919 , 0.07241
46.529289 , 0.073709
46.521659 , 0.075007
46.51403 , 0.076472
46.5064 , 0.077937
46.49877 , 0.079401
46.491141 , 0.080866
46.483511 , 0.083661
46.475881 , 0.086455
46.468252 , 0.089249
46.460622 , 0.092043
46.452992 , 0.094838
46.445363 , 0.097632
46.437733 , 0.100427
46.430103 , 0.103221
46.422474 , 0.093044
46.414844 , 0.082868
46.407214 , 0.07269
46.399585 , 0.062514
46.391955 , 0.052337
46.384325 , 0.042161
46.376696 , 0.031817
46.369066 , 0.021474
46.361436 , 0.00742
46.353807 , -0.009295
46.346177 , -0.021854
46.338547 , -0.039732
46.330918 , -0.0734
46.323288 , -0.112386
46.315658 , -0.145887
46.308029 , -0.184707
46.300399 , -0.225717
46.292769 , -0.269385
46.28514 , -0.311558
46.27751 , -0.35373
46.26988 , -0.398729
46.262251 , -0.438408
46.254621 , -0.483739
46.246991 , -0.523751
46.239362 , -0.530522
46.231732 , -0.531973
46.224102 , -0.539076
46.216473 , -0.54086
46.208843 , -0.545304
46.201213 , -0.549747
46.193584 , -0.553859
46.185954 , -0.557969
46.178324 , -0.572794
46.170695 , -0.587618
46.163065 , -0.602443
46.155435 , -0.617267
46.147806 , -0.631927
46.140176 , -0.646584
46.132546 , -0.662406
46.124916 , -0.675568
46.117287 , -0.679147
46.109657 , -0.677405
46.102027 , -0.68115
46.094398 , -0.679574
46.086768 , -0.662211
46.079138 , -0.639527
46.071509 , -0.621
46.063879 , -0.599812
46.056249 , -0.575194
46.04862 , -0.550576
46.04099 , -0.525792
46.03336 , -0.501008
46.025731 , -0.476556
46.018101 , -0.452105
46.010471 , -0.427819
46.002842 , -0.403534
45.995212 , -0.388168
45.987582 , -0.375462
45.979953 , -0.363919
45.972323 , -0.357695
45.964693 , -0.358451
45.957064 , -0.364527
45.949434 , -0.37725
45.941804 , -0.392633
45.934175 , -0.411057
45.926545 , -0.432139
45.918915 , -0.455881
45.911286 , -0.482282
45.903656 , -0.500539
45.896026 , -0.521455
45.888397 , -0.54636
45.880767 , -0.571266
45.873137 , -0.594176
45.865508 , -0.617087
45.857878 , -0.641161
45.850248 , -0.662576
45.842619 , -0.693797
45.834989 , -0.7197
45.827359 , -0.74045
45.81973 , -0.755881
45.8121 , -0.761056
45.80447 , -0.760912
45.796841 , -0.755616
45.789211 , -0.745001
45.781581 , -0.725578
45.773952 , -0.703495
45.766322 , -0.677256
45.758692 , -0.651018
45.751063 , -0.632702
45.743433 , -0.614386
45.735803 , -0.596237
45.728174 , -0.578087
45.720544 , -0.558442
45.712914 , -0.541455
45.705285 , -0.520314
45.697655 , -0.504491
45.690025 , -0.507471
45.682396 , -0.515769
45.674766 , -0.519912
45.667136 , -0.526715
45.659507 , -0.532354
45.651877 , -0.537993
45.644247 , -0.543798
45.636618 , -0.549603
45.628988 , -0.555408
45.621358 , -0.561213
45.613729 , -0.567019
45.606099 , -0.572824
45.598469 , -0.578629
45.59084 , -0.584434
45.58321 , -0.590239
45.57558 , -0.596045
45.567951 , -0.585326
45.560321 , -0.574607
45.552691 , -0.563888
45.545062 , -0.55317
45.537432 , -0.542783
45.529802 , -0.532397
45.522173 , -0.522177
45.514543 , -0.511957
45.506913 , -0.492485
45.499284 , -0.475672
45.491654 , -0.460022
45.484024 , -0.449691
45.476395 , -0.446175
45.468765 , -0.447977
45.461135 , -0.454932
45.453506 , -0.467206
45.445876 , -0.477865
45.438246 , -0.491184
45.430617 , -0.503007
45.422987 , -0.514831
45.415357 , -0.53502
45.407728 , -0.549891
45.400098 , -0.559553
45.392468 , -0.563897
45.384839 , -0.55583
45.377209 , -0.5389
45.369579 , -0.511553
45.36195 , -0.478889
45.35432 , -0.444672
45.34669 , -0.405137
45.339061 , -0.360283
45.331431 , -0.310111
45.323801 , -0.25672
45.316172 , -0.19801
45.308542 , -0.134149
45.300912 , -0.064968
45.293283 , 0.01269
45.285653 , 0.093006
45.278023 , 0.177478
45.270394 , 0.26195
45.262764 , 0.346422
45.255134 , 0.430893
45.247505 , 0.51121
45.239875 , 0.588868
45.232245 , 0.658048
45.224616 , 0.72191
45.216986 , 0.78062
45.209356 , 0.834011
45.201727 , 0.885331
45.194097 , 0.931333
45.186467 , 0.972015
45.178838 , 1.00738
45.171208 , 1.037204
45.163578 , 1.061709
45.155949 , 1.08289
45.148319 , 1.095207
45.140689 , 1.092232
45.13306 , 1.083939
45.12543 , 1.070106
45.1178 , 1.050954
45.110171 , 1.027314
45.102541 , 0.998356
45.094911 , 0.962915
45.087282 , 0.924816
45.079652 , 0.895655
45.072022 , 0.866494
45.064393 , 0.837167
45.056763 , 0.80784
45.049133 , 0.777848
45.041504 , 0.747856
45.033874 , 0.717864
45.026244 , 0.687872
45.018615 , 0.67162
45.010985 , 0.655368
45.003355 , 0.639116
44.995726 , 0.622864
44.988096 , 0.606612
44.980466 , 0.59036
44.972837 , 0.574108
44.965207 , 0.557856
44.957577 , 0.537788
44.949948 , 0.51772
44.942318 , 0.497652
44.934688 , 0.477584
44.927059 , 0.457516
44.919429 , 0.437449
44.911799 , 0.41738
44.90417 , 0.397313
44.89654 , 0.371039
44.88891 , 0.344767
44.88128 , 0.318493
44.873651 , 0.292221
44.866021 , 0.265947
44.858391 , 0.239675
44.850762 , 0.213401
44.843132 , 0.187129
44.835502 , 0.16637
44.827873 , 0.145611
44.820243 , 0.125019
44.812613 , 0.104426
44.804984 , 0.080343
44.797354 , 0.058919
44.789724 , 0.03866
44.782095 , 0.023718
44.774465 , 0.019802
44.766835 , 0.021204
44.759206 , 0.027925
44.751576 , 0.039965
44.743946 , 0.053224
44.736317 , 0.071801
44.728687 , 0.100794
44.721057 , 0.138651
44.713428 , 0.185214
44.705798 , 0.237095
44.698168 , 0.29568
44.690539 , 0.356924
44.682909 , 0.411465
44.675279 , 0.466005
44.66765 , 0.520545
44.66002 , 0.575086
44.65239 , 0.629239
44.644761 , 0.680732
44.637131 , 0.725743
44.629501 , 0.765436
44.621872 , 0.799976
44.614242 , 0.829197
44.606612 , 0.854873
44.598983 , 0.871685
44.591353 , 0.880415
44.583723 , 0.880282
44.576094 , 0.871506
44.568464 , 0.853866
44.560834 , 0.823316
44.553205 , 0.787448
44.545575 , 0.744876
44.537945 , 0.699645
44.530316 , 0.662447
44.522686 , 0.62525
44.515056 , 0.588052
44.507427 , 0.550854
44.499797 , 0.50651
44.492167 , 0.464824
44.484538 , 0.429621
44.476908 , 0.399736
44.469278 , 0.377172
44.461649 , 0.359926
44.454019 , 0.347999
44.446389 , 0.341391
44.43876 , 0.339602
44.43113 , 0.343132
44.4235 , 0.353311
44.415871 , 0.366148
44.408241 , 0.385026
44.400611 , 0.406561
44.392982 , 0.430757
44.385352 , 0.457612
44.377722 , 0.478649
44.370093 , 0.502346
44.362463 , 0.52438
44.354833 , 0.546415
44.347204 , 0.57773
44.339574 , 0.603727
44.331944 , 0.624516
44.324315 , 0.639987
44.316685 , 0.642381
44.309055 , 0.635913
44.301426 , 0.6208
44.293796 , 0.596825
44.286166 , 0.567196
44.278537 , 0.528705
44.270907 , 0.486667
44.263277 , 0.439312
44.255648 , 0.384641
44.248018 , 0.324654
44.240388 , 0.262171
44.232759 , 0.199691
44.225129 , 0.134917
44.217499 , 0.072803
44.20987 , 0.01717
44.20224 , -0.033143
44.19461 , -0.079301
44.186981 , -0.12014
44.179351 , -0.155662
44.171721 , -0.185863
44.164092 , -0.206371
44.156462 , -0.221559
44.148832 , -0.230099
44.141203 , -0.235979
44.133573 , -0.252664
44.125943 , -0.266687
44.118314 , -0.278054
44.110684 , -0.286759
44.103054 , -0.28523
44.095425 , -0.281042
44.087795 , -0.280399
44.080165 , -0.275325
44.072536 , -0.253297
44.064906 , -0.226837
44.057276 , -0.203923
44.049647 , -0.178349
44.042017 , -0.146626
44.034387 , -0.112244
44.026758 , -0.079191
44.019128 , -0.046138
44.011498 , -0.014193
44.003869 , 0.017752
43.996239 , 0.050805
43.988609 , 0.081199
43.98098 , 0.108704
43.97335 , 0.130005
43.96572 , 0.141665
43.958091 , 0.143575
43.950461 , 0.129972
43.942831 , 0.104845
43.935202 , 0.066754
43.927572 , 0.017139
43.919942 , -0.0399
43.912313 , -0.104917
43.904683 , -0.175307
43.897053 , -0.248358
43.889424 , -0.314593
43.881794 , -0.380829
43.874164 , -0.449225
43.866535 , -0.51319
43.858905 , -0.570717
43.851275 , -0.620264
43.843646 , -0.66117
43.836016 , -0.692324
43.828386 , -0.717274
43.820757 , -0.732472
43.813127 , -0.738918
43.805497 , -0.737384
43.797868 , -0.725546
43.790238 , -0.707502
43.782608 , -0.683311
43.774979 , -0.656457
43.767349 , -0.63559
43.759719 , -0.61472
43.75209 , -0.593686
43.74446 , -0.57265
43.73683 , -0.557649
43.729201 , -0.542645
43.721571 , -0.526424
43.713941 , -0.512861
43.706312 , -0.495587
43.698682 , -0.482744
43.691052 , -0.46536
43.683423 , -0.452406
43.675793 , -0.467709
43.668163 , -0.487443
43.660534 , -0.503467
43.652904 , -0.522148
43.645274 , -0.539611
43.637644 , -0.557074
43.630015 , -0.574538
43.622385 , -0.592
43.614755 , -0.597007
43.607126 , -0.599355
43.599496 , -0.604528
43.591866 , -0.607042
43.584237 , -0.612381
43.576607 , -0.615061
43.568977 , -0.619071
43.561348 , -0.623081
43.553718 , -0.622935
43.546088 , -0.62279
43.538459 , -0.622644
43.530829 , -0.622499
43.523199 , -0.622354
43.51557 , -0.622208
43.50794 , -0.622063
43.50031 , -0.621917
43.492681 , -0.625172
43.485051 , -0.628428
43.477421 , -0.632901
43.469792 , -0.634716
43.462162 , -0.619078
43.454532 , -0.599009
43.446903 , -0.582762
43.439273 , -0.563855
43.431643 , -0.543066
43.424014 , -0.522275
43.416384 , -0.501319
43.408754 , -0.480363
43.401125 , -0.459407
43.393495 , -0.438451
43.385865 , -0.417495
43.378236 , -0.396539
43.370606 , -0.386103
43.362976 , -0.375665
43.355347 , -0.365228
43.347717 , -0.35479
43.340087 , -0.34452
43.332458 , -0.334248
43.324828 , -0.322648
43.317198 , -0.313705
43.309569 , -0.315679
43.301939 , -0.32031
43.294309 , -0.322118
43.28668 , -0.326583
43.27905 , -0.32972
43.27142 , -0.332856
43.263791 , -0.335993
43.256161 , -0.339128
43.248531 , -0.345582
43.240902 , -0.349376
43.233272 , -0.355886
43.225642 , -0.359735
43.218013 , -0.345856
43.210383 , -0.327544
43.202753 , -0.313776
43.195124 , -0.295575
43.187494 , -0.273386
43.179864 , -0.246763
43.172235 , -0.224685
43.164605 , -0.198173
43.156975 , -0.1541
43.149346 , -0.107367
43.141716 , -0.061853
43.134086 , -0.016338
43.126457 , 0.029534
43.118827 , 0.075406
43.111197 , 0.123161
43.103568 , 0.166484
43.095938 , 0.190472
43.088308 , 0.204709
43.080679 , 0.212186
43.073049 , 0.20814
43.065419 , 0.194232
43.05779 , 0.1688
43.05016 , 0.135724
43.04253 , 0.094668
43.034901 , 0.04774
43.027271 , -0.001847
43.019641 , -0.051545
43.012012 , -0.098583
43.004382 , -0.144742
42.996752 , -0.184697
42.989123 , -0.214235
42.981493 , -0.235795
42.973863 , -0.250042
42.966234 , -0.256311
42.958604 , -0.252165
42.950974 , -0.241813
42.943345 , -0.236835
42.935715 , -0.229199
42.928085 , -0.222947
42.920456 , -0.216695
42.912826 , -0.206953
42.905196 , -0.201643
42.897567 , -0.191513
42.889937 , -0.185815
42.882307 , -0.194692
42.874678 , -0.206226
42.867048 , -0.216376
42.859418 , -0.226526
42.851789 , -0.238172
42.844159 , -0.247158
42.836529 , -0.258971
42.8289 , -0.268123
42.82127 , -0.257774
42.81364 , -0.244765
42.806011 , -0.234417
42.798381 , -0.221408
42.790751 , -0.21106
42.783122 , -0.19805
42.775492 , -0.187702
42.767862 , -0.174693
42.760233 , -0.146359
42.752603 , -0.115365
42.744973 , -0.085868
42.737344 , -0.05637
42.729714 , -0.025488
42.722084 , 0.002736
42.714455 , 0.03467
42.706825 , 0.062175
42.699195 , 0.064967
42.691566 , 0.063329
42.683936 , 0.066233
42.676306 , 0.064706
42.668677 , 0.066889
42.661047 , 0.066415
42.653417 , 0.067157
42.645788 , 0.067902
42.638158 , 0.065104
42.630528 , 0.062308
42.622899 , 0.05951
42.615269 , 0.056714
42.607639 , 0.053916
42.60001 , 0.05112
42.59238 , 0.048156
42.58475 , 0.045194
42.577121 , 0.035581
42.569491 , 0.023311
42.561861 , 0.013865
42.554232 , 0.001761
42.546602 , -0.007519
42.538972 , -0.019456
42.531343 , -0.030066
42.523713 , -0.040674
42.516083 , -0.055459
42.508454 , -0.070243
42.500824 , -0.086247
42.493194 , -0.099591
42.485565 , -0.116648
42.477935 , -0.129271
42.470305 , -0.146328
42.462676 , -0.158952
42.455046 , -0.150856
42.447416 , -0.136553
42.439787 , -0.127682
42.432157 , -0.114377
42.424527 , -0.08423
42.416898 , -0.049651
42.409268 , -0.018618
42.401638 , 0.015075
42.394009 , 0.059226
42.386379 , 0.106036
42.378749 , 0.150187
42.371119 , 0.196997
42.36349 , 0.240982
42.35586 , 0.287626
42.34823 , 0.33294
42.340601 , 0.378254
42.332971 , 0.429496
42.325341 , 0.480739
42.317712 , 0.531815
42.310082 , 0.582891
42.302452 , 0.635297
42.294823 , 0.685043
42.287193 , 0.737782
42.279563 , 0.78786
42.271934 , 0.828071
42.264304 , 0.868281
42.256674 , 0.908325
42.249045 , 0.948369
42.241415 , 0.988413
42.233785 , 1.028457
42.226156 , 1.068501
42.218526 , 1.108545
42.210896 , 1.153021
42.203267 , 1.197497
42.195637 , 1.241974
42.188007 , 1.28645
42.180378 , 1.33076
42.172748 , 1.37507
42.165118 , 1.420544
42.157489 , 1.463358
42.149859 , 1.485458
42.142229 , 1.50224
42.1346 , 1.524507
42.12697 , 1.541455
42.11934 , 1.563722
42.111711 , 1.58067
42.104081 , 1.602936
42.096451 , 1.619884
42.088822 , 1.602705
42.081192 , 1.580205
42.073562 , 1.563358
42.065933 , 1.541192
42.058303 , 1.521685
42.050673 , 1.502178
42.043044 , 1.482671
42.035414 , 1.463164
42.027784 , 1.448207
42.020155 , 1.438569
42.012525 , 1.421506
42.004895 , 1.413309
41.997266 , 1.431482
41.989636 , 1.45852
41.982006 , 1.476694
41.974377 , 1.503733
41.966747 , 1.552711
41.959117 , 1.610552
41.951488 , 1.661303
41.943858 , 1.717372
41.936228 , 1.789453
41.928599 , 1.866852
41.920969 , 1.940096
41.913339 , 2.016
41.90571 , 2.101076
41.89808 , 2.186154
41.89045 , 2.271396
41.882821 , 2.35664
41.875191 , 2.440553
41.867561 , 2.524467
41.859932 , 2.608047
41.852302 , 2.691629
41.844672 , 2.770999
41.837043 , 2.845052
41.829413 , 2.908355
41.821783 , 2.955703
41.814154 , 2.993742
41.806524 , 3.008736
41.798894 , 2.981621
41.791265 , 2.920823
41.783635 , 2.823147
41.776005 , 2.691787
41.768376 , 2.54735
41.760746 , 2.379868
41.753116 , 2.19953
41.745487 , 2.013875
41.737857 , 1.824009
41.730227 , 1.646554
41.722598 , 1.491923
41.714968 , 1.356796
41.707338 , 1.24405
41.699709 , 1.150807
41.692079 , 1.081496
41.684449 , 1.028143
41.67682 , 0.983487
41.66919 , 0.947697
41.66156 , 0.912373
41.653931 , 0.879709
41.646301 , 0.846102
41.638671 , 0.812497
41.631042 , 0.780386
41.623412 , 0.748277
41.615782 , 0.716166
41.608153 , 0.684056
41.600523 , 0.63466
41.592893 , 0.585265
41.585264 , 0.535868
41.577634 , 0.486473
41.570004 , 0.437076
41.562375 , 0.387681
41.554745 , 0.338284
41.547115 , 0.288889
41.539486 , 0.249126
41.531856 , 0.209364
41.524226 , 0.1696
41.516597 , 0.129838
41.508967 , 0.090075
41.501337 , 0.050313
41.493708 , 0.01055
41.486078 , -0.029212
41.478448 , -0.066317
41.470819 , -0.103419
41.463189 , -0.140523
41.455559 , -0.177626
41.44793 , -0.21473
41.4403 , -0.251832
41.43267 , -0.288937
41.425041 , -0.326039
41.417411 , -0.358464
41.409781 , -0.390888
41.402152 , -0.424476
41.394522 , -0.455405
41.386892 , -0.490489
41.379263 , -0.520254
41.371633 , -0.555503
41.364003 , -0.585435
41.356374 , -0.589826
41.348744 , -0.588897
41.341114 , -0.592124
41.333485 , -0.592692
41.325855 , -0.594424
41.318225 , -0.596155
41.310596 , -0.59772
41.302966 , -0.599286
41.295336 , -0.597353
41.287707 , -0.595421
41.280077 , -0.593489
41.272447 , -0.591557
41.264818 , -0.589624
41.257188 , -0.587692
41.249558 , -0.58576
41.241929 , -0.583828
41.234299 , -0.577464
41.226669 , -0.571099
41.21904 , -0.564735
41.21141 , -0.558371
41.20378 , -0.552006
41.196151 , -0.545642
41.188521 , -0.539111
41.180891 , -0.53258
41.173262 , -0.513401
41.165632 , -0.49156
41.158002 , -0.472547
41.150373 , -0.450872
41.142743 , -0.431859
41.135113 , -0.410184
41.127483 , -0.391336
41.119854 , -0.369828
41.112224 , -0.336355
41.104594 , -0.302879
41.096965 , -0.269239
41.089335 , -0.235598
41.081705 , -0.202124
41.074076 , -0.168649
41.066446 , -0.133845
41.058816 , -0.1017
41.051187 , -0.08574
41.043557 , -0.072438
41.035927 , -0.056313
41.028298 , -0.042845
41.020668 , -0.028049
41.013038 , -0.013251
41.005409 , 0.001213
40.997779 , 0.015678
40.990149 , 0.009199
40.98252 , 0.000063
40.97489 , -0.005363
40.96726 , -0.01522
40.959631 , -0.020535
40.952001 , -0.030281
40.944371 , -0.035485
40.936742 , -0.04512
40.929112 , -0.075939
40.921482 , -0.109418
40.913853 , -0.141512
40.906223 , -0.173605
40.898593 , -0.207084
40.890964 , -0.237904
40.883334 , -0.272435
40.875704 , -0.302535
40.868075 , -0.313354
40.860445 , -0.319741
40.852815 , -0.32984
40.845186 , -0.337279
40.837556 , -0.346104
40.829926 , -0.354928
40.822297 , -0.362368
40.814667 , -0.372467
40.807037 , -0.402988
40.799408 , -0.437943
40.791778 , -0.468464
40.784148 , -0.503418
40.776519 , -0.532942
40.768889 , -0.568672
40.761259 , -0.598695
40.75363 , -0.633151
40.746 , -0.676858
40.73837 , -0.720565
40.730741 , -0.765547
40.723111 , -0.80787
40.715481 , -0.855567
40.707852 , -0.895285
40.700222 , -0.944201
40.692592 , -0.983365
40.684963 , -0.961164
40.677333 , -0.92921
40.669703 , -0.906344
40.662074 , -0.875499
40.654444 , -0.851027
40.646814 , -0.82212
40.639185 , -0.795376
40.631555 , -0.768631
40.623925 , -0.744823
40.616296 , -0.723673
40.608666 , -0.698924
40.601036 , -0.678605
40.593407 , -0.652858
40.585777 , -0.633315
40.578147 , -0.607347
40.570518 , -0.587582
40.562888 , -0.607023
40.555258 , -0.630895
40.547629 , -0.650336
40.539999 , -0.674207
40.532369 , -0.694369
40.52474 , -0.717187
40.51711 , -0.73879
40.50948 , -0.76039
40.501851 , -0.779222
40.494221 , -0.798051
40.486591 , -0.818988
40.478962 , -0.835492
40.471332 , -0.857592
40.463702 , -0.873486
40.456073 , -0.895808
40.448443 , -0.911923
40.440813 , -0.899224
40.433184 , -0.882091
40.425554 , -0.86856
40.417924 , -0.852368
40.410295 , -0.837564
40.402665 , -0.822758
40.395035 , -0.806568
40.387406 , -0.793036
40.379776 , -0.797843
40.372146 , -0.807082
40.364517 , -0.8125
40.356887 , -0.820574
40.349257 , -0.827432
40.341628 , -0.834288
40.333998 , -0.841312
40.326368 , -0.848334
40.318739 , -0.857955
40.311109 , -0.867575
40.303479 , -0.877196
40.29585 , -0.886815
40.28822 , -0.896436
40.28059 , -0.906055
40.272961 , -0.91551
40.265331 , -0.924963
40.257701 , -0.920678
40.250072 , -0.913732
40.242442 , -0.909614
40.234812 , -0.902833
40.227183 , -0.898715
40.219553 , -0.891935
40.211923 , -0.887982
40.204294 , -0.881368
40.196664 , -0.85968
40.189034 , -0.83799
40.181405 , -0.816135
40.173775 , -0.794279
40.166145 , -0.77259
40.158516 , -0.7509
40.150886 , -0.728048
40.143256 , -0.707854
40.135627 , -0.712759
40.127997 , -0.72298
40.120367 , -0.727719
40.112738 , -0.737775
40.105108 , -0.742514
40.097478 , -0.752569
40.089849 , -0.756976
40.082219 , -0.766699
40.074589 , -0.7865
40.06696 , -0.806299
40.05933 , -0.827375
40.0517 , -0.845789
40.044071 , -0.878998
40.036441 , -0.903341
40.028811 , -0.919209
40.021182 , -0.92621
40.013552 , -0.891994
40.005922 , -0.848911
39.998293 , -0.797187
39.990663 , -0.736598
39.983033 , -0.692132
39.975404 , -0.642345
39.967774 , -0.596495
39.960144 , -0.547983
39.952515 , -0.494107
39.944885 , -0.440231
39.937255 , -0.385026
39.929626 , -0.33248
39.921996 , -0.275779
39.914366 , -0.224396
39.906737 , -0.167362
39.899107 , -0.115647
39.891477 , -0.083711
39.883847 , -0.054434
39.876218 , -0.023994
39.868588 , 0.006446
39.860958 , 0.03672
39.853329 , 0.066995
39.845699 , 0.097103
39.838069 , 0.127211
39.83044 , 0.139472
39.82281 , 0.149074
39.81518 , 0.162831
39.807551 , 0.171269
39.799921 , 0.185193
39.792291 , 0.193798
39.784662 , 0.207721
39.777032 , 0.216326
39.769402 , 0.195844
39.761773 , 0.170043
39.754143 , 0.148398
39.746513 , 0.124094
39.738884 , 0.100953
39.731254 , 0.077812
39.723624 , 0.054505
39.715995 , 0.031198
39.708365 , 0.007424
39.700735 , -0.016346
39.693106 , -0.04012
39.685476 , -0.063891
39.677846 , -0.08783
39.670217 , -0.111767
39.662587 , -0.134543
39.654957 , -0.159976
39.647328 , -0.206963
39.639698 , -0.259267
39.632068 , -0.306087
39.624439 , -0.358225
39.616809 , -0.405045
39.609179 , -0.457183
39.60155 , -0.503837
39.59392 , -0.555808
39.58629 , -0.627498
39.578661 , -0.701845
39.571031 , -0.774864
39.563401 , -0.847881
39.555772 , -0.92223
39.548142 , -0.993917
39.540512 , -1.069762
39.532883 , -1.140286
39.525253 , -1.195022
39.517623 , -1.244438
39.509994 , -1.299174
39.502364 , -1.34859
39.494734 , -1.381387
39.487105 , -1.408863
39.479475 , -1.441659
39.471845 , -1.469136
39.464216 , -1.490733
39.456586 , -1.50701
39.448956 , -1.519743
39.441327 , -1.523611
39.433697 , -1.516398
39.426067 , -1.50032
39.418438 , -1.475601
39.410808 , -1.442016
39.403178 , -1.402615
39.395549 , -1.357894
39.387919 , -1.30647
39.380289 , -1.252387
39.37266 , -1.204342
39.36503 , -1.156298
39.3574 , -1.108087
39.349771 , -1.059876
39.342141 , -1.022655
39.334511 , -0.985435
39.326882 , -0.948215
39.319252 , -0.910995
39.311622 , -0.873775
39.303993 , -0.836555
39.296363 , -0.799334
39.288733 , -0.762114
39.281104 , -0.716916
39.273474 , -0.671718
39.265844 , -0.626519
39.258215 , -0.581321
39.250585 , -0.536123
39.242955 , -0.490925
39.235326 , -0.445726
39.227696 , -0.400528
39.220066 , -0.363057
39.212437 , -0.325584
39.204807 , -0.286949
39.197177 , -0.250972
39.189548 , -0.210841
39.181918 , -0.176028
39.174288 , -0.135731
39.166659 , -0.100751
39.159029 , -0.105663
39.151399 , -0.115891
39.14377 , -0.120803
39.13614 , -0.131032
39.12851 , -0.135612
39.120881 , -0.145508
39.113251 , -0.152746
39.105621 , -0.159984
39.097992 , -0.177963
39.090362 , -0.195941
39.082732 , -0.213922
39.075103 , -0.2319
39.067473 , -0.249879
39.059843 , -0.267858
39.052214 , -0.285838
39.044584 , -0.303816
39.036954 , -0.31559
39.029325 , -0.327363
39.021695 , -0.339139
39.014065 , -0.350912
39.006436 , -0.36252
38.998806 , -0.374127
38.991176 , -0.386899
38.983547 , -0.39701
38.975917 , -0.388071
38.968287 , -0.373812
38.960658 , -0.365039
38.953028 , -0.350946
38.945398 , -0.34234
38.937769 , -0.328413
38.930139 , -0.318643
38.922509 , -0.306212
38.91488 , -0.28165
38.90725 , -0.257085
38.89962 , -0.232357
38.891991 , -0.207626
38.884361 , -0.182898
38.876731 , -0.158167
38.869102 , -0.133439
38.861472 , -0.108708
38.853842 , -0.097034
38.846213 , -0.085358
38.838583 , -0.073683
38.830953 , -0.062007
38.823324 , -0.050333
38.815694 , -0.038657
38.808064 , -0.026982
38.800435 , -0.015306
38.792805 , -0.009837
38.785175 , -0.004366
38.777546 , 0.001103
38.769916 , 0.006575
38.762286 , 0.012044
38.754657 , 0.017515
38.747027 , 0.022984
38.739397 , 0.028455
38.731768 , 0.021272
38.724138 , 0.01409
38.716508 , 0.006907
38.708879 , -0.000275
38.701249 , -0.007458
38.693619 , -0.014639
38.68599 , -0.021823
38.67836 , -0.029005
38.67073 , -0.036188
38.663101 , -0.043369
38.655471 , -0.050553
38.647841 , -0.057734
38.640212 , -0.064918
38.632582 , -0.072099
38.624952 , -0.079282
38.617322 , -0.086464
38.609693 , -0.105344
38.602063 , -0.124223
38.594433 , -0.14194
38.586804 , -0.162314
38.579174 , -0.178369
38.571544 , -0.19974
38.563915 , -0.216958
38.556285 , -0.236834
38.548655 , -0.270895
38.541026 , -0.307612
38.533396 , -0.342837
38.525766 , -0.378059
38.518137 , -0.414613
38.510507 , -0.448505
38.502877 , -0.486555
38.495248 , -0.519284
38.487618 , -0.51325
38.479988 , -0.501896
38.472359 , -0.495861
38.464729 , -0.484507
38.457099 , -0.478639
38.44947 , -0.467451
38.44184 , -0.460419
38.43421 , -0.450727
38.426581 , -0.430842
38.418951 , -0.410956
38.411321 , -0.38974
38.403692 , -0.371184
38.396062 , -0.348474
38.388432 , -0.331081
38.380803 , -0.308203
38.373173 , -0.290644
38.365543 , -0.302055
38.357914 , -0.318783
38.350284 , -0.331356
38.342654 , -0.346589
38.335025 , -0.360659
38.327395 , -0.374728
38.319765 , -0.388963
38.312136 , -0.403198
38.304506 , -0.409457
38.296876 , -0.415714
38.289247 , -0.421971
38.281617 , -0.428228
38.273987 , -0.434486
38.266358 , -0.440743
38.258728 , -0.447001
38.251098 , -0.453258
38.243469 , -0.440495
38.235839 , -0.427731
38.228209 , -0.414968
38.22058 , -0.402203
38.21295 , -0.390104
38.20532 , -0.378005
38.197691 , -0.366073
38.190061 , -0.354139
38.182431 , -0.34337
38.174802 , -0.33526
38.167172 , -0.333633
38.159542 , -0.337322
38.151913 , -0.343784
38.144283 , -0.355564
38.136653 , -0.368507
38.129024 , -0.384108
38.121394 , -0.400556
38.113764 , -0.417004
38.106135 , -0.428299
38.098505 , -0.439592
38.090875 , -0.446566
38.083246 , -0.45354
38.075616 , -0.455195
38.067986 , -0.456849
38.060357 , -0.450304
38.052727 , -0.443759
38.045097 , -0.437215
38.037468 , -0.430669
38.029838 , -0.42346
38.022208 , -0.41625
38.014579 , -0.408875
38.006949 , -0.401498
37.999319 , -0.39165
37.99169 , -0.379143
37.98406 , -0.365472
37.97643 , -0.346483
37.968801 , -0.323893
37.961171 , -0.295983
37.953541 , -0.262755
37.945912 , -0.224209
37.938282 , -0.181009
37.930652 , -0.13249
37.923023 , -0.081312
37.915393 , -0.030133
37.907763 , 0.021544
37.900134 , 0.07322
37.892504 , 0.120742
37.884874 , 0.165605
37.877245 , 0.200176
37.869615 , 0.229428
37.861985 , 0.257518
37.854356 , 0.282948
37.846726 , 0.316189
37.839096 , 0.346771
37.831467 , 0.374694
37.823837 , 0.399958
37.816207 , 0.420789
37.808578 , 0.438962
37.800948 , 0.454474
37.793318 , 0.467328
37.785689 , 0.47719
37.778059 , 0.484392
37.770429 , 0.488935
37.7628 , 0.490819
37.75517 , 0.494572
37.74754 , 0.495666
37.739911 , 0.490112
37.732281 , 0.479239
37.724651 , 0.460333
37.717022 , 0.436108
37.709392 , 0.406565
37.701762 , 0.371703
37.694133 , 0.330913
37.686503 , 0.284803
37.678873 , 0.237531
37.671244 , 0.187599
37.663614 , 0.141989
37.655984 , 0.096379
37.648355 , 0.049439
37.640725 , 0.005158
37.633095 , -0.034925
37.625466 , -0.069691
37.617836 , -0.099304
37.610206 , -0.123598
37.602577 , -0.140856
37.594947 , -0.152795
37.587317 , -0.158252
37.579688 , -0.16105
37.572058 , -0.163682
37.564428 , -0.166313
37.556799 , -0.171438
37.549169 , -0.181881
37.541539 , -0.194763
37.53391 , -0.212962
37.52628 , -0.236314
37.51865 , -0.264986
37.511021 , -0.300336
37.503391 , -0.338346
37.495761 , -0.374859
37.488132 , -0.411373
37.480502 , -0.446059
37.472872 , -0.475426
37.465243 , -0.499806
37.457613 , -0.518868
37.449983 , -0.530174
37.442354 , -0.536161
37.434724 , -0.536995
37.427094 , -0.532511
37.419465 , -0.526864
37.411835 , -0.518557
37.404205 , -0.511413
37.396576 , -0.50427
37.388946 , -0.50027
37.381316 , -0.496271
37.373686 , -0.492271
37.366057 , -0.488272
37.358427 , -0.484273
37.350797 , -0.480273
37.343168 , -0.476274
37.335538 , -0.472275
37.327908 , -0.46761
37.320279 , -0.462946
37.312649 , -0.458282
37.305019 , -0.453618
37.29739 , -0.448954
37.28976 , -0.444289
37.28213 , -0.439791
37.274501 , -0.435293
37.266871 , -0.439419
37.259241 , -0.446204
37.251612 , -0.450164
37.243982 , -0.456783
37.236352 , -0.460742
37.228723 , -0.467361
37.221093 , -0.471321
37.213463 , -0.47794
37.205834 , -0.498742
37.198204 , -0.522203
37.190574 , -0.542839
37.182945 , -0.566134
37.175315 , -0.588099
37.167685 , -0.610065
37.160056 , -0.632196
37.152426 , -0.654328
37.144796 , -0.672928
37.137167 , -0.691527
37.129537 , -0.711623
37.121907 , -0.729059
37.114278 , -0.747992
37.106648 , -0.766924
37.099018 , -0.78569
37.091389 , -0.804456
37.083759 , -0.823222
37.076129 , -0.841988
37.0685 , -0.860754
37.06087 , -0.879519
37.05324 , -0.898119
37.045611 , -0.916719
37.037981 , -0.936648
37.030351 , -0.953918
37.022722 , -0.954767
37.015092 , -0.952956
37.007462 , -0.953804
36.999833 , -0.951993
36.992203 , -0.953008
36.984573 , -0.951363
36.976944 , -0.951048
36.969314 , -0.950733
36.961684 , -0.940833
36.954055 , -0.930933
36.946425 , -0.921033
36.938795 , -0.911133
36.931166 , -0.903394
36.923536 , -0.895655
36.915906 , -0.883817
36.908277 , -0.869318
36.900647 , -0.854003
36.893017 , -0.834255
36.885388 , -0.808524
36.877758 , -0.778361
36.870128 , -0.742325
36.862499 , -0.703629
36.854869 , -0.662164
36.847239 , -0.618039
36.83961 , -0.570978
36.83198 , -0.521257
36.82435 , -0.467548
36.816721 , -0.413839
36.809091 , -0.363453
36.801461 , -0.313068
36.793832 , -0.261464
36.786202 , -0.212519
36.778572 , -0.163487
36.770943 , -0.118888
36.763313 , -0.080384
36.755683 , -0.046311
36.748054 , -0.016449
36.740424 , 0.008981
36.732794 , 0.032804
36.725165 , 0.053968
36.717535 , 0.068262
36.709905 , 0.082556
36.702276 , 0.096684
36.694646 , 0.110811
36.687016 , 0.124607
36.679387 , 0.138402
36.671757 , 0.152197
36.664127 , 0.165992
36.656498 , 0.177669
36.648868 , 0.189344
36.641238 , 0.201021
36.633609 , 0.212697
36.625979 , 0.224539
36.618349 , 0.236382
36.61072 , 0.246894
36.60309 , 0.260066
36.59546 , 0.283931
36.587831 , 0.310455
36.580201 , 0.334154
36.572571 , 0.360511
36.564942 , 0.384708
36.557312 , 0.408906
36.549682 , 0.434488
36.542053 , 0.457411
36.534423 , 0.477839
36.526793 , 0.493834
36.519164 , 0.504622
36.511534 , 0.509205
36.503904 , 0.506586
36.496275 , 0.497761
36.488645 , 0.484615
36.481015 , 0.465264
36.473386 , 0.436938
36.465756 , 0.404179
36.458126 , 0.364384
36.450497 , 0.32193
36.442867 , 0.286845
36.435237 , 0.251759
36.427608 , 0.215289
36.419978 , 0.181478
36.412348 , 0.147929
36.404719 , 0.118814
36.397089 , 0.095016
36.389459 , 0.077424
36.38183 , 0.069251
36.3742 , 0.069055
36.36657 , 0.078389
36.358941 , 0.0957
36.351311 , 0.117998
36.343681 , 0.146501
36.336052 , 0.181154
36.328422 , 0.218466
36.320792 , 0.25262
36.313163 , 0.286774
36.305533 , 0.316939
36.297903 , 0.344444
36.290274 , 0.365693
36.282644 , 0.381623
36.275014 , 0.403204
36.267385 , 0.419466
36.259755 , 0.421823
36.252125 , 0.42152
36.244496 , 0.422547
36.236866 , 0.423573
36.229236 , 0.424822
36.221607 , 0.42873
36.213977 , 0.428482
36.206347 , 0.433553
36.198718 , 0.45796
36.191088 , 0.487685
36.183458 , 0.512092
36.175829 , 0.541817
36.168199 , 0.585517
36.160569 , 0.634537
36.15294 , 0.680564
36.14531 , 0.726592
36.13768 , 0.764974
36.13005 , 0.798037
36.122421 , 0.836751
36.114791 , 0.870147
36.107161 , 0.890412
36.099532 , 0.905359
36.091902 , 0.924294
36.084272 , 0.940571
36.076643 , 0.948703
36.069013 , 0.954175
36.061383 , 0.962308
36.053754 , 0.967781
36.046124 , 0.962448
36.038494 , 0.954456
36.030865 , 0.950453
36.023235 , 0.941132
36.015605 , 0.919566
36.007976 , 0.892682
36.000346 , 0.871117
35.992716 , 0.844233
35.985087 , 0.800007
35.977457 , 0.750463
35.969827 , 0.704908
35.962198 , 0.656694
35.954568 , 0.600502
35.946938 , 0.54165
35.939309 , 0.484128
35.931679 , 0.426607
35.924049 , 0.369542
35.91642 , 0.312477
35.90879 , 0.255579
35.90116 , 0.19868
35.893531 , 0.141948
35.885901 , 0.087874
35.878271 , 0.029646
35.870642 , -0.023263
35.863012 , -0.064594
35.855382 , -0.100605
35.847753 , -0.122656
35.840123 , -0.135842
35.832493 , -0.143487
35.824864 , -0.145814
35.817234 , -0.153404
35.809604 , -0.155676
35.801975 , -0.141636
35.794345 , -0.124938
35.786715 , -0.110898
35.779086 , -0.0942
35.771456 , -0.078831
35.763826 , -0.063461
35.756197 , -0.047926
35.748567 , -0.032391
35.740937 , -0.006495
35.733308 , 0.0194
35.725678 , 0.044132
35.718048 , 0.071524
35.710419 , 0.112489
35.702789 , 0.158772
35.695159 , 0.199405
35.68753 , 0.245357
35.6799 , 0.299078
35.67227 , 0.355459
35.664641 , 0.410677
35.657011 , 0.465894
35.649381 , 0.521278
35.641752 , 0.576662
35.634122 , 0.632045
35.626492 , 0.687429
35.618863 , 0.725139
35.611233 , 0.762849
35.603603 , 0.801723
35.595974 , 0.837937
35.588344 , 0.878307
35.580714 , 0.913358
35.573085 , 0.953894
35.565455 , 0.98911
35.557825 , 1.001328
35.550196 , 1.008228
35.542566 , 1.019282
35.534936 , 1.027678
35.527307 , 1.037237
35.519677 , 1.046795
35.512047 , 1.056188
35.504418 , 1.06558
35.496788 , 1.079405
35.489158 , 1.09323
35.481529 , 1.107054
35.473899 , 1.120879
35.466269 , 1.134704
35.45864 , 1.148529
35.45101 , 1.162353
35.44338 , 1.176178
35.435751 , 1.204227
35.428121 , 1.232276
35.420491 , 1.260326
35.412862 , 1.288375
35.405232 , 1.316425
35.397602 , 1.344474
35.389973 , 1.372523
35.382343 , 1.400573
35.374713 , 1.427126
35.367084 , 1.45368
35.359454 , 1.481397
35.351824 , 1.506454
35.344195 , 1.52503
35.336565 , 1.538287
35.328935 , 1.557028
35.321306 , 1.570451
35.313676 , 1.570638
35.306046 , 1.565506
35.298417 , 1.565693
35.290787 , 1.560562
35.283157 , 1.54302
35.275528 , 1.52016
35.267898 , 1.502618
35.260268 , 1.479757
35.252639 , 1.441384
35.245009 , 1.397692
35.237379 , 1.359485
35.22975 , 1.315959
35.22212 , 1.25886
35.21449 , 1.1991
35.206861 , 1.140838
35.199231 , 1.082575
35.191601 , 1.034492
35.183972 , 0.991728
35.176342 , 0.943313
35.168712 , 0.900217
35.161083 , 0.876622
35.153453 , 0.858346
35.145823 , 0.834752
35.138194 , 0.816476
35.130564 , 0.813324
35.122934 , 0.815492
35.115305 , 0.813671
35.107675 , 0.814509
35.100045 , 0.823491
35.092416 , 0.835133
35.084786 , 0.844115
35.077156 , 0.855756
35.069527 , 0.876113
35.061897 , 0.899129
35.054267 , 0.920816
35.046638 , 0.942503
35.039008 , 0.964356
35.031378 , 0.986209
35.023749 , 1.008062
35.016119 , 1.029915
35.008489 , 1.046227
35.00086 , 1.06254
34.99323 , 1.078853
34.9856 , 1.095165
34.977971 , 1.111478
34.970341 , 1.12779
34.962711 , 1.144103
34.955082 , 1.160416
34.947452 , 1.170177
34.939822 , 1.179938
34.932193 , 1.1897
34.924563 , 1.199461
34.916933 , 1.209222
34.909304 , 1.218983
34.901674 , 1.228745
34.894044 , 1.238506
34.886415 , 1.252921
34.878785 , 1.267336
34.871155 , 1.281751
34.863525 , 1.296166
34.855896 , 1.310581
34.848266 , 1.324996
34.840636 , 1.339412
34.833007 , 1.353827
34.825377 , 1.371081
34.817747 , 1.388336
34.810118 , 1.408028
34.802488 , 1.422401
34.794858 , 1.430016
34.787229 , 1.428766
34.779599 , 1.415105
34.771969 , 1.392581
34.76434 , 1.35676
34.75671 , 1.308528
34.74908 , 1.253205
34.741451 , 1.181926
34.733821 , 1.089372
34.726191 , 0.977317
34.718562 , 0.8513
34.710932 , 0.702235
34.703302 , 0.523738
34.695673 , 0.322194
34.688043 , 0.105524
34.680413 , -0.127102
34.672784 , -0.367207
34.665154 , -0.609971
34.657524 , -0.857555
34.649895 , -1.09273
34.642265 , -1.302474
34.634635 , -1.485625
34.627006 , -1.634205
34.619376 , -1.752645
34.611746 , -1.840504
34.604117 , -1.898223
34.596487 , -1.931565
34.588857 , -1.945405
34.581228 , -1.945073
34.573598 , -1.93233
34.565968 , -1.907067
34.558339 , -1.876484
34.550709 , -1.846345
34.543079 , -1.816206
34.53545 , -1.785735
34.52782 , -1.755263
34.52019 , -1.734542
34.512561 , -1.713822
34.504931 , -1.692935
34.497301 , -1.672049
34.489672 , -1.641688
34.482042 , -1.608668
34.474412 , -1.579969
34.466783 , -1.545952
34.459153 , -1.500701
34.451523 , -1.452792
34.443894 , -1.406378
34.436264 , -1.359965
34.428634 , -1.322914
34.421005 , -1.291183
34.413375 , -1.252027
34.405745 , -1.221735
34.398116 , -1.204297
34.390486 , -1.195724
34.382856 , -1.199172
34.375227 , -1.211485
34.367597 , -1.22945
34.359967 , -1.250073
34.352338 , -1.270864
34.344708 , -1.288994
34.337078 , -1.300487
34.329449 , -1.305774
34.321819 , -1.300756
34.314189 , -1.287761
34.30656 , -1.27676
34.29893 , -1.259554
34.2913 , -1.23703
34.283671 , -1.210073
34.276041 , -1.174085
34.268411 , -1.135438
34.260782 , -1.098011
34.253152 , -1.060582
34.245522 , -1.022323
34.237893 , -0.984064
34.230263 , -0.945805
34.222633 , -0.907546
34.215004 , -0.862597
34.207374 , -0.817648
34.199744 , -0.772699
34.192115 , -0.72775
34.184485 , -0.682802
34.176855 , -0.637853
34.169226 , -0.592904
34.161596 , -0.547955
34.153966 , -0.509211
34.146337 , -0.470467
34.138707 , -0.431724
34.131077 , -0.39298
34.123448 , -0.354236
34.115818 , -0.315492
34.108188 , -0.276748
34.100559 , -0.238004
34.092929 , -0.205349
34.085299 , -0.172695
34.07767 , -0.14004
34.07004 , -0.107386
34.06241 , -0.074731
34.054781 , -0.042076
34.047151 , -0.009421
34.039521 , 0.023233
34.031892 , 0.053007
34.024262 , 0.082781
34.016632 , 0.112389
34.009003 , 0.141996
34.001373 , 0.177698
33.993743 , 0.210741
33.986114 , 0.236747
33.978484 , 0.258321
33.970854 , 0.272457
33.963225 , 0.280388
33.955595 , 0.277793
33.947965 , 0.26722
33.940336 , 0.247893
33.932706 , 0.220588
33.925076 , 0.183643
33.917447 , 0.138721
33.909817 , 0.084379
33.902187 , 0.023832
33.894558 , -0.042864
33.886928 , -0.112219
33.879298 , -0.177198
33.871669 , -0.242177
33.864039 , -0.304109
33.856409 , -0.361608
33.84878 , -0.425072
33.84115 , -0.48233
33.83352 , -0.529062
33.825891 , -0.567817
33.818261 , -0.594272
33.810631 , -0.612748
33.803002 , -0.62779
33.795372 , -0.636627
33.787742 , -0.634161
33.780113 , -0.627264
33.772483 , -0.614161
33.764853 , -0.596626
33.757224 , -0.591114
33.749594 , -0.582942
33.741964 , -0.57067
33.734335 , -0.558398
33.726705 , -0.542789
33.719075 , -0.527179
33.711446 , -0.51024
33.703816 , -0.495959
33.696186 , -0.478521
33.688557 , -0.463743
33.680927 , -0.446138
33.673297 , -0.431193
33.665668 , -0.426055
33.658038 , -0.420917
33.650408 , -0.417163
33.642779 , -0.41075
33.635149 , -0.392426
33.627519 , -0.369669
33.619889 , -0.340929
33.61226 , -0.307756
33.60463 , -0.277051
33.597 , -0.243687
33.589371 , -0.206388
33.581741 , -0.16909
33.574111 , -0.127969
33.566482 , -0.089508
33.558852 , -0.057196
33.551222 , -0.031089
33.543593 , -0.007752
33.535963 , 0.007607
33.528333 , 0.013436
33.520704 , 0.011287
33.513074 , -0.003826
33.505444 , -0.025144
33.497815 , -0.051614
33.490185 , -0.082517
33.482555 , -0.109998
33.474926 , -0.137479
33.467296 , -0.165072
33.459666 , -0.192664
33.452037 , -0.222251
33.444407 , -0.249178
33.436777 , -0.278931
33.429148 , -0.306025
33.421518 , -0.312287
33.413888 , -0.31589
33.406259 , -0.322153
33.398629 , -0.325755
33.390999 , -0.332184
33.38337 , -0.335953
33.37574 , -0.341052
33.36811 , -0.34615
33.360481 , -0.343794
33.352851 , -0.341438
33.345221 , -0.339081
33.337592 , -0.336725
33.329962 , -0.334369
33.322332 , -0.332012
33.314703 , -0.329656
33.307073 , -0.3273
33.299443 , -0.329376
33.291814 , -0.331451
33.284184 , -0.333527
33.276554 , -0.335603
33.268925 , -0.337679
33.261295 , -0.339755
33.253665 , -0.341831
33.246036 , -0.343906
33.238406 , -0.344334
33.230776 , -0.344762
33.223147 , -0.345522
33.215517 , -0.346282
33.207887 , -0.339064
33.200258 , -0.337165
33.192628 , -0.340252
33.184998 , -0.348658
33.177369 , -0.372853
33.169739 , -0.402367
33.162109 , -0.438363
33.15448 , -0.477018
33.14685 , -0.508527
33.13922 , -0.540036
33.131591 , -0.571544
33.123961 , -0.603053
33.116331 , -0.635718
33.108702 , -0.665724
33.101072 , -0.689247
33.093442 , -0.707452
33.085813 , -0.721169
33.078183 , -0.729568
33.070553 , -0.732648
33.062924 , -0.73041
33.055294 , -0.724958
33.047664 , -0.714187
33.040035 , -0.698264
33.032405 , -0.677022
33.024775 , -0.646805
33.017146 , -0.613929
33.009516 , -0.578393
33.001886 , -0.540198
32.994257 , -0.510245
32.986627 , -0.480291
32.978997 , -0.450503
32.971368 , -0.420715
32.963738 , -0.382617
32.956108 , -0.349838
32.948479 , -0.322045
32.940849 , -0.299571
32.933219 , -0.283523
32.92559 , -0.272794
32.91796 , -0.267383
32.91033 , -0.267292
32.902701 , -0.272519
32.895071 , -0.283064
32.887441 , -0.298928
32.879812 , -0.320111
32.872182 , -0.344445
32.864552 , -0.374098
32.856923 , -0.408903
32.849293 , -0.449026
32.841663 , -0.476352
32.834034 , -0.506337
32.826404 , -0.540477
32.818774 , -0.574617
32.811145 , -0.61657
32.803515 , -0.658521
32.795885 , -0.697814
32.788256 , -0.731788
32.780626 , -0.762105
32.772996 , -0.787104
32.765367 , -0.801466
32.757737 , -0.806962
32.750107 , -0.80408
32.742478 , -0.792333
32.734848 , -0.771721
32.727218 , -0.742245
32.719589 , -0.704902
32.711959 , -0.658694
32.704329 , -0.60185
32.6967 , -0.539686
32.68907 , -0.474863
32.68144 , -0.404721
32.673811 , -0.331921
32.666181 , -0.25912
32.658551 , -0.188202
32.650922 , -0.117285
32.643292 , -0.046368
32.635662 , 0.024549
32.628033 , 0.093162
32.620403 , 0.161775
32.612773 , 0.226233
32.605144 , 0.288031
32.597514 , 0.34102
32.589884 , 0.38869
32.582255 , 0.431209
32.574625 , 0.468408
32.566995 , 0.500621
32.559366 , 0.527516
32.551736 , 0.549092
32.544106 , 0.565349
32.536477 , 0.576288
32.528847 , 0.581907
32.521217 , 0.582209
32.513588 , 0.577191
32.505958 , 0.560747
32.498328 , 0.538984
32.490699 , 0.510739
32.483069 , 0.479835
32.475439 , 0.455413
32.46781 , 0.430991
32.46018 , 0.406402
32.45255 , 0.381814
32.444921 , 0.353901
32.437291 , 0.325988
32.429661 , 0.298076
32.422032 , 0.270164
32.414402 , 0.242251
32.406772 , 0.214338
32.399143 , 0.186592
32.391513 , 0.158845
32.383883 , 0.139984
32.376253 , 0.123782
32.368624 , 0.103426
32.360994 , 0.088387
32.353364 , 0.089139
32.345735 , 0.095209
32.338105 , 0.095794
32.330475 , 0.101697
32.322846 , 0.115413
32.315216 , 0.131788
32.307586 , 0.146833
32.299957 , 0.161879
32.292327 , 0.178254
32.284697 , 0.191969
32.277068 , 0.20984
32.269438 , 0.222392
32.261808 , 0.213961
32.254179 , 0.200211
32.246549 , 0.192111
32.238919 , 0.178693
32.23129 , 0.168766
32.22366 , 0.158838
32.21603 , 0.147415
32.208401 , 0.138651
32.200771 , 0.129056
32.193141 , 0.12478
32.185512 , 0.123883
32.177882 , 0.13185
32.170252 , 0.150012
32.162623 , 0.177038
32.154993 , 0.214369
32.147363 , 0.257019
32.139734 , 0.301407
32.132104 , 0.345795
32.124474 , 0.391679
32.116845 , 0.434903
32.109215 , 0.470759
32.101585 , 0.501297
32.093956 , 0.521363
32.086326 , 0.532565
32.078696 , 0.536232
32.071067 , 0.531034
32.063437 , 0.517194
32.055807 , 0.494489
32.048178 , 0.458266
32.040548 , 0.416724
32.032918 , 0.369975
32.025289 , 0.317906
32.017659 , 0.265548
32.010029 , 0.213189
32.0024 , 0.160497
31.99477 , 0.107806
31.98714 , 0.05528
31.979511 , 0.002755
31.971881 , -0.050933
31.964251 , -0.101963
31.956622 , -0.145181
31.948992 , -0.183079
31.941362 , -0.215604
31.933733 , -0.24281
31.926103 , -0.271125
31.918473 , -0.290575
31.910844 , -0.301603
31.903214 , -0.303767
31.895584 , -0.296239
31.887955 , -0.283393
31.880325 , -0.263843
31.872695 , -0.241633
31.865066 , -0.225462
31.857436 , -0.209292
31.849806 , -0.192955
31.842177 , -0.176618
31.834547 , -0.154298
31.826917 , -0.131978
31.819288 , -0.109657
31.811658 , -0.087337
31.804028 , -0.065016
31.796399 , -0.042696
31.788769 , -0.020375
31.781139 , 0.001945
31.77351 , 0.033088
31.76588 , 0.064231
31.75825 , 0.094211
31.750621 , 0.12685
31.742991 , 0.176443
31.735361 , 0.231354
31.727732 , 0.28211
31.720102 , 0.335525
31.712472 , 0.392486
31.704843 , 0.452106
31.697213 , 0.51023
31.689583 , 0.568355
31.681954 , 0.6267
31.674324 , 0.682387
31.666694 , 0.742229
31.659065 , 0.796752
31.651435 , 0.836251
31.643805 , 0.870431
31.636176 , 0.893752
31.628546 , 0.908209
31.620916 , 0.920893
31.613287 , 0.921166
31.605657 , 0.909251
31.598027 , 0.884926
31.590398 , 0.841542
31.582768 , 0.785748
31.575138 , 0.723084
31.567509 , 0.651556
31.559879 , 0.574376
31.552249 , 0.491878
31.54462 , 0.411818
31.53699 , 0.331757
31.52936 , 0.245533
31.521731 , 0.159309
31.514101 , 0.071922
31.506471 , -0.012806
31.498842 , -0.080415
31.491212 , -0.142704
31.483582 , -0.21048
31.475953 , -0.272936
31.468323 , -0.317663
31.460693 , -0.357072
31.453064 , -0.401799
31.445434 , -0.441207
31.437804 , -0.46466
31.430175 , -0.482794
31.422545 , -0.506192
31.414915 , -0.52427
31.407286 , -0.526561
31.399656 , -0.522646
31.392026 , -0.524217
31.384397 , -0.521355
31.376767 , -0.500819
31.369137 , -0.477624
31.361508 , -0.455649
31.353878 , -0.433673
31.346248 , -0.410645
31.338619 , -0.387616
31.330989 , -0.364587
31.323359 , -0.341559
31.31573 , -0.318531
31.3081 , -0.295502
31.30047 , -0.272473
31.292841 , -0.249445
31.285211 , -0.22668
31.277581 , -0.203914
31.269952 , -0.181149
31.262322 , -0.158384
31.254692 , -0.135618
31.247063 , -0.112853
31.239433 , -0.090088
31.231803 , -0.067322
31.224174 , -0.050929
31.216544 , -0.034534
31.208914 , -0.016811
31.201285 , -0.001746
31.193655 , 0.016144
31.186025 , 0.031374
31.178396 , 0.049264
31.170766 , 0.064495
31.163136 , 0.066058
31.155507 , 0.064962
31.147877 , 0.065196
31.140247 , 0.06543
31.132618 , 0.065663
31.124988 , 0.065897
31.117358 , 0.064912
31.109728 , 0.066586
31.102099 , 0.083053
31.094469 , 0.103951
31.086839 , 0.121028
31.07921 , 0.140763
31.07158 , 0.15928
31.06395 , 0.177796
31.056321 , 0.196313
31.048691 , 0.21483
31.041061 , 0.229372
31.033432 , 0.241253
31.025802 , 0.254632
31.018172 , 0.26801
31.010543 , 0.281387
31.002913 , 0.294765
30.995283 , 0.306814
30.987654 , 0.321522
30.980024 , 0.342988
30.972394 , 0.367115
30.964765 , 0.389911
30.957135 , 0.412708
30.949505 , 0.43567
30.941876 , 0.458633
30.934246 , 0.481596
30.926616 , 0.504559
30.918987 , 0.538299
30.911357 , 0.572039
30.903727 , 0.604449
30.896098 , 0.639519
30.888468 , 0.671764
30.880838 , 0.706667
30.873209 , 0.738746
30.865579 , 0.773483
30.857949 , 0.815312
30.85032 , 0.857141
30.84269 , 0.899137
30.83506 , 0.941132
30.827431 , 0.982961
30.819801 , 1.02479
30.812171 , 1.067949
30.804542 , 1.108448
30.796912 , 1.136856
30.789282 , 1.162604
30.781653 , 1.191788
30.774023 , 1.216539
30.766393 , 1.225445
30.758764 , 1.228146
30.751134 , 1.237163
30.743504 , 1.239974
30.735875 , 1.227827
30.728245 , 1.209475
30.720615 , 1.196552
30.712986 , 1.179197
30.705356 , 1.144169
30.697726 , 1.106481
30.690097 , 1.070013
30.682467 , 1.033544
30.674837 , 0.999512
30.667208 , 0.965481
30.659578 , 0.93145
30.651948 , 0.897419
30.644319 , 0.863554
30.636689 , 0.829689
30.629059 , 0.794495
30.62143 , 0.76196
30.6138 , 0.7384
30.60617 , 0.717499
30.598541 , 0.695268
30.590911 , 0.673038
30.583281 , 0.650974
30.575652 , 0.62891
30.568022 , 0.606846
30.560392 , 0.584782
30.552763 , 0.578632
30.545133 , 0.572482
30.537503 , 0.565003
30.529874 , 0.560183
30.522244 , 0.552537
30.514614 , 0.547551
30.506985 , 0.539905
30.499355 , 0.534919
30.491725 , 0.542897
30.484096 , 0.553535
30.476466 , 0.560626
30.468836 , 0.57215
30.461207 , 0.600405
30.453577 , 0.633093
30.445947 , 0.661237
30.438318 , 0.693814
30.430688 , 0.732953
30.423058 , 0.774751
30.415429 , 0.814498
30.407799 , 0.855576
30.400169 , 0.896654
30.39254 , 0.936402
30.38491 , 0.978311
30.37728 , 1.01756
30.369651 , 1.044039
30.362021 , 1.067859
30.354391 , 1.094337
30.346762 , 1.118157
30.339132 , 1.14472
30.331502 , 1.168622
30.323873 , 1.19452
30.316243 , 1.219087
30.308613 , 1.232339
30.300984 , 1.244261
30.293354 , 1.256764
30.285724 , 1.269269
30.278095 , 1.28227
30.270465 , 1.293943
30.262835 , 1.307693
30.255206 , 1.318784
30.247576 , 1.32054
30.239946 , 1.319636
30.232317 , 1.322167
30.224687 , 1.320266
30.217057 , 1.30252
30.209428 , 1.278569
30.201798 , 1.261045
30.194168 , 1.237315
30.186539 , 1.194206
30.178909 , 1.146666
30.171279 , 1.102643
30.16365 , 1.055961
30.15602 , 1.011246
30.14839 , 0.965201
30.140761 , 0.919738
30.133131 , 0.874275
30.125501 , 0.827399
30.117872 , 0.780523
30.110242 , 0.73373
30.102612 , 0.686937
30.094983 , 0.639563
30.087353 , 0.593518
30.079723 , 0.545395
30.072094 , 0.499932
30.064464 , 0.468915
30.056834 , 0.440558
30.049205 , 0.409541
30.041575 , 0.381184
30.033945 , 0.350167
30.026316 , 0.321809
30.018686 , 0.290792
30.011056 , 0.262434
30.003427 , 0.24959
29.995797 , 0.239404
29.988167 , 0.22656
29.980538 , 0.216374
29.972908 , 0.20364
29.965278 , 0.193565
29.957649 , 0.180056
29.950019 , 0.170979
29.942389 , 0.181039
29.93476 , 0.197305
29.92713 , 0.207034
29.9195 , 0.222967
29.911871 , 0.254303
29.904241 , 0.288297
29.896611 , 0.322181
29.888982 , 0.353406
29.881352 , 0.375545
29.873722 , 0.389705
29.866092 , 0.395334
29.858463 , 0.391212
29.850833 , 0.381549
29.843203 , 0.362135
29.835574 , 0.33419
29.827944 , 0.298266
29.820314 , 0.250833
29.812685 , 0.20074
29.805055 , 0.150537
29.797425 , 0.102993
29.789796 , 0.062208
29.782166 , 0.027627
29.774536 , 0.002577
29.766907 , -0.012723
29.759277 , -0.017053
29.751647 , -0.011632
29.744018 , 0.002431
29.736388 , 0.024473
29.728758 , 0.046736
29.721129 , 0.073431
29.713499 , 0.107274
29.705869 , 0.143776
29.69824 , 0.173387
29.69061 , 0.202998
29.68298 , 0.234105
29.675351 , 0.262552
29.667721 , 0.29449
29.660091 , 0.323769
29.652462 , 0.35579
29.644832 , 0.385152
29.637202 , 0.401078
29.629573 , 0.415675
29.621943 , 0.430854
29.614313 , 0.446033
29.606684 , 0.461128
29.599054 , 0.476223
29.591424 , 0.491319
29.583795 , 0.506414
29.576165 , 0.514792
29.568535 , 0.52317
29.560906 , 0.531548
29.553276 , 0.539926
29.545646 , 0.548304
29.538017 , 0.556682
29.530387 , 0.56506
29.522757 , 0.573438
29.515128 , 0.577384
29.507498 , 0.581329
29.499868 , 0.585192
29.492239 , 0.589055
29.484609 , 0.593499
29.476979 , 0.596613
29.46935 , 0.601972
29.46172 , 0.604671
29.45409 , 0.589911
29.446461 , 0.575152
29.438831 , 0.561445
29.431201 , 0.545079
29.423572 , 0.532424
29.415942 , 0.515337
29.408312 , 0.502794
29.400683 , 0.485818
29.393053 , 0.445463
29.385423 , 0.400675
29.377794 , 0.359599
29.370164 , 0.315864
29.362534 , 0.273513
29.354905 , 0.231163
29.347275 , 0.187428
29.339645 , 0.146352
29.332016 , 0.113019
29.324386 , 0.084117
29.316756 , 0.050673
29.309127 , 0.021661
29.301497 , 0.009381
29.293867 , 0.001533
29.286238 , -0.010027
29.278608 , -0.018928
29.270978 , -0.022399
29.263349 , -0.025871
29.255719 , -0.029176
29.248089 , -0.032481
29.24046 , -0.035786
29.23283 , -0.039091
29.2252 , -0.042397
29.217571 , -0.045702
29.209941 , -0.036196
29.202311 , -0.026691
29.194682 , -0.017186
29.187052 , -0.007681
29.179422 , 0.001824
29.171793 , 0.011329
29.164163 , 0.020834
29.156533 , 0.030339
29.148904 , 0.044276
29.141274 , 0.058213
29.133644 , 0.071984
29.126015 , 0.085755
29.118385 , 0.100745
29.110755 , 0.113076
29.103126 , 0.129118
29.095496 , 0.140728
29.087866 , 0.128142
29.080237 , 0.111123
29.072607 , 0.098647
29.064977 , 0.081738
29.057348 , 0.068376
29.049718 , 0.052354
29.042088 , 0.039047
29.034459 , 0.023081
29.026829 , -0.004852
29.019199 , -0.032786
29.01157 , -0.060885
29.00394 , -0.088985
28.99631 , -0.117085
28.988681 , -0.145184
28.981051 , -0.173284
28.973421 , -0.201383
28.965792 , -0.221274
28.958162 , -0.241166
28.950532 , -0.261057
28.942903 , -0.280948
28.935273 , -0.300839
28.927643 , -0.320731
28.920014 , -0.340622
28.912384 , -0.360514
28.904754 , -0.375806
28.897125 , -0.391099
28.889495 , -0.407611
28.881865 , -0.421463
28.874236 , -0.439028
28.866606 , -0.45216
28.858976 , -0.469946
28.851347 , -0.4833
28.843717 , -0.477055
28.836087 , -0.468151
28.828458 , -0.460465
28.820828 , -0.45278
28.813198 , -0.444928
28.805569 , -0.437077
28.797939 , -0.429225
28.790309 , -0.421373
28.78268 , -0.4215
28.77505 , -0.421626
28.76742 , -0.421752
28.759791 , -0.421879
28.752161 , -0.422005
28.744531 , -0.422132
28.736902 , -0.422258
28.729272 , -0.422385
28.721642 , -0.422514
28.714013 , -0.422644
28.706383 , -0.422774
28.698753 , -0.422904
28.691124 , -0.4232
28.683494 , -0.423496
28.675864 , -0.422573
28.668235 , -0.42431
28.660605 , -0.434412
28.652975 , -0.448946
28.645346 , -0.457941
28.637716 , -0.47314
28.630086 , -0.504074
28.622456 , -0.53944
28.614827 , -0.571205
28.607197 , -0.605629
28.599567 , -0.640067
28.591938 , -0.674505
28.584308 , -0.710328
28.576678 , -0.743492
28.569049 , -0.780367
28.561419 , -0.812811
28.553789 , -0.849798
28.54616 , -0.882352
28.53853 , -0.884767
28.5309 , -0.88275
28.523271 , -0.885276
28.515641 , -0.88337
28.508011 , -0.885009
28.500382 , -0.88399
28.492752 , -0.885519
28.485122 , -0.884388
28.477493 , -0.869896
28.469863 , -0.852746
28.462233 , -0.83903
28.454604 , -0.820882
28.446974 , -0.78689
28.439344 , -0.746691
28.431715 , -0.71292
28.424085 , -0.672944
28.416455 , -0.617122
28.408826 , -0.556868
28.401196 , -0.500215
28.393566 , -0.440903
28.385937 , -0.383087
28.378307 , -0.325271
28.370677 , -0.265183
28.363048 , -0.209527
28.355418 , -0.16926
28.347788 , -0.135198
28.340159 , -0.09482
28.332529 , -0.060647
28.324899 , -0.041432
28.31727 , -0.028423
28.30964 , -0.009818
28.30201 , 0.004355
28.294381 , 0.015924
28.286751 , 0.027493
28.279121 , 0.037565
28.271492 , 0.050298
28.263862 , 0.059318
28.256232 , 0.07277
28.248603 , 0.08168
28.240973 , 0.095021
28.233343 , 0.134425
28.225714 , 0.178261
28.218084 , 0.218384
28.210454 , 0.261168
28.202825 , 0.302732
28.195195 , 0.344296
28.187565 , 0.386026
28.179936 , 0.427756
28.172306 , 0.461786
28.164676 , 0.495815
28.157047 , 0.531174
28.149417 , 0.563874
28.141787 , 0.599288
28.134158 , 0.632043
28.126528 , 0.668233
28.118898 , 0.699992
28.111269 , 0.709464
28.103639 , 0.71273
28.096009 , 0.722313
28.08838 , 0.725691
28.08075 , 0.71411
28.07312 , 0.696324
28.065491 , 0.683968
28.057861 , 0.667179
28.050231 , 0.636706
28.042602 , 0.603573
28.034972 , 0.57166
28.027342 , 0.539746
28.019713 , 0.507666
28.012083 , 0.475586
28.004453 , 0.443506
27.996824 , 0.411427
27.989194 , 0.390103
27.981564 , 0.36878
27.973935 , 0.347623
27.966305 , 0.326467
27.958675 , 0.30398
27.951046 , 0.284153
27.943416 , 0.2615
27.935786 , 0.241506
27.928157 , 0.239242
27.920527 , 0.239636
27.912897 , 0.237372
27.905268 , 0.237767
27.897638 , 0.235502
27.890008 , 0.235897
27.882379 , 0.233466
27.874749 , 0.233695
27.867119 , 0.245322
27.85949 , 0.25695
27.85186 , 0.268744
27.84423 , 0.280538
27.836601 , 0.292331
27.828971 , 0.304125
27.821341 , 0.315919
27.813712 , 0.327713
27.806082 , 0.336847
27.798452 , 0.345982
27.790823 , 0.355116
27.783193 , 0.364251
27.775563 , 0.373385
27.767934 , 0.38252
27.760304 , 0.391489
27.752674 , 0.400456
27.745045 , 0.395926
27.737415 , 0.388735
27.729785 , 0.384537
27.722156 , 0.377679
27.714526 , 0.372151
27.706896 , 0.366623
27.699267 , 0.361095
27.691637 , 0.355567
27.684007 , 0.360232
27.676378 , 0.367558
27.668748 , 0.372057
27.661118 , 0.379217
27.653489 , 0.383717
27.645859 , 0.390875
27.638229 , 0.395209
27.6306 , 0.402202
27.62297 , 0.425248
27.61534 , 0.448293
27.607711 , 0.471506
27.600081 , 0.494718
27.592451 , 0.51793
27.584822 , 0.541142
27.577192 , 0.564187
27.569562 , 0.587233
27.561933 , 0.598312
27.554303 , 0.606731
27.546673 , 0.618143
27.539044 , 0.626894
27.531414 , 0.636976
27.523784 , 0.647058
27.516155 , 0.656973
27.508525 , 0.666888
27.500895 , 0.667423
27.493266 , 0.667958
27.485636 , 0.668493
27.478006 , 0.669028
27.470377 , 0.669397
27.462747 , 0.669766
27.455117 , 0.671464
27.447488 , 0.670503
27.439858 , 0.657299
27.432228 , 0.641434
27.424599 , 0.628396
27.416969 , 0.612698
27.409339 , 0.598329
27.40171 , 0.583961
27.39408 , 0.569427
27.38645 , 0.554892
27.378821 , 0.542532
27.371191 , 0.530172
27.363561 , 0.517812
27.355931 , 0.505452
27.348302 , 0.493092
27.340672 , 0.480732
27.333042 , 0.468205
27.325413 , 0.455679
27.317783 , 0.442599
27.310153 , 0.426859
27.302524 , 0.414832
27.294894 , 0.398372
27.287264 , 0.36518
27.279635 , 0.327557
27.272005 , 0.294642
27.264375 , 0.257296
27.256746 , 0.219465
27.249116 , 0.181633
27.241486 , 0.141531
27.233857 , 0.10586
27.226227 , 0.076228
27.218597 , 0.054574
27.210968 , 0.041452
27.203338 , 0.038081
27.195708 , 0.045791
27.188079 , 0.061479
27.180449 , 0.087803
27.172819 , 0.120334
27.16519 , 0.154082
27.15756 , 0.192264
27.14993 , 0.23665
27.142301 , 0.285468
27.134671 , 0.343387
27.127041 , 0.403965
27.119412 , 0.461827
27.111782 , 0.522349
27.104152 , 0.582041
27.096523 , 0.641732
27.088893 , 0.702808
27.081263 , 0.761225
27.073634 , 0.81449
27.066004 , 0.863322
27.058374 , 0.916808
27.050745 , 0.965862
27.043115 , 0.997354
27.035485 , 1.026186
27.027856 , 1.056236
27.020226 , 1.086287
27.012596 , 1.12327
27.004967 , 1.160253
26.997337 , 1.197236
26.989707 , 1.234219
26.982078 , 1.271202
26.974448 , 1.308185
26.966818 , 1.345002
26.959189 , 1.381819
26.951559 , 1.410658
26.943929 , 1.436837
26.9363 , 1.465842
26.92867 , 1.492188
26.92104 , 1.521193
26.913411 , 1.547539
26.905781 , 1.57671
26.898151 , 1.603222
26.890522 , 1.619692
26.882892 , 1.636162
26.875262 , 1.652466
26.867633 , 1.66877
26.860003 , 1.685074
26.852373 , 1.701378
26.844744 , 1.717682
26.837114 , 1.733986
26.829484 , 1.740373
26.821855 , 1.74676
26.814225 , 1.754477
26.806595 , 1.759534
26.798966 , 1.767416
26.791336 , 1.77264
26.783706 , 1.780523
26.776077 , 1.785746
26.768447 , 1.777405
26.760817 , 1.766404
26.753188 , 1.756899
26.745558 , 1.747394
26.737928 , 1.731739
26.730299 , 1.718744
26.722669 , 1.711898
26.715039 , 1.711257
26.70741 , 1.722806
26.69978 , 1.742332
26.69215 , 1.771165
26.684521 , 1.807977
26.676891 , 1.85127
26.669261 , 1.897223
26.661632 , 1.941902
26.654002 , 1.986581
26.646372 , 2.017561
26.638743 , 2.04411
26.631113 , 2.076254
26.623483 , 2.102193
26.615854 , 2.113173
26.608224 , 2.117948
26.600594 , 2.128928
26.592965 , 2.133703
26.585335 , 2.115984
26.577705 , 2.092061
26.570076 , 2.073567
26.562446 , 2.050641
26.554816 , 2.010041
26.547187 , 1.966782
26.539557 , 1.924741
26.531927 , 1.882701
26.524298 , 1.846601
26.516668 , 1.810501
26.509038 , 1.773071
26.501409 , 1.738301
26.493779 , 1.700705
26.486149 , 1.665768
26.47852 , 1.628006
26.47089 , 1.592903
26.46326 , 1.576804
26.455631 , 1.560704
26.448001 , 1.543551
26.440371 , 1.529058
26.432742 , 1.506643
26.425112 , 1.488659
26.417482 , 1.475109
26.409853 , 1.469535
26.402223 , 1.482951
26.394593 , 1.506118
26.386964 , 1.543247
26.379334 , 1.591899
26.371704 , 1.641659
26.364075 , 1.70117
26.356445 , 1.771153
26.348815 , 1.845567
26.341186 , 1.924026
26.333556 , 2.002485
26.325926 , 2.083437
26.318297 , 2.159957
26.310667 , 2.22102
26.303037 , 2.27765
26.295408 , 2.338712
26.287778 , 2.395343
26.280148 , 2.438951
26.272519 , 2.478127
26.264889 , 2.521737
26.257259 , 2.560913
26.24963 , 2.583248
26.242 , 2.60115
26.23437 , 2.623484
26.226741 , 2.641386
26.219111 , 2.639897
26.211481 , 2.633976
26.203852 , 2.6316
26.196222 , 2.626566
26.188592 , 2.62408
26.180963 , 2.618934
26.173333 , 2.616447
26.165703 , 2.611302
26.158074 , 2.590547
26.150444 , 2.567132
26.142814 , 2.546543
26.135185 , 2.523295
26.127555 , 2.501542
26.119925 , 2.47979
26.112295 , 2.456653
26.104666 , 2.436174
26.097036 , 2.425835
26.089406 , 2.419928
26.081777 , 2.40859
26.074147 , 2.403459
26.066517 , 2.413176
26.058888 , 2.429096
26.051258 , 2.439423
26.043628 , 2.45418
26.035999 , 2.480341
26.028369 , 2.506501
26.020739 , 2.532939
26.01311 , 2.559376
26.00548 , 2.585648
25.99785 , 2.611918
25.990221 , 2.63952
25.982591 , 2.664461
25.974961 , 2.674943
25.967332 , 2.682765
25.959702 , 2.693246
25.952072 , 2.701069
25.944443 , 2.71155
25.936813 , 2.719372
25.929183 , 2.729854
25.921554 , 2.737676
25.913924 , 2.731357
25.906294 , 2.722378
25.898665 , 2.714728
25.891035 , 2.70708
25.883405 , 2.699265
25.875776 , 2.691449
25.868146 , 2.683634
25.860516 , 2.675818
25.852887 , 2.670663
25.845257 , 2.665507
25.837627 , 2.660351
25.829998 , 2.655195
25.822368 , 2.650206
25.814738 , 2.645216
25.807109 , 2.638896
25.799479 , 2.635236
25.791849 , 2.644159
25.78422 , 2.655742
25.77659 , 2.664499
25.76896 , 2.675916
25.761331 , 2.686003
25.753701 , 2.696089
25.746071 , 2.706342
25.738442 , 2.716595
25.730812 , 2.729507
25.723182 , 2.742419
25.715553 , 2.755332
25.707923 , 2.768245
25.700293 , 2.781157
25.692664 , 2.794069
25.685034 , 2.806981
25.677404 , 2.819894
25.669775 , 2.84257
25.662145 , 2.865248
25.654515 , 2.886595
25.646886 , 2.910602
25.639256 , 2.931783
25.631626 , 2.955624
25.623997 , 2.976638
25.616367 , 3.000313
25.608737 , 3.037726
25.601108 , 3.075141
25.593478 , 3.112721
25.585848 , 3.150302
25.578219 , 3.187881
25.570589 , 3.225462
25.562959 , 3.263042
25.55533 , 3.300623
25.5477 , 3.346174
25.54007 , 3.391726
25.532441 , 3.437277
25.524811 , 3.482828
25.517181 , 3.52838
25.509552 , 3.573932
25.501922 , 3.619483
25.494292 , 3.665034
25.486663 , 3.704381
25.479033 , 3.743727
25.471403 , 3.783073
25.463774 , 3.822419
25.456144 , 3.861766
25.448514 , 3.901113
25.440885 , 3.940458
25.433255 , 3.979805
25.425625 , 4.017696
25.417996 , 4.055589
25.410366 , 4.093481
25.402736 , 4.131372
25.395107 , 4.169099
25.387477 , 4.206824
25.379847 , 4.245713
25.372218 , 4.281943
25.364588 , 4.313908
25.356958 , 4.340552
25.349329 , 4.372683
25.341699 , 4.399494
25.334069 , 4.410516
25.32644 , 4.416219
25.31881 , 4.426077
25.31118 , 4.433276
25.303551 , 4.440312
25.295921 , 4.447349
25.288291 , 4.454218
25.280662 , 4.461088
25.273032 , 4.467958
25.265402 , 4.474828
25.257773 , 4.481698
25.250143 , 4.488568
25.242513 , 4.506075
25.234884 , 4.523582
25.227254 , 4.541256
25.219624 , 4.558929
25.211995 , 4.576548
25.204365 , 4.596825
25.196735 , 4.612947
25.189106 , 4.634388
25.181476 , 4.666757
25.173846 , 4.704445
25.166217 , 4.752769
25.158587 , 4.809959
25.150957 , 4.874019
25.143328 , 4.946942
25.135698 , 5.030503
25.128068 , 5.119384
25.120439 , 5.205161
25.112809 , 5.296257
25.105179 , 5.392505
25.09755 , 5.494072
25.08992 , 5.608049
25.08229 , 5.724686
25.074661 , 5.838996
25.067031 , 5.955964
25.059401 , 6.08867
25.051772 , 6.226693
25.044142 , 6.359066
25.036512 , 6.496758
25.028883 , 6.63046
25.021253 , 6.766822
25.013623 , 6.900524
25.005994 , 7.036885
24.998364 , 7.184771
24.990734 , 7.332656
24.983105 , 7.480708
24.975475 , 7.628759
24.967845 , 7.776812
24.960216 , 7.924863
24.952586 , 8.072915
24.944956 , 8.220966
24.937327 , 8.372937
24.929697 , 8.524909
24.922067 , 8.675717
24.914438 , 8.829185
24.906808 , 8.97362
24.899178 , 9.123376
24.891549 , 9.278284
24.883919 , 9.43851
24.876289 , 9.611368
24.868659 , 9.789545
24.86103 , 9.980132
24.8534 , 10.176038
24.84577 , 10.372442
24.838141 , 10.574165
24.830511 , 10.782372
24.822881 , 10.993235
24.815252 , 11.212297
24.807622 , 11.43136
24.799992 , 11.650589
24.792363 , 11.869818
24.784733 , 12.089876
24.777103 , 12.309937
24.769474 , 12.528833
24.761844 , 12.750387
24.754214 , 12.984631
24.746585 , 13.224192
24.738955 , 13.458269
24.731325 , 13.697664
24.723696 , 13.953014
24.716066 , 14.213684
24.708436 , 14.46887
24.700807 , 14.729374
24.693177 , 15.005098
24.685547 , 15.283484
24.677918 , 15.559376
24.670288 , 15.837927
24.662658 , 16.114483
24.655029 , 16.393698
24.647399 , 16.670422
24.639769 , 16.949804
24.63214 , 17.239822
24.62451 , 17.53516
24.61688 , 17.835873
24.609251 , 18.141903
24.601621 , 18.458794
24.593991 , 18.784548
24.586362 , 19.124485
24.578732 , 19.476831
24.571102 , 19.844736
24.563473 , 20.228596
24.555843 , 20.630184
24.548213 , 21.051273
24.540584 , 21.485661
24.532954 , 21.943094
24.525324 , 22.426901
24.517695 , 22.933754
24.510065 , 23.468086
24.502435 , 24.025469
24.494806 , 24.609444
24.487176 , 25.216465
24.479546 , 25.842985
24.471917 , 26.492558
24.464287 , 27.168945
24.456657 , 27.868378
24.449028 , 28.595165
24.441398 , 29.348549
24.433768 , 30.124981
24.426139 , 30.928001
24.418509 , 31.766479
24.410879 , 32.635101
24.40325 , 33.537186
24.39562 , 34.469406
24.38799 , 35.429989
24.380361 , 36.420719
24.372731 , 37.444912
24.365101 , 38.499237
24.357472 , 39.573734
24.349842 , 40.674824
24.342212 , 41.800735
24.334583 , 42.949692
24.326953 , 44.114784
24.319323 , 45.299374
24.311694 , 46.50169
24.304064 , 47.719971
24.296434 , 48.95908
24.288805 , 50.210594
24.281175 , 51.472584
24.273545 , 52.743439
24.265916 , 54.018448
24.258286 , 55.29612
24.250656 , 56.575054
24.243027 , 57.848682
24.235397 , 59.111942
24.227767 , 60.362797
24.220138 , 61.595478
24.212508 , 62.805111
24.204878 , 63.981632
24.197249 , 65.120911
24.189619 , 66.22496
24.181989 , 67.281143
24.17436 , 68.278824
24.16673 , 69.217987
24.1591 , 70.086472
24.151471 , 70.885803
24.143841 , 71.61821
24.136211 , 72.274399
24.128582 , 72.860092
24.120952 , 73.366013
24.113322 , 73.790604
24.105693 , 74.135406
24.098063 , 74.397339
24.090433 , 74.579498
24.082804 , 74.6875
24.075174 , 74.722824
24.067544 , 74.680359
24.059915 , 74.568741
24.052285 , 74.401505
24.044655 , 74.175766
24.037026 , 73.898621
24.029396 , 73.570053
24.021766 , 73.189194
24.014137 , 72.767548
24.006507 , 72.30513
23.998877 , 71.809021
23.991248 , 71.297623
23.983618 , 70.763184
23.975988 , 70.199936
23.968359 , 69.617188
23.960729 , 69.019699
23.953099 , 68.406265
23.94547 , 67.772888
23.93784 , 67.123566
23.93021 , 66.454285
23.922581 , 65.765503
23.914951 , 65.050125
23.907321 , 64.308167
23.899692 , 63.541592
23.892062 , 62.744892
23.884432 , 61.916492
23.876803 , 61.054417
23.869173 , 60.158207
23.861543 , 59.228313
23.853914 , 58.266949
23.846284 , 57.275448
23.838654 , 56.25716
23.831025 , 55.215824
23.823395 , 54.158527
23.815765 , 53.085281
23.808136 , 51.992199
23.800506 , 50.890247
23.792876 , 49.792618
23.785247 , 48.694996
23.777617 , 47.594822
23.769987 , 46.499962
23.762358 , 45.419178
23.754728 , 44.34726
23.747098 , 43.278221
23.739469 , 42.221592
23.731839 , 41.173603
23.724209 , 40.138031
23.71658 , 39.120312
23.70895 , 38.114998
23.70132 , 37.130959
23.693691 , 36.16288
23.686061 , 35.207211
23.678431 , 34.267494
23.670802 , 33.345726
23.663172 , 32.443466
23.655542 , 31.563366
23.647913 , 30.70631
23.640283 , 29.873852
23.632653 , 29.067993
23.625024 , 28.290943
23.617394 , 27.540482
23.609764 , 26.814785
23.602134 , 26.112139
23.594505 , 25.429813
23.586875 , 24.769648
23.579245 , 24.137794
23.571616 , 23.526327
23.563986 , 22.930819
23.556356 , 22.353924
23.548727 , 21.794868
23.541097 , 21.252655
23.533467 , 20.725513
23.525838 , 20.215212
23.518208 , 19.724413
23.510578 , 19.248684
23.502949 , 18.785475
23.495319 , 18.337337
23.487689 , 17.909475
23.48006 , 17.496683
23.47243 , 17.096676
23.4648 , 16.709965
23.457171 , 16.332008
23.449541 , 15.965574
23.441911 , 15.614986
23.434282 , 15.272375
23.426652 , 14.923588
23.419022 , 14.579231
23.411393 , 14.253492
23.403763 , 13.929081
23.396133 , 13.603729
23.388504 , 13.279705
23.380874 , 12.954243
23.373244 , 12.633211
23.365615 , 12.306889
23.357985 , 11.986773
23.350355 , 11.68329
23.342726 , 11.389559
23.335096 , 11.106243
23.327466 , 10.834452
23.319837 , 10.578062
23.312207 , 10.333195
23.304577 , 10.097858
23.296948 , 9.874045
23.289318 , 9.651008
23.281688 , 9.435948
23.274059 , 9.235071
23.266429 , 9.040401
23.258799 , 8.851878
23.25117 , 8.666017
23.24354 , 8.479129
23.23591 , 8.292242
23.228281 , 8.109385
23.220651 , 7.927858
23.213021 , 7.743588
23.205392 , 7.563751
23.197762 , 7.388264
23.190132 , 7.220754
23.182503 , 7.065432
23.174873 , 6.919861
23.167243 , 6.780496
23.159614 , 6.650881
23.151984 , 6.531903
23.144354 , 6.42445
23.136725 , 6.332288
23.129095 , 6.251649
23.121465 , 6.181537
23.113836 , 6.121176
23.106206 , 6.082721
23.098576 , 6.052244
23.090947 , 6.015479
23.083317 , 5.983147
23.075687 , 5.949318
23.068058 , 5.916819
23.060428 , 5.884431
23.052798 , 5.850713
23.045169 , 5.810735
23.037539 , 5.768097
23.029909 , 5.728285
23.02228 , 5.685814
23.01465 , 5.64542
23.00702 , 5.603697
22.999391 , 5.562721
22.991761 , 5.521746
22.984131 , 5.485936
22.976502 , 5.452786
22.968872 , 5.416811
22.961242 , 5.383495
22.953613 , 5.347437
22.945983 , 5.314037
22.938353 , 5.278561
22.930724 , 5.244413
22.923094 , 5.219436
22.915464 , 5.194458
22.907835 , 5.169562
22.900205 , 5.144668
22.892575 , 5.119773
22.884946 , 5.094878
22.877316 , 5.070066
22.869686 , 5.045255
22.862057 , 5.027614
22.854427 , 5.011303
22.846797 , 4.993026
22.839168 , 4.977408
22.831538 , 4.958161
22.823908 , 4.943346
22.816279 , 4.923988
22.808649 , 4.909064
22.801019 , 4.912311
22.79339 , 4.919989
22.78576 , 4.923124
22.77813 , 4.930694
22.770501 , 4.955991
22.762871 , 4.983946
22.755241 , 5.009354
22.747612 , 5.037422
22.739982 , 5.068439
22.732352 , 5.102115
22.724723 , 5.133714
22.717093 , 5.166644
22.709463 , 5.19899
22.701834 , 5.231337
22.694204 , 5.263766
22.686574 , 5.296198
22.678945 , 5.336163
22.671315 , 5.376126
22.663685 , 5.416091
22.656056 , 5.456058
22.648426 , 5.496021
22.640796 , 5.535986
22.633167 , 5.575951
22.625537 , 5.615916
22.617907 , 5.652389
22.610278 , 5.688863
22.602648 , 5.726501
22.595018 , 5.761478
22.587389 , 5.800611
22.579759 , 5.834425
22.572129 , 5.873724
22.5645 , 5.907705
22.55687 , 5.91836
22.54924 , 5.923697
22.541611 , 5.93319
22.533981 , 5.940024
22.526351 , 5.948019
22.518722 , 5.956017
22.511092 , 5.96418
22.503462 , 5.972342
22.495833 , 5.982852
22.488203 , 5.998682
22.480573 , 6.009082
22.472944 , 6.0248
22.465314 , 6.059798
22.457684 , 6.103662
22.450055 , 6.158162
22.442425 , 6.225073
22.434795 , 6.293533
22.427166 , 6.377952
22.419536 , 6.488963
22.411906 , 6.615931
22.404277 , 6.761512
22.396647 , 6.926596
22.389017 , 7.111182
22.381388 , 7.322362
22.373758 , 7.559217
22.366128 , 7.826212
22.358498 , 8.132431
22.350869 , 8.472335
22.343239 , 8.83706
22.335609 , 9.242561
22.32798 , 9.704795
22.32035 , 10.211351
22.31272 , 10.768435
22.305091 , 11.37693
22.297461 , 12.031078
22.289831 , 12.740187
22.282202 , 13.510902
22.274572 , 14.336578
22.266942 , 15.207241
22.259313 , 16.129316
22.251683 , 17.102869
22.244053 , 18.110106
22.236424 , 19.140722
22.228794 , 20.171341
22.221164 , 21.183231
22.213535 , 22.140162
22.205905 , 22.999474
22.198275 , 23.740002
22.190646 , 24.338476
22.183016 , 24.761438
22.175386 , 24.987831
22.167757 , 25.028067
22.160127 , 24.894783
22.152497 , 24.60726
22.144868 , 24.202726
22.137238 , 23.707771
22.129608 , 23.143
22.121979 , 22.54809
22.114349 , 21.960049
22.106719 , 21.384417
22.09909 , 20.821861
22.09146 , 20.300081
22.08383 , 19.829939
22.076201 , 19.411207
22.068571 , 19.048323
22.060941 , 18.740398
22.053312 , 18.478127
22.045682 , 18.267267
22.038052 , 18.111366
22.030423 , 18.003334
22.022793 , 17.94849
22.015163 , 17.937967
22.007534 , 17.963947
21.999904 , 18.030704
21.992274 , 18.129372
21.984645 , 18.265272
21.977015 , 18.445715
21.969385 , 18.659843
21.961756 , 18.911423
21.954126 , 19.196688
21.946496 , 19.511206
21.938867 , 19.859409
21.931237 , 20.244843
21.923607 , 20.66396
21.915978 , 21.115211
21.908348 , 21.600149
21.900718 , 22.120764
21.893089 , 22.678612
21.885459 , 23.262396
21.877829 , 23.886955
21.8702 , 24.568245
21.86257 , 25.293861
21.85494 , 26.063801
21.847311 , 26.881603
21.839681 , 27.748825
21.832051 , 28.667465
21.824422 , 29.634415
21.816792 , 30.652775
21.809162 , 31.720558
21.801533 , 32.836208
21.793903 , 33.996181
21.786273 , 35.200474
21.778644 , 36.461277
21.771014 , 37.762859
21.763384 , 39.086002
21.755755 , 40.442825
21.748125 , 41.839981
21.740495 , 43.263733
21.732866 , 44.707211
21.725236 , 46.163094
21.717606 , 47.614986
21.709977 , 49.061565
21.702347 , 50.495071
21.694717 , 51.901978
21.687088 , 53.278301
21.679458 , 54.59967
21.671828 , 55.840595
21.664199 , 56.998188
21.656569 , 58.067364
21.648939 , 59.028393
21.64131 , 59.854069
21.63368 , 60.546787
21.62605 , 61.112743
21.618421 , 61.528004
21.610791 , 61.788136
21.603161 , 61.886936
21.595532 , 61.823734
21.587902 , 61.595654
21.580272 , 61.203808
21.572643 , 60.654171
21.565013 , 59.958057
21.557383 , 59.118328
21.549754 , 58.128796
21.542124 , 57.013393
21.534494 , 55.797596
21.526865 , 54.484287
21.519235 , 53.070835
21.511605 , 51.588238
21.503976 , 50.061321
21.496346 , 48.493626
21.488716 , 46.892689
21.481087 , 45.279343
21.473457 , 43.667107
21.465827 , 42.063732
21.458198 , 40.48119
21.450568 , 38.92524
21.442938 , 37.405861
21.435309 , 35.92725
21.427679 , 34.491634
21.420049 , 33.103889
21.41242 , 31.763569
21.40479 , 30.478207
21.39716 , 29.256458
21.389531 , 28.089668
21.381901 , 26.968533
21.374271 , 25.898811
21.366642 , 24.885599
21.359012 , 23.91671
21.351382 , 22.977959
21.343753 , 22.076439
21.336123 , 21.219463
21.328493 , 20.392626
21.320864 , 19.580414
21.313234 , 18.794798
21.305604 , 18.034443
21.297975 , 17.300682
21.290345 , 16.609472
21.282715 , 15.948399
21.275086 , 15.311018
21.267456 , 14.703777
21.259826 , 14.13842
21.252197 , 13.599657
21.244567 , 13.069757
21.236937 , 12.555813
21.229308 , 12.052839
21.221678 , 11.555185
21.214048 , 11.070328
21.206419 , 10.585472
21.198789 , 10.100005
21.191159 , 9.617198
21.18353 , 9.130457
21.1759 , 8.652581
21.16827 , 8.202905
21.160641 , 7.772731
21.153011 , 7.364072
21.145381 , 6.978461
21.137752 , 6.61213
21.130122 , 6.268847
21.122492 , 5.950384
21.114862 , 5.65497
21.107233 , 5.382602
21.099603 , 5.126191
21.091973 , 4.886843
21.084344 , 4.663452
21.076714 , 4.447151
21.069084 , 4.243262
21.061455 , 4.056879
21.053825 , 3.882907
21.046195 , 3.717577
21.038566 , 3.564658
21.030936 , 3.423781
21.023306 , 3.291771
21.015677 , 3.17239
21.008047 , 3.061875
21.000417 , 2.955348
20.992788 , 2.857687
20.985158 , 2.772213
20.977528 , 2.695604
20.969899 , 2.636724
20.962269 , 2.583163
20.954639 , 2.524337
20.94701 , 2.470832
20.93938 , 2.414499
20.93175 , 2.360828
20.924121 , 2.305992
20.916491 , 2.251157
20.908861 , 2.196684
20.901232 , 2.142212
20.893602 , 2.087739
20.885972 , 2.033268
20.878343 , 1.978796
20.870713 , 1.924324
20.863083 , 1.870018
20.855454 , 1.815712
20.847824 , 1.764674
20.840194 , 1.716297
20.832565 , 1.663764
20.824935 , 1.61655
20.817305 , 1.585124
20.809676 , 1.559019
20.802046 , 1.527594
20.794416 , 1.501489
20.786787 , 1.486816
20.779157 , 1.477463
20.771527 , 1.46279
20.763898 , 1.453437
20.756268 , 1.459873
20.748638 , 1.471629
20.741009 , 1.479227
20.733379 , 1.489487
20.725749 , 1.499468
20.71812 , 1.509451
20.71049 , 1.519433
20.70286 , 1.529415
20.695231 , 1.539895
20.687601 , 1.547717
20.679971 , 1.559693
20.672342 , 1.566351
20.664712 , 1.552588
20.657082 , 1.533504
20.649453 , 1.509269
20.641823 , 1.479715
20.634193 , 1.4603
20.626564 , 1.438226
20.618934 , 1.417481
20.611304 , 1.396736
20.603675 , 1.370008
20.596045 , 1.345939
20.588415 , 1.317715
20.580786 , 1.294809
20.573156 , 1.287527
20.565526 , 1.285563
20.557897 , 1.279445
20.550267 , 1.275986
20.542637 , 1.276855
20.535008 , 1.277724
20.527378 , 1.278759
20.519748 , 1.279795
20.512119 , 1.280165
20.504489 , 1.280536
20.496859 , 1.28074
20.48923 , 1.280944
20.4816 , 1.280539
20.47397 , 1.277475
20.466341 , 1.267928
20.458711 , 1.253063
20.451081 , 1.234375
20.443452 , 1.210368
20.435822 , 1.181209
20.428192 , 1.146731
20.420563 , 1.105894
20.412933 , 1.062398
20.405303 , 1.021395
20.397674 , 0.977732
20.390044 , 0.936064
20.382414 , 0.891737
20.374785 , 0.850069
20.367155 , 0.805741
20.359525 , 0.747397
20.351896 , 0.686394
20.344266 , 0.626719
20.336636 , 0.567046
20.329007 , 0.508203
20.321377 , 0.44936
20.313747 , 0.387858
20.306118 , 0.331674
20.298488 , 0.282825
20.290858 , 0.239294
20.283229 , 0.201081
20.275599 , 0.168188
20.267969 , 0.139117
20.26034 , 0.115365
20.25271 , 0.098261
20.24508 , 0.083816
20.237451 , 0.077073
20.229821 , 0.072989
20.222191 , 0.066245
20.214562 , 0.06216
20.206932 , 0.056082
20.199302 , 0.052663
20.191673 , 0.046584
20.184043 , 0.043165
20.176413 , 0.0508
20.168784 , 0.061096
20.161154 , 0.070061
20.153524 , 0.079027
20.145895 , 0.087493
20.138265 , 0.095962
20.130635 , 0.104095
20.123006 , 0.112231
20.115376 , 0.118149
20.107746 , 0.11875
20.100117 , 0.114362
20.092487 , 0.104658
20.084857 , 0.090963
20.077228 , 0.071951
20.069598 , 0.047785
20.061968 , 0.018302
20.054339 , -0.013308
20.046709 , -0.047576
20.039079 , -0.080683
20.03145 , -0.113788
20.02382 , -0.147726
20.01619 , -0.181662
20.008561 , -0.215599
20.000931 , -0.249535
19.993301 , -0.277267
19.985672 , -0.304998
19.978042 , -0.332731
19.970412 , -0.360462
19.962783 , -0.387363
19.955153 , -0.414263
19.947523 , -0.442328
19.939894 , -0.467731
19.932264 , -0.490114
19.924634 , -0.507177
19.917005 , -0.519088
19.909375 , -0.52568
19.901745 , -0.52845
19.894116 , -0.525899
19.886486 , -0.516869
19.878856 , -0.505177
19.871227 , -0.495094
19.863597 , -0.485009
19.855967 , -0.474759
19.848337 , -0.464508
19.840708 , -0.453594
19.833078 , -0.442677
19.825448 , -0.431763
19.817819 , -0.420847
19.810189 , -0.406685
19.802559 , -0.392521
19.79493 , -0.378358
19.7873 , -0.364194
19.77967 , -0.350032
19.772041 , -0.335868
19.764411 , -0.321706
19.756781 , -0.307542
19.749152 , -0.281856
19.741522 , -0.256168
19.733892 , -0.230482
19.726263 , -0.204794
19.718633 , -0.179108
19.711003 , -0.15342
19.703374 , -0.127734
19.695744 , -0.102046
19.688114 , -0.08493
19.680485 , -0.067812
19.672855 , -0.050696
19.665225 , -0.033579
19.657596 , -0.016463
19.649966 , 0.000655
19.642336 , 0.017771
19.634707 , 0.034889
19.627077 , 0.052448
19.619447 , 0.070009
19.611818 , 0.087568
19.604188 , 0.105129
19.596558 , 0.121857
19.588929 , 0.138587
19.581299 , 0.156479
19.573669 , 0.171713
19.56604 , 0.185553
19.55841 , 0.194077
19.55078 , 0.197224
19.543151 , 0.195055
19.535521 , 0.180473
19.527891 , 0.157029
19.520262 , 0.125162
19.512632 , 0.084433
19.505002 , 0.036942
19.497373 , -0.015865
19.489743 , -0.066071
19.482113 , -0.116274
19.474484 , -0.169083
19.466854 , -0.219232
19.459224 , -0.273537
19.451595 , -0.322521
19.443965 , -0.358157
19.436335 , -0.388473
19.428706 , -0.422945
19.421076 , -0.454757
19.413446 , -0.487734
19.405817 , -0.520709
19.398187 , -0.553519
19.390557 , -0.586328
19.382928 , -0.607615
19.375298 , -0.6289
19.367668 , -0.650187
19.360039 , -0.671472
19.352409 , -0.692759
19.344779 , -0.714044
19.33715 , -0.73533
19.32952 , -0.756615
19.32189 , -0.773975
19.314261 , -0.791334
19.306631 , -0.80886
19.299001 , -0.826385
19.291372 , -0.836764
19.283742 , -0.849801
19.276112 , -0.869322
19.268483 , -0.894159
19.260853 , -0.928417
19.253223 , -0.967992
19.245594 , -1.003414
19.237964 , -1.041492
19.230334 , -1.083618
19.222705 , -1.125741
19.215075 , -1.159833
19.207445 , -1.188604
19.199816 , -1.209022
19.192186 , -1.220573
19.184556 , -1.223484
19.176927 , -1.217528
19.169297 , -1.200493
19.161667 , -1.174592
19.154038 , -1.14548
19.146408 , -1.111047
19.138778 , -1.07994
19.131149 , -1.048832
19.123519 , -1.017393
19.115889 , -0.985951
19.10826 , -0.953847
19.10063 , -0.921741
19.093 , -0.889637
19.085371 , -0.857532
19.077741 , -0.84844
19.070111 , -0.839347
19.062482 , -0.830256
19.054852 , -0.821163
19.047222 , -0.812072
19.039593 , -0.802979
19.031963 , -0.793888
19.024333 , -0.784794
19.016704 , -0.782351
19.009074 , -0.779907
19.001444 , -0.777464
18.993815 , -0.77502
18.986185 , -0.772576
18.978555 , -0.770132
18.970926 , -0.767523
18.963296 , -0.764912
18.955666 , -0.757287
18.948037 , -0.747003
18.940407 , -0.740874
18.932777 , -0.729426
18.925148 , -0.707508
18.917518 , -0.68027
18.909888 , -0.647714
18.902259 , -0.609839
18.894629 , -0.56105
18.886999 , -0.506943
18.87937 , -0.446353
18.87174 , -0.383104
18.86411 , -0.326337
18.856481 , -0.26957
18.848851 , -0.212803
18.841221 , -0.156036
18.833592 , -0.100259
18.825962 , -0.047142
18.818332 , 0.01013
18.810703 , 0.062085
18.803073 , 0.103567
18.795443 , 0.139731
18.787814 , 0.170577
18.780184 , 0.196104
18.772554 , 0.217641
18.764925 , 0.23386
18.757295 , 0.244761
18.749665 , 0.250343
18.742036 , 0.245454
18.734406 , 0.235246
18.726776 , 0.229193
18.719147 , 0.220481
18.711517 , 0.206239
18.703887 , 0.191997
18.696258 , 0.177589
18.688628 , 0.163181
18.680998 , 0.148773
18.673369 , 0.134364
18.665739 , 0.119956
18.658109 , 0.105548
18.65048 , 0.09114
18.64285 , 0.076732
18.63522 , 0.062324
18.627591 , 0.047915
18.619961 , 0.033507
18.612331 , 0.019099
18.604701 , 0.004691
18.597072 , -0.009717
18.589442 , -0.033066
18.581812 , -0.056415
18.574183 , -0.079764
18.566553 , -0.103113
18.558923 , -0.126462
18.551294 , -0.14981
18.543664 , -0.173159
18.536034 , -0.196507
18.528405 , -0.21836
18.520775 , -0.240213
18.513145 , -0.26323
18.505516 , -0.283587
18.497886 , -0.308099
18.490256 , -0.327293
18.482627 , -0.352138
18.474997 , -0.371664
18.467367 , -0.3754
18.459738 , -0.376476
18.452108 , -0.378717
18.444478 , -0.380957
18.436849 , -0.383197
18.429219 , -0.385438
18.421589 , -0.386515
18.41396 , -0.390251
18.40633 , -0.407561
18.3987 , -0.43019
18.391071 , -0.447333
18.383441 , -0.469795
18.375811 , -0.508048
18.368182 , -0.551618
18.360552 , -0.591034
18.352922 , -0.633109
18.345293 , -0.679609
18.337663 , -0.726109
18.330033 , -0.773939
18.322404 , -0.819109
18.314774 , -0.851815
18.307144 , -0.879201
18.299515 , -0.903207
18.291885 , -0.91835
18.284255 , -0.925514
18.276626 , -0.923814
18.268996 , -0.913471
18.261366 , -0.894263
18.253737 , -0.876164
18.246107 , -0.852746
18.238477 , -0.823954
18.230848 , -0.789843
18.223218 , -0.746402
18.215588 , -0.7003
18.207959 , -0.655529
18.200329 , -0.610757
18.192699 , -0.564657
18.18507 , -0.521214
18.17744 , -0.473618
18.16981 , -0.431339
18.162181 , -0.399311
18.154551 , -0.3726
18.146921 , -0.349436
18.139292 , -0.335135
18.131662 , -0.331917
18.124032 , -0.337561
18.116403 , -0.35185
18.108773 , -0.375001
18.101143 , -0.40427
18.093514 , -0.438855
18.085884 , -0.480145
18.078254 , -0.524094
18.070625 , -0.561672
18.062995 , -0.599249
18.055365 , -0.639653
18.047736 , -0.674737
18.040106 , -0.699296
18.032476 , -0.718534
18.024847 , -0.743093
18.017217 , -0.762332
18.009587 , -0.765949
18.001958 , -0.764246
17.994328 , -0.765203
17.986698 , -0.766159
17.979069 , -0.768724
17.971439 , -0.771288
17.963809 , -0.77402
17.95618 , -0.776751
17.94855 , -0.778319
17.94092 , -0.782546
17.933291 , -0.782618
17.925661 , -0.788008
17.918031 , -0.818497
17.910402 , -0.854302
17.902772 , -0.884791
17.895142 , -0.920597
17.887513 , -0.972028
17.879883 , -1.028776
17.872253 , -1.0827
17.864624 , -1.136622
17.856994 , -1.187756
17.849364 , -1.236228
17.841735 , -1.288857
17.834105 , -1.336166
17.826475 , -1.367853
17.818846 , -1.394219
17.811216 , -1.424576
17.803586 , -1.452273
17.795957 , -1.468059
17.788327 , -1.481184
17.780697 , -1.496971
17.773068 , -1.510096
17.765438 , -1.530591
17.757808 , -1.548426
17.750179 , -1.559447
17.742549 , -1.565149
17.734919 , -1.56121
17.72729 , -1.549292
17.71966 , -1.529563
17.71203 , -1.498309
17.704401 , -1.451876
17.696771 , -1.393918
17.689141 , -1.321889
17.681512 , -1.240108
17.673882 , -1.148024
17.666252 , -1.047959
17.658623 , -0.943631
17.650993 , -0.834868
17.643363 , -0.733919
17.635734 , -0.632968
17.628104 , -0.529637
17.620474 , -0.430737
17.612845 , -0.333147
17.605215 , -0.24176
17.597585 , -0.160901
17.589956 , -0.088019
17.582326 , -0.02367
17.574696 , 0.032702
17.567067 , 0.079322
17.559437 , 0.117965
17.551807 , 0.157937
17.544178 , 0.189931
17.536548 , 0.212285
17.528918 , 0.226662
17.521289 , 0.227519
17.513659 , 0.222172
17.506029 , 0.212392
17.4984 , 0.196408
17.49077 , 0.173633
17.48314 , 0.146425
17.475511 , 0.122818
17.467881 , 0.096552
17.460251 , 0.07084
17.452622 , 0.045128
17.444992 , 0.019249
17.437362 , -0.006629
17.429733 , -0.037383
17.422103 , -0.068136
17.414473 , -0.09889
17.406844 , -0.129643
17.399214 , -0.160563
17.391584 , -0.191483
17.383955 , -0.221184
17.376325 , -0.253545
17.368695 , -0.291466
17.361065 , -0.33382
17.353436 , -0.371631
17.345806 , -0.413873
17.338176 , -0.472682
17.330547 , -0.535922
17.322917 , -0.596946
17.315287 , -0.657971
17.307658 , -0.722208
17.300028 , -0.786446
17.292398 , -0.851903
17.284769 , -0.9147
17.277139 , -0.959935
17.269509 , -1.000737
17.26188 , -1.046193
17.25425 , -1.087217
17.24662 , -1.123418
17.238991 , -1.156957
17.231361 , -1.193933
17.223731 , -1.226475
17.216102 , -1.242288
17.208472 , -1.253666
17.200842 , -1.269478
17.193213 , -1.280857
17.185583 , -1.282929
17.177953 , -1.280568
17.170324 , -1.282751
17.162694 , -1.2805
17.155064 , -1.260522
17.147435 , -1.237883
17.139805 , -1.217961
17.132175 , -1.195377
17.124546 , -1.178924
17.116916 , -1.16247
17.109286 , -1.144632
17.101657 , -1.129451
17.094027 , -1.110561
17.086397 , -1.096101
17.078768 , -1.07721
17.071138 , -1.06275
17.063508 , -1.077877
17.055879 , -1.099207
17.048249 , -1.114998
17.040619 , -1.13522
17.03299 , -1.151843
17.02536 , -1.171123
17.01773 , -1.18902
17.010101 , -1.206915
17.002471 , -1.222341
16.994841 , -1.235106
16.987212 , -1.250588
16.979582 , -1.263408
16.971952 , -1.279776
16.964323 , -1.29171
16.956693 , -1.308189
16.949063 , -1.320234
16.941434 , -1.305798
16.933804 , -1.286929
16.926174 , -1.271772
16.918545 , -1.253955
16.910915 , -1.237359
16.903285 , -1.22076
16.895656 , -1.203998
16.888026 , -1.187233
16.880396 , -1.179009
16.872767 , -1.170784
16.865137 , -1.16123
16.857507 , -1.154334
16.849878 , -1.144614
16.842248 , -1.137552
16.834618 , -1.127832
16.826989 , -1.12077
16.819359 , -1.125511
16.811729 , -1.132909
16.8041 , -1.138813
16.79647 , -1.144715
16.78884 , -1.150785
16.781211 , -1.154194
16.773581 , -1.162259
16.765951 , -1.164116
16.758322 , -1.155293
16.750692 , -1.14115
16.743062 , -1.116538
16.735433 , -1.083058
16.727803 , -1.037393
16.720173 , -0.986407
16.712544 , -0.930048
16.704914 , -0.86837
16.697284 , -0.80154
16.689655 , -0.732049
16.682025 , -0.663724
16.674395 , -0.595397
16.666766 , -0.527238
16.659136 , -0.459077
16.651506 , -0.388258
16.643877 , -0.322757
16.636247 , -0.261211
16.628617 , -0.204983
16.620988 , -0.154296
16.613358 , -0.108926
16.605728 , -0.077077
16.598099 , -0.05409
16.590469 , -0.039747
16.582839 , -0.034268
16.57521 , -0.039427
16.56758 , -0.053449
16.55995 , -0.076337
16.552321 , -0.108088
16.544691 , -0.147376
16.537061 , -0.195526
16.529432 , -0.254149
16.521802 , -0.318089
16.514172 , -0.387681
16.506543 , -0.459934
16.498913 , -0.531964
16.491283 , -0.601336
16.483654 , -0.665277
16.476024 , -0.720354
16.468394 , -0.76895
16.460765 , -0.805134
16.453135 , -0.830239
16.445505 , -0.846478
16.437876 , -0.853854
16.430246 , -0.852365
16.422616 , -0.837358
16.414987 , -0.817032
16.407357 , -0.791332
16.399727 , -0.760314
16.392098 , -0.727903
16.384468 , -0.692833
16.376838 , -0.658926
16.369209 , -0.62502
16.361579 , -0.590282
16.353949 , -0.555545
16.34632 , -0.520807
16.33869 , -0.48607
16.33106 , -0.463909
16.323431 , -0.441748
16.315801 , -0.418423
16.308171 , -0.397758
16.300542 , -0.372938
16.292912 , -0.353436
16.285282 , -0.328449
16.277653 , -0.308781
16.270023 , -0.309237
16.262393 , -0.315009
16.254764 , -0.315298
16.247134 , -0.320904
16.239504 , -0.343798
16.231875 , -0.369349
16.224245 , -0.392408
16.216615 , -0.418126
16.208986 , -0.44667
16.201356 , -0.477872
16.193726 , -0.505087
16.186097 , -0.537619
16.178467 , -0.585776
16.170837 , -0.63925
16.163208 , -0.68857
16.155578 , -0.740549
16.147948 , -0.795319
16.140319 , -0.850089
16.132689 , -0.904859
16.125059 , -0.959628
16.11743 , -1.015563
16.1098 , -1.068836
16.10217 , -1.126266
16.09454 , -1.178375
16.086911 , -1.212924
16.079281 , -1.242153
16.071651 , -1.276701
16.064022 , -1.30593
16.056392 , -1.319204
16.048762 , -1.327158
16.041133 , -1.340598
16.033503 , -1.348718
16.025873 , -1.34363
16.018244 , -1.335882
16.010614 , -1.330793
16.002984 , -1.323046
15.995355 , -1.316628
15.987725 , -1.31021
15.980095 , -1.303626
15.972466 , -1.297041
15.964836 , -1.286468
15.957206 , -1.275895
15.949577 , -1.265321
15.941947 , -1.254748
15.934317 , -1.244175
15.926688 , -1.233602
15.919058 , -1.223028
15.911428 , -1.212455
15.903799 , -1.194963
15.896169 , -1.177472
15.888539 , -1.15998
15.88091 , -1.142488
15.87328 , -1.124997
15.86565 , -1.107505
15.858021 , -1.090014
15.850391 , -1.072522
15.842761 , -1.051928
15.835132 , -1.031333
15.827502 , -1.010739
15.819872 , -0.990145
15.812243 , -0.969551
15.804613 , -0.948956
15.796983 , -0.928528
15.789354 , -0.9081
15.781724 , -0.894222
15.774094 , -0.883001
15.766465 , -0.867627
15.758835 , -0.85757
15.751205 , -0.863304
15.743576 , -0.874355
15.735946 , -0.879923
15.728316 , -0.890808
15.720687 , -0.909285
15.713057 , -0.930419
15.705427 , -0.950225
15.697798 , -0.97003
15.690168 , -0.996042
15.682538 , -1.019392
15.674909 , -1.036041
15.667279 , -1.047369
15.659649 , -1.044343
15.65202 , -1.03245
15.64439 , -1.012138
15.63676 , -0.98296
15.629131 , -0.954891
15.621501 , -0.921503
15.613871 , -0.882907
15.606242 , -0.838992
15.598612 , -0.788874
15.590982 , -0.738753
15.583353 , -0.688302
15.575723 , -0.637849
15.568093 , -0.586733
15.560464 , -0.535615
15.552834 , -0.484499
15.545204 , -0.433382
15.537575 , -0.377161
15.529945 , -0.320937
15.522315 , -0.264715
15.514686 , -0.208492
15.507056 , -0.152437
15.499426 , -0.096379
15.491797 , -0.03916
15.484167 , 0.015401
15.476537 , 0.059711
15.468908 , 0.098704
15.461278 , 0.144953
15.453648 , 0.18234
15.446019 , 0.193574
15.438389 , 0.195946
15.430759 , 0.205408
15.42313 , 0.209553
15.4155 , 0.199298
15.40787 , 0.183726
15.400241 , 0.173472
15.392611 , 0.1579
15.384981 , 0.126371
15.377352 , 0.089524
15.369722 , 0.057995
15.362092 , 0.021149
15.354463 , -0.040963
15.346833 , -0.108391
15.339203 , -0.170171
15.331574 , -0.237267
15.323944 , -0.301539
15.316314 , -0.36581
15.308685 , -0.431578
15.301055 , -0.494685
15.293425 , -0.552537
15.285796 , -0.60507
15.278166 , -0.663089
15.270536 , -0.715787
15.262907 , -0.752531
15.255277 , -0.783955
15.247647 , -0.820699
15.240018 , -0.852123
15.232388 , -0.857121
15.224758 , -0.856799
15.217129 , -0.860634
15.209499 , -0.861808
15.201869 , -0.864313
15.19424 , -0.866817
15.18661 , -0.867992
15.17898 , -0.871825
15.171351 , -0.886803
15.163721 , -0.907098
15.156091 , -0.921909
15.148462 , -0.942038
15.140832 , -0.977958
15.133202 , -1.019195
15.125573 , -1.056278
15.117943 , -1.096019
15.110313 , -1.141136
15.102684 , -1.186251
15.095054 , -1.234194
15.087424 , -1.276816
15.079795 , -1.312902
15.072165 , -1.343668
15.064535 , -1.364019
15.056906 , -1.375505
15.049276 , -1.374515
15.041646 , -1.368204
15.034017 , -1.356688
15.026387 , -1.33985
15.018757 , -1.330549
15.011128 , -1.321247
15.003498 , -1.311614
14.995868 , -1.301979
14.988239 , -1.298329
14.980609 , -1.294678
14.972979 , -1.291028
14.96535 , -1.287377
14.95772 , -1.283727
14.95009 , -1.280076
14.942461 , -1.276426
14.934831 , -1.272775
14.927201 , -1.264977
14.919572 , -1.257177
14.911942 , -1.249213
14.904312 , -1.241247
14.896683 , -1.234447
14.889053 , -1.224985
14.881423 , -1.21968
14.873794 , -1.209055
14.866164 , -1.177268
14.858534 , -1.14016
14.850904 , -1.107209
14.843275 , -1.071597
14.835645 , -1.03715
14.828015 , -1.002702
14.820386 , -0.968089
14.812756 , -0.933475
14.805126 , -0.898299
14.797497 , -0.863122
14.789867 , -0.826727
14.782237 , -0.792991
14.774608 , -0.760862
14.766978 , -0.733164
14.759348 , -0.711673
14.751719 , -0.694613
14.744089 , -0.683648
14.736459 , -0.678887
14.72883 , -0.678338
14.7212 , -0.683993
14.71357 , -0.697184
14.705941 , -0.714805
14.698311 , -0.734146
14.690681 , -0.756145
14.683052 , -0.778581
14.675422 , -0.801015
14.667792 , -0.824948
14.660163 , -0.846219
14.652533 , -0.860013
14.644903 , -0.871145
14.637274 , -0.885105
14.629644 , -0.896403
14.622014 , -0.90172
14.614385 , -0.907035
14.606755 , -0.912186
14.599125 , -0.917335
14.591496 , -0.921821
14.583866 , -0.926305
14.576236 , -0.930625
14.568607 , -0.934943
14.560977 , -0.934257
14.553347 , -0.930912
14.545718 , -0.921528
14.538088 , -0.90594
14.530458 , -0.890794
14.522829 , -0.869443
14.515199 , -0.836568
14.507569 , -0.797489
14.49994 , -0.753533
14.49231 , -0.703373
14.48468 , -0.647174
14.477051 , -0.588315
14.469421 , -0.524804
14.461791 , -0.461291
14.454162 , -0.397613
14.446532 , -0.333934
14.438902 , -0.272991
14.431273 , -0.212048
14.423643 , -0.149776
14.416013 , -0.090162
14.408384 , -0.03282
14.400754 , 0.021862
14.393124 , 0.069564
14.385495 , 0.112833
14.377865 , 0.15566
14.370235 , 0.195827
14.362606 , 0.23339
14.354976 , 0.268293
14.347346 , 0.296216
14.339717 , 0.32414
14.332087 , 0.351896
14.324457 , 0.379653
14.316828 , 0.398614
14.309198 , 0.417576
14.301568 , 0.436538
14.293939 , 0.455499
14.286309 , 0.474461
14.278679 , 0.493423
14.27105 , 0.51255
14.26342 , 0.531678
14.25579 , 0.55967
14.248161 , 0.590322
14.240531 , 0.618148
14.232901 , 0.648633
14.225272 , 0.676293
14.217642 , 0.706612
14.210012 , 0.735601
14.202383 , 0.764591
14.194753 , 0.803283
14.187123 , 0.841975
14.179494 , 0.881996
14.171864 , 0.919359
14.164234 , 0.948576
14.156605 , 0.975135
14.148975 , 1.004353
14.141345 , 1.030912
14.133716 , 1.055809
14.126086 , 1.078046
14.118456 , 1.097513
14.110827 , 1.114321
14.103197 , 1.12171
14.095567 , 1.124667
14.087938 , 1.12153
14.080308 , 1.113961
14.072678 , 1.1051
14.065049 , 1.091806
14.057419 , 1.072419
14.049789 , 1.048599
14.04216 , 1.025666
14.03453 , 1.000073
14.0269 , 0.971711
14.019271 , 0.940689
14.011641 , 0.905179
14.004011 , 0.86701
13.996382 , 0.824852
13.988752 , 0.782694
13.981122 , 0.743694
13.973493 , 0.704694
13.965863 , 0.665971
13.958233 , 0.627248
13.950604 , 0.589113
13.942974 , 0.555411
13.935344 , 0.526751
13.927715 , 0.504295
13.920085 , 0.48461
13.912455 , 0.47113
13.904826 , 0.463688
13.897196 , 0.458907
13.889566 , 0.453072
13.881937 , 0.447237
13.874307 , 0.442899
13.866677 , 0.435901
13.859048 , 0.421755
13.851418 , 0.404951
13.843788 , 0.390973
13.836159 , 0.374334
13.828529 , 0.351216
13.820899 , 0.328099
13.81327 , 0.304814
13.80564 , 0.281531
13.79801 , 0.258246
13.790381 , 0.234963
13.782751 , 0.211679
13.775121 , 0.188396
13.767492 , 0.171815
13.759862 , 0.155236
13.752232 , 0.137325
13.744603 , 0.122075
13.736973 , 0.112309
13.729343 , 0.105204
13.721714 , 0.100866
13.714084 , 0.099191
13.706454 , 0.095692
13.698825 , 0.096626
13.691195 , 0.103654
13.683565 , 0.115115
13.675936 , 0.132115
13.668306 , 0.153549
13.660676 , 0.181076
13.653047 , 0.213036
13.645417 , 0.247543
13.637787 , 0.284712
13.630158 , 0.324482
13.622528 , 0.366914
13.614898 , 0.405687
13.607268 , 0.444462
13.599639 , 0.483401
13.592009 , 0.522343
13.584379 , 0.558053
13.57675 , 0.593765
13.56912 , 0.629476
13.56149 , 0.665188
13.553861 , 0.700899
13.546231 , 0.736611
13.538601 , 0.772321
13.530972 , 0.808033
13.523342 , 0.833495
13.515712 , 0.858957
13.508083 , 0.885748
13.500453 , 0.909881
13.492823 , 0.939165
13.485194 , 0.965791
13.477564 , 0.989645
13.469934 , 1.010842
13.462305 , 1.018041
13.454675 , 1.02081
13.447045 , 1.016595
13.439416 , 1.009724
13.431786 , 1.01371
13.424156 , 1.015038
13.416527 , 1.013704
13.408897 , 1.009714
13.401267 , 0.989765
13.393638 , 0.967159
13.386008 , 0.942058
13.378378 , 0.914299
13.370749 , 0.890528
13.363119 , 0.866759
13.355489 , 0.842988
13.34786 , 0.819218
13.34023 , 0.805167
13.3326 , 0.793775
13.324971 , 0.779557
13.317341 , 0.767998
13.309711 , 0.753614
13.302082 , 0.74189
13.294452 , 0.728836
13.286822 , 0.715781
13.279193 , 0.712201
13.271563 , 0.708621
13.263933 , 0.70504
13.256304 , 0.701459
13.248674 , 0.698212
13.241044 , 0.694963
13.233415 , 0.691716
13.225785 , 0.688468
13.218155 , 0.682027
13.210526 , 0.675587
13.202896 , 0.672359
13.195266 , 0.673564
13.187637 , 0.681806
13.180007 , 0.696252
13.172377 , 0.714909
13.164748 , 0.73977
13.157118 , 0.771392
13.149488 , 0.807445
13.141859 , 0.845216
13.134229 , 0.885646
13.126599 , 0.9217
13.11897 , 0.957753
13.11134 , 0.995191
13.10371 , 1.02997
13.096081 , 1.056731
13.088451 , 1.079061
13.080821 , 1.095406
13.073192 , 1.107319
13.065562 , 1.13192
13.057932 , 1.153861
13.050303 , 1.171702
13.042673 , 1.189544
13.035043 , 1.199795
13.027414 , 1.210046
13.019784 , 1.220297
13.012154 , 1.230549
13.004525 , 1.240468
12.996895 , 1.250386
12.989265 , 1.260139
12.981636 , 1.269892
12.974006 , 1.265704
12.966376 , 1.258856
12.958747 , 1.254834
12.951117 , 1.248153
12.943487 , 1.244297
12.935858 , 1.237782
12.928228 , 1.232597
12.920598 , 1.227412
12.912969 , 1.213805
12.905339 , 1.200198
12.897709 , 1.185373
12.89008 , 1.173207
12.88245 , 1.162094
12.87482 , 1.155412
12.867191 , 1.153883
12.859561 , 1.15856
12.851931 , 1.177087
12.844302 , 1.200933
12.836672 , 1.219349
12.829042 , 1.243083
12.821413 , 1.284603
12.813783 , 1.328781
12.806153 , 1.37163
12.798524 , 1.414479
12.790894 , 1.451787
12.783264 , 1.486436
12.775635 , 1.525241
12.768005 , 1.558727
12.760375 , 1.576423
12.752746 , 1.5888
12.745116 , 1.606496
12.737486 , 1.618873
12.729857 , 1.617504
12.722227 , 1.610816
12.714597 , 1.609446
12.706968 , 1.602758
12.699338 , 1.58028
12.691708 , 1.552484
12.684079 , 1.528842
12.676449 , 1.502542
12.668819 , 1.464274
12.66119 , 1.426006
12.65356 , 1.386409
12.64593 , 1.349471
12.638301 , 1.331203
12.630671 , 1.318254
12.623041 , 1.298048
12.615412 , 1.286706
12.607782 , 1.285436
12.600152 , 1.293031
12.592523 , 1.312813
12.584893 , 1.341462
12.577263 , 1.372324
12.569634 , 1.408507
12.562004 , 1.439592
12.554374 , 1.475996
12.546745 , 1.530849
12.539115 , 1.591022
12.531485 , 1.647037
12.523856 , 1.705714
12.516226 , 1.762893
12.508596 , 1.820074
12.500967 , 1.880078
12.493337 , 1.934766
12.485707 , 1.972159
12.478078 , 2.004236
12.470448 , 2.041629
12.462818 , 2.073705
12.455189 , 2.090157
12.447559 , 2.101291
12.439929 , 2.115083
12.4323 , 2.128876
12.42467 , 2.14433
12.41704 , 2.159786
12.409411 , 2.17524
12.401781 , 2.190695
12.394151 , 2.216786
12.386522 , 2.242879
12.378892 , 2.268805
12.371262 , 2.294731
12.363633 , 2.317675
12.356003 , 2.337961
12.348373 , 2.3624
12.340743 , 2.381523
12.333114 , 2.3966
12.325484 , 2.406359
12.317854 , 2.402155
12.310225 , 2.389089
12.302595 , 2.365827
12.294965 , 2.337248
12.287336 , 2.313764
12.279706 , 2.284963
12.272076 , 2.239041
12.264447 , 2.187802
12.256817 , 2.140551
12.249187 , 2.090641
12.241558 , 2.033812
12.233928 , 1.974325
12.226298 , 1.916166
12.218669 , 1.858009
12.211039 , 1.799684
12.203409 , 1.74136
12.19578 , 1.683035
12.18815 , 1.624712
12.18052 , 1.569267
12.172891 , 1.513824
12.165261 , 1.45838
12.157631 , 1.402938
12.150002 , 1.358131
12.142372 , 1.313325
12.134742 , 1.268518
12.127113 , 1.223713
12.119483 , 1.178392
12.111853 , 1.133071
12.104224 , 1.088913
12.096594 , 1.042096
12.088964 , 0.978326
12.081335 , 0.909237
12.073705 , 0.844304
12.066075 , 0.776711
12.058446 , 0.707123
12.050816 , 0.634876
12.043186 , 0.564125
12.035557 , 0.493374
12.027927 , 0.421293
12.020297 , 0.351872
12.012668 , 0.278296
12.005038 , 0.210038
11.997408 , 0.159017
11.989779 , 0.113315
11.982149 , 0.062294
11.974519 , 0.016592
11.96689 , -0.013154
11.95926 , -0.037581
11.95163 , -0.067327
11.944001 , -0.091755
11.936371 , -0.098897
11.928741 , -0.10072
11.921112 , -0.107862
11.913482 , -0.109684
11.905852 , -0.095552
11.898223 , -0.0761
11.890593 , -0.061967
11.882963 , -0.042516
11.875334 , -0.014759
11.867704 , 0.018316
11.860074 , 0.046073
11.852445 , 0.079149
11.844815 , 0.12818
11.837185 , 0.18253
11.829556 , 0.231562
11.821926 , 0.285912
11.814296 , 0.360428
11.806667 , 0.440264
11.799037 , 0.514448
11.791407 , 0.593951
11.783778 , 0.681432
11.776148 , 0.768912
11.768518 , 0.856393
11.760889 , 0.943874
11.753259 , 1.021417
11.745629 , 1.093642
11.738 , 1.171517
11.73037 , 1.244074
11.72274 , 1.300675
11.715111 , 1.351957
11.707481 , 1.408557
11.699851 , 1.45984
11.692222 , 1.493615
11.684592 , 1.522071
11.676962 , 1.555846
11.669333 , 1.584302
11.661703 , 1.595473
11.654073 , 1.601325
11.646444 , 1.612273
11.638814 , 1.617904
11.631184 , 1.620324
11.623555 , 1.61388
11.615925 , 1.595247
11.608295 , 1.56775
11.600666 , 1.526015
11.593036 , 1.475415
11.585406 , 1.430909
11.577777 , 1.383744
11.570147 , 1.336579
11.562517 , 1.292073
11.554888 , 1.241695
11.547258 , 1.200181
11.539628 , 1.178889
11.531999 , 1.170007
11.524369 , 1.181957
11.516739 , 1.209863
11.50911 , 1.240878
11.50148 , 1.284303
11.49385 , 1.338366
11.486221 , 1.401293
11.478591 , 1.483057
11.470961 , 1.57014
11.463332 , 1.651959
11.455702 , 1.739097
11.448072 , 1.838202
11.440443 , 1.939967
11.432813 , 2.039072
11.425183 , 2.140836
11.417554 , 2.241271
11.409924 , 2.341705
11.402294 , 2.441975
11.394665 , 2.542243
11.387035 , 2.638452
11.379405 , 2.729342
11.371776 , 2.827213
11.364146 , 2.916222
11.356516 , 2.983731
11.348887 , 3.035287
11.341257 , 3.071107
11.333627 , 3.08388
11.325998 , 3.071167
11.318368 , 3.031862
11.310738 , 2.957763
11.303109 , 2.853526
11.295479 , 2.724024
11.287849 , 2.571476
11.28022 , 2.40153
11.27259 , 2.219175
11.26496 , 2.036965
11.257331 , 1.854755
11.249701 , 1.667559
11.242071 , 1.489227
11.234442 , 1.322308
11.226812 , 1.1678
11.219182 , 1.021933
11.211553 , 0.888478
11.203923 , 0.772973
11.196293 , 0.669878
11.188664 , 0.57742
11.181034 , 0.493827
11.173404 , 0.415774
11.165775 , 0.346586
11.158145 , 0.290029
11.150515 , 0.242337
11.142886 , 0.204353
11.135256 , 0.17878
11.127626 , 0.161628
11.119997 , 0.156886
11.112367 , 0.168542
11.104737 , 0.189064
11.097107 , 0.222218
11.089478 , 0.264235
11.081848 , 0.314674
11.074218 , 0.373978
11.066589 , 0.425857
11.058959 , 0.483055
11.051329 , 0.54945
11.0437 , 0.615845
11.03607 , 0.685232
11.02844 , 0.7493
11.020811 , 0.793859
11.013181 , 0.8331
11.005551 , 0.879654
10.997922 , 0.917343
10.990292 , 0.941071
10.982662 , 0.95948
10.975033 , 0.983319
10.967403 , 1.001839
10.959773 , 1.009888
10.952144 , 1.017937
10.944514 , 1.02449
10.936884 , 1.033703
10.929255 , 1.060035
10.921625 , 1.091685
10.913995 , 1.117518
10.906366 , 1.14867
10.898736 , 1.187958
10.891106 , 1.227245
10.883477 , 1.266588
10.875847 , 1.305931
10.868217 , 1.341285
10.860588 , 1.372207
10.852958 , 1.398973
10.845328 , 1.421307
10.837699 , 1.43799
10.830069 , 1.450241
10.822439 , 1.45806
10.81481 , 1.461446
10.80718 , 1.457077
10.79955 , 1.448275
10.791921 , 1.435151
10.784291 , 1.417595
10.776661 , 1.396833
10.769032 , 1.373412
10.761402 , 1.34722
10.753772 , 1.318369
10.746143 , 1.287136
10.738513 , 1.253243
10.730883 , 1.215362
10.723254 , 1.17748
10.715624 , 1.141482
10.707994 , 1.105484
10.700365 , 1.068267
10.692735 , 1.03371
10.685105 , 1.001091
10.677476 , 0.972905
10.669846 , 0.94893
10.662216 , 0.929387
10.654587 , 0.91571
10.646957 , 0.904694
10.639327 , 0.897778
10.631698 , 0.890861
10.624068 , 0.881672
10.616438 , 0.872484
10.608809 , 0.863296
10.601179 , 0.854108
10.593549 , 0.853895
10.58592 , 0.853682
10.57829 , 0.853469
10.57066 , 0.853256
10.563031 , 0.853043
10.555401 , 0.85283
10.547771 , 0.852617
10.540142 , 0.852404
10.532512 , 0.855952
10.524882 , 0.859499
10.517253 , 0.863047
10.509623 , 0.866594
10.501993 , 0.870142
10.494364 , 0.873689
10.486734 , 0.877237
10.479104 , 0.880785
10.471475 , 0.884332
10.463845 , 0.887879
10.456215 , 0.891427
10.448586 , 0.894974
10.440956 , 0.898522
10.433326 , 0.90207
10.425697 , 0.905617
10.418067 , 0.909164
10.410437 , 0.91307
10.402808 , 0.916978
10.395178 , 0.920884
10.387548 , 0.924791
10.379919 , 0.928698
10.372289 , 0.932605
10.364659 , 0.936511
10.35703 , 0.940419
10.3494 , 0.945986
10.34177 , 0.951556
10.334141 , 0.95729
10.326511 , 0.963026
10.318881 , 0.965104
10.311252 , 0.969842
10.303622 , 0.976186
10.295992 , 0.986964
10.288363 , 1.004866
10.280733 , 1.027202
10.273103 , 1.053857
10.265474 , 1.084947
10.257844 , 1.125619
10.250214 , 1.168953
10.242585 , 1.216385
10.234955 , 1.263818
10.227325 , 1.303936
10.219696 , 1.344057
10.212066 , 1.380075
10.204436 , 1.413436
10.196807 , 1.447627
10.189177 , 1.477387
10.181547 , 1.502934
10.173918 , 1.524052
10.166288 , 1.54644
10.158658 , 1.56617
10.151029 , 1.580469
10.143399 , 1.590337
10.135769 , 1.590675
10.12814 , 1.586582
10.12051 , 1.580715
10.11288 , 1.57219
10.105251 , 1.562887
10.097621 , 1.550927
10.089991 , 1.536306
10.082362 , 1.519027
10.074732 , 1.49942
10.067102 , 1.477155
10.059473 , 1.452229
10.051843 , 1.424645
10.044213 , 1.395959
10.036584 , 1.364614
10.028954 , 1.334764
10.021324 , 1.304916
10.013695 , 1.270911
10.006065 , 1.239567
9.998435 , 1.209828
9.990806 , 1.184523
9.983176 , 1.162983
9.975546 , 1.145878
9.967917 , 1.133092
9.960287 , 1.12474
9.952657 , 1.126303
9.945028 , 1.130528
9.937398 , 1.13885
9.929768 , 1.147174
9.922139 , 1.152074
9.914509 , 1.156974
9.906879 , 1.161873
9.89925 , 1.166773
9.89162 , 1.161368
9.88399 , 1.155963
9.876361 , 1.150558
9.868731 , 1.145153
9.861101 , 1.133874
9.853471 , 1.122596
9.845842 , 1.111485
9.838212 , 1.100373
9.830582 , 1.083887
9.822953 , 1.070061
9.815323 , 1.060944
9.807693 , 1.057145
9.800064 , 1.061456
9.792434 , 1.071086
9.784804 , 1.087807
9.777175 , 1.109847
9.769545 , 1.136264
9.761915 , 1.167999
9.754286 , 1.204443
9.746656 , 1.243547
9.739026 , 1.280324
9.731397 , 1.317101
9.723767 , 1.355208
9.716137 , 1.390656
9.708508 , 1.424829
9.700878 , 1.453683
9.693248 , 1.479324
9.685619 , 1.499647
9.677989 , 1.514536
9.670359 , 1.526768
9.66273 , 1.534843
9.6551 , 1.54292
9.64747 , 1.553987
9.639841 , 1.565055
9.632211 , 1.574958
9.624581 , 1.587523
9.616952 , 1.60014
9.609322 , 1.618079
9.601692 , 1.639229
9.594063 , 1.665699
9.586433 , 1.704301
9.578803 , 1.745564
9.571174 , 1.785662
9.563544 , 1.825761
9.555914 , 1.858109
9.548285 , 1.890459
9.540655 , 1.922807
9.533025 , 1.955157
9.525396 , 1.987506
9.517766 , 2.019855
9.510136 , 2.052204
9.502507 , 2.084554
9.494877 , 2.118232
9.487247 , 2.151912
9.479618 , 2.185589
9.471988 , 2.219269
9.464358 , 2.252947
9.456729 , 2.286627
9.449099 , 2.320305
9.441469 , 2.353984
9.43384 , 2.38946
9.42621 , 2.424936
9.41858 , 2.460411
9.410951 , 2.495888
9.403321 , 2.533247
9.395691 , 2.570607
9.388062 , 2.605307
9.380432 , 2.634689
9.372802 , 2.658087
9.365173 , 2.676167
9.357543 , 2.687154
9.349913 , 2.692823
9.342284 , 2.693063
9.334654 , 2.687984
9.327024 , 2.680412
9.319395 , 2.672841
9.311765 , 2.663807
9.304135 , 2.657434
9.296506 , 2.655768
9.288876 , 2.659423
9.281246 , 2.669669
9.273617 , 2.685235
9.265987 , 2.703293
9.258357 , 2.721353
9.250728 , 2.738912
9.243098 , 2.753814
9.235468 , 2.764005
9.227839 , 2.768878
9.220209 , 2.768265
9.212579 , 2.762335
9.20495 , 2.753024
9.19732 , 2.738396
9.18969 , 2.721626
9.182061 , 2.702199
9.174431 , 2.683933
9.166801 , 2.665669
9.159172 , 2.647017
9.151542 , 2.628365
9.143912 , 2.609711
9.136283 , 2.59106
9.128653 , 2.577282
9.121023 , 2.563505
9.113394 , 2.555212
9.105764 , 2.546921
9.098134 , 2.540899
9.090505 , 2.537539
9.082875 , 2.538886
9.075245 , 2.545553
9.067616 , 2.556395
9.059986 , 2.572556
9.052356 , 2.595809
9.044727 , 2.624381
9.037097 , 2.657495
9.029467 , 2.695929
9.021838 , 2.73774
9.014208 , 2.784872
9.006578 , 2.838041
8.998949 , 2.893871
8.991319 , 2.948537
8.983689 , 3.003203
8.97606 , 3.058589
8.96843 , 3.113976
8.9608 , 3.169195
8.953171 , 3.224417
8.945541 , 3.269423
8.937911 , 3.311771
8.930282 , 3.357109
8.922652 , 3.399791
8.915022 , 3.443799
8.907393 , 3.487809
8.899763 , 3.531652
8.892133 , 3.575497
8.884504 , 3.60427
8.876874 , 3.633044
8.869244 , 3.661652
8.861615 , 3.69026
8.853985 , 3.720363
8.846355 , 3.747808
8.838726 , 3.776747
8.831096 , 3.805688
8.823466 , 3.831241
8.815837 , 3.856795
8.808207 , 3.882514
8.800577 , 3.908235
8.792948 , 3.932624
8.785318 , 3.959675
8.777688 , 3.983731
8.770059 , 4.010449
8.762429 , 4.049576
8.754799 , 4.088704
8.74717 , 4.127996
8.73954 , 4.167291
8.73191 , 4.206584
8.724281 , 4.245878
8.716651 , 4.285171
8.709021 , 4.324465
8.701392 , 4.363257
8.693762 , 4.40205
8.686132 , 4.442947
8.678503 , 4.479413
8.670873 , 4.505407
8.663243 , 4.525196
8.655614 , 4.541551
8.647984 , 4.549927
8.640354 , 4.550768
8.632725 , 4.543632
8.625095 , 4.533171
8.617465 , 4.516505
8.609836 , 4.488371
8.602206 , 4.457577
8.594576 , 4.427892
8.586946 , 4.398206
8.579317 , 4.370965
8.571687 , 4.343724
8.564057 , 4.315154
8.556428 , 4.289243
8.548798 , 4.271809
8.541168 , 4.257033
8.533539 , 4.239598
8.525909 , 4.224823
8.518279 , 4.213483
8.51065 , 4.204803
8.50302 , 4.203323
8.49539 , 4.206277
8.487761 , 4.213774
8.480131 , 4.227476
8.472501 , 4.245499
8.464872 , 4.269728
8.457242 , 4.299065
8.449612 , 4.334609
8.441983 , 4.37536
8.434353 , 4.420544
8.426723 , 4.478082
8.419094 , 4.53828
8.411464 , 4.597258
8.403834 , 4.656238
8.396205 , 4.714993
8.388575 , 4.773752
8.380945 , 4.833727
8.373316 , 4.891045
8.365686 , 4.947418
8.358056 , 4.999362
8.350427 , 5.045321
8.342797 , 5.086848
8.335167 , 5.121664
8.327538 , 5.153821
8.319908 , 5.187197
8.312278 , 5.220573
8.304649 , 5.253117
8.297019 , 5.285663
8.289389 , 5.318373
8.28176 , 5.351085
8.27413 , 5.395761
8.2665 , 5.4431
8.258871 , 5.487611
8.251241 , 5.534782
8.243611 , 5.573421
8.235982 , 5.61472
8.228352 , 5.662998
8.220722 , 5.715711
8.213093 , 5.781761
8.205463 , 5.850472
8.197833 , 5.917963
8.190204 , 5.985456
8.182574 , 6.052393
8.174944 , 6.119331
8.167315 , 6.188263
8.159685 , 6.252764
8.152055 , 6.307235
8.144426 , 6.35373
8.136796 , 6.391581
8.129166 , 6.419682
8.121537 , 6.442352
8.113907 , 6.455273
8.106277 , 6.458663
8.098648 , 6.45585
8.091018 , 6.44782
8.083388 , 6.437132
8.075759 , 6.427717
8.068129 , 6.418303
8.060499 , 6.40695
8.05287 , 6.398256
8.04524 , 6.386847
8.03761 , 6.378098
8.029981 , 6.372673
8.022351 , 6.37168
8.014721 , 6.376781
8.007092 , 6.386315
7.999462 , 6.401388
7.991832 , 6.420896
7.984203 , 6.446606
7.976573 , 6.47675
7.968943 , 6.503892
7.961314 , 6.535468
7.953684 , 6.573968
7.946054 , 6.615129
7.938425 , 6.660388
7.930795 , 6.705648
7.923165 , 6.751073
7.915536 , 6.7965
7.907906 , 6.84126
7.900276 , 6.886023
7.892647 , 6.930948
7.885017 , 6.975877
7.877387 , 7.014266
7.869758 , 7.055316
7.862128 , 7.103289
7.854498 , 7.155697
7.846869 , 7.21858
7.839239 , 7.285898
7.831609 , 7.36014
7.82398 , 7.437042
7.81635 , 7.507405
7.80872 , 7.57777
7.801091 , 7.648299
7.793461 , 7.718831
7.785831 , 7.798834
7.778202 , 7.878839
7.770572 , 7.957623
7.762942 , 8.039069
7.755313 , 8.110817
7.747683 , 8.186999
7.740053 , 8.269274
7.732424 , 8.355983
7.724794 , 8.457449
7.717164 , 8.56335
7.709535 , 8.665537
7.701905 , 8.770385
7.694275 , 8.873846
7.686646 , 8.977308
7.679016 , 9.082155
7.671386 , 9.184343
7.663757 , 9.290242
7.656127 , 9.39171
7.648497 , 9.487194
7.640868 , 9.578246
7.633238 , 9.657718
7.625608 , 9.734532
7.617979 , 9.812564
7.610349 , 9.890596
7.602719 , 9.970879
7.59509 , 10.051163
7.58746 , 10.130115
7.57983 , 10.211727
7.572201 , 10.301817
7.564571 , 10.394566
7.556941 , 10.484653
7.549312 , 10.577404
7.541682 , 10.67292
7.534052 , 10.771099
7.526423 , 10.876368
7.518793 , 10.986071
7.511163 , 11.100536
7.503534 , 11.219437
7.495904 , 11.34454
7.488274 , 11.474075
7.480645 , 11.606865
7.473015 , 11.744087
7.465385 , 11.877764
7.457756 , 12.014099
7.450126 , 12.159023
7.442496 , 12.306604
7.434867 , 12.452858
7.427237 , 12.599112
7.419607 , 12.745308
7.411978 , 12.891506
7.404348 , 13.037703
7.396718 , 13.183901
7.389089 , 13.330097
7.381459 , 13.476295
7.373829 , 13.62266
7.3662 , 13.769022
7.35857 , 13.924326
7.35094 , 14.082291
7.34331 , 14.237429
7.335681 , 14.395226
7.328051 , 14.550198
7.320421 , 14.707829
7.312792 , 14.86413
7.305162 , 15.020432
7.297532 , 15.186207
7.289903 , 15.351982
7.282273 , 15.517757
7.274643 , 15.683533
7.267014 , 15.849974
7.259384 , 16.016413
7.251754 , 16.18302
7.244125 , 16.349627
7.236495 , 16.517895
7.228865 , 16.688824
7.221236 , 16.866787
7.213606 , 17.049185
7.205976 , 17.23535
7.198347 , 17.427719
7.190717 , 17.625296
7.183087 , 17.827307
7.175458 , 18.039066
7.167828 , 18.255259
7.160198 , 18.467739
7.152569 , 18.68288
7.144939 , 18.897465
7.137309 , 19.112053
7.12968 , 19.326637
7.12205 , 19.541224
7.11442 , 19.757284
7.106791 , 19.970688
7.099161 , 20.186802
7.091531 , 20.400261
7.083902 , 20.601971
7.076272 , 20.799252
7.068642 , 20.990547
7.061013 , 21.177412
7.053383 , 21.358734
7.045753 , 21.537399
7.038124 , 21.718779
7.030494 , 21.897499
7.022864 , 22.076881
7.015235 , 22.256268
7.007605 , 22.435318
6.999975 , 22.614372
6.992346 , 22.787018
6.984716 , 22.957008
6.977086 , 23.131151
6.969457 , 23.299976
6.961827 , 23.453009
6.954197 , 23.600727
6.946568 , 23.753763
6.938938 , 23.90148
6.931308 , 24.039835
6.923679 , 24.172871
6.916049 , 24.310059
6.908419 , 24.44459
6.90079 , 24.569645
6.89316 , 24.694702
6.88553 , 24.819593
6.877901 , 24.944485
6.870271 , 25.070908
6.862641 , 25.19733
6.855012 , 25.323748
6.847382 , 25.450171
6.839752 , 25.57659
6.832123 , 25.703011
6.824493 , 25.8291
6.816863 , 25.955191
6.809234 , 26.071085
6.801604 , 26.181664
6.793974 , 26.29966
6.786345 , 26.408798
6.778715 , 26.501972
6.771085 , 26.586288
6.763456 , 26.660191
6.755826 , 26.72168
6.748196 , 26.773579
6.740567 , 26.816608
6.732937 , 26.847229
6.725307 , 26.868988
6.717678 , 26.887203
6.710048 , 26.900093
6.702418 , 26.918083
6.694789 , 26.930756
6.687159 , 26.923042
6.679529 , 26.910004
6.6719 , 26.902065
6.66427 , 26.888809
6.65664 , 26.873337
6.649011 , 26.848999
6.641381 , 26.812695
6.633751 , 26.767525
6.626122 , 26.710411
6.618492 , 26.647976
6.610862 , 26.590637
6.603233 , 26.527985
6.595603 , 26.448048
6.587973 , 26.362785
6.580344 , 26.282841
6.572714 , 26.197584
6.565084 , 26.107895
6.557455 , 26.012882
6.549825 , 25.923189
6.542195 , 25.82818
6.534566 , 25.717215
6.526936 , 25.600927
6.519306 , 25.48996
6.511677 , 25.373676
6.504047 , 25.241928
6.496417 , 25.104862
6.488788 , 24.973112
6.481158 , 24.836044
6.473528 , 24.68302
6.465899 , 24.524677
6.458269 , 24.371822
6.450639 , 24.213648
6.44301 , 24.041012
6.43538 , 23.865719
6.42775 , 23.691584
6.420121 , 23.517454
6.412491 , 23.343319
6.404861 , 23.169189
6.397232 , 22.993895
6.389602 , 22.821259
6.381972 , 22.668076
6.374343 , 22.520212
6.366713 , 22.366697
6.359083 , 22.218502
6.351454 , 22.066149
6.343824 , 21.916458
6.336194 , 21.765602
6.328565 , 21.614748
6.320935 , 21.477354
6.313305 , 21.339962
6.305676 , 21.202568
6.298046 , 21.065176
6.290416 , 20.927782
6.282787 , 20.790392
6.275157 , 20.652998
6.267527 , 20.515606
6.259898 , 20.384216
6.252268 , 20.252829
6.244638 , 20.121439
6.237009 , 19.990051
6.229379 , 19.858664
6.221749 , 19.727276
6.21412 , 19.596218
6.20649 , 19.465162
6.19886 , 19.344744
6.191231 , 19.229645
6.183601 , 19.109114
6.175971 , 18.993904
6.168342 , 18.880688
6.160712 , 18.776337
6.153082 , 18.685946
6.145453 , 18.600874
6.137823 , 18.529049
6.130193 , 18.462545
6.122564 , 18.391884
6.114934 , 18.323885
6.107304 , 18.256048
6.099674 , 18.188215
6.092045 , 18.120546
6.084415 , 18.052879
6.076785 , 17.975016
6.069156 , 17.897154
6.061526 , 17.81929
6.053896 , 17.741428
6.046267 , 17.663565
6.038637 , 17.585703
6.031007 , 17.507841
6.023378 , 17.429979
6.015748 , 17.341475
6.008118 , 17.252972
6.000489 , 17.164635
5.992859 , 17.076298
5.985229 , 16.988127
5.9776 , 16.902617
5.96997 , 16.813391
5.96234 , 16.729488
5.954711 , 16.659599
5.947081 , 16.602121
5.939451 , 16.553286
5.931822 , 16.516863
5.924192 , 16.507252
5.916562 , 16.513599
5.908933 , 16.526592
5.901303 , 16.551998
5.893673 , 16.589195
5.886044 , 16.63526
5.878414 , 16.693731
5.870784 , 16.76107
5.863155 , 16.831787
5.855525 , 16.907824
5.847895 , 16.979925
5.840266 , 17.054688
5.832636 , 17.135599
5.825006 , 17.216511
5.817377 , 17.297421
5.809747 , 17.378334
5.802117 , 17.44977
5.794488 , 17.518549
5.786858 , 17.591648
5.779228 , 17.65943
5.771599 , 17.718906
5.763969 , 17.775723
5.756339 , 17.833704
5.74871 , 17.891684
5.74108 , 17.949831
5.73345 , 18.007978
5.725821 , 18.063465
5.718191 , 18.124271
5.710561 , 18.197821
5.702932 , 18.276688
5.695302 , 18.350458
5.687672 , 18.429548
5.680043 , 18.526365
5.672413 , 18.632048
5.664783 , 18.74992
5.657154 , 18.876656
5.649524 , 19.005266
5.641894 , 19.142744
5.634265 , 19.290857
5.626635 , 19.451382
5.619005 , 19.62764
5.611376 , 19.816309
5.603746 , 20.013842
5.596116 , 20.223785
5.588487 , 20.453232
5.580857 , 20.695086
5.573227 , 20.945585
5.565598 , 21.208492
5.557968 , 21.473618
5.550338 , 21.747606
5.542709 , 22.034227
5.535079 , 22.329712
5.527449 , 22.63842
5.51982 , 22.955994
5.51219 , 23.266697
5.50456 , 23.582718
5.496931 , 23.919127
5.489301 , 24.264402
5.481671 , 24.62031
5.474042 , 24.988634
5.466412 , 25.357176
5.458782 , 25.741674
5.451153 , 26.145679
5.443523 , 26.565636
5.435893 , 27.010632
5.428264 , 27.475136
5.420634 , 27.953594
5.413004 , 28.455105
5.405375 , 28.980957
5.397745 , 29.529858
5.390115 , 30.103802
5.382486 , 30.704334
5.374856 , 31.340328
5.367226 , 32.006462
5.359597 , 32.704502
5.351967 , 33.436234
5.344337 , 34.198765
5.336708 , 34.998528
5.329078 , 35.839291
5.321448 , 36.717281
5.313819 , 37.633614
5.306189 , 38.594269
5.298559 , 39.601013
5.29093 , 40.655632
5.2833 , 41.761539
5.27567 , 42.922405
5.268041 , 44.145546
5.260411 , 45.43074
5.252781 , 46.778202
5.245152 , 48.198357
5.237522 , 49.689648
5.229892 , 51.264263
5.222263 , 52.941261
5.214633 , 54.715767
5.207003 , 56.589779
5.199374 , 58.579037
5.191744 , 60.689281
5.184114 , 62.932499
5.176485 , 65.321747
5.168855 , 67.86879
5.161225 , 70.590912
5.153596 , 73.499191
5.145966 , 76.607147
5.138336 , 79.940247
5.130707 , 83.518234
5.123077 , 87.367477
5.115447 , 91.521194
5.107818 , 96.002914
5.100188 , 100.837875
5.092558 , 106.068192
5.084929 , 111.737961
5.077299 , 117.881088
5.069669 , 124.537033
5.06204 , 131.75853
5.05441 , 139.60318
5.04678 , 148.119766
5.039151 , 157.356552
5.031521 , 167.371628
5.023891 , 178.21843
5.016262 , 189.935699
5.008632 , 202.560471
5.001002 , 216.108932
4.993373 , 230.565521
4.985743 , 245.91391
4.978113 , 262.096649
4.970484 , 279.004486
4.962854 , 296.507355
4.955224 , 314.409119
4.947595 , 332.483093
4.939965 , 350.466644
4.932335 , 368.053711
4.924706 , 384.944061
4.917076 , 400.81189
4.909446 , 415.334076
4.901817 , 428.210144
4.894187 , 439.137756
4.886557 , 447.861511
4.878928 , 454.172333
4.871298 , 457.908508
4.863668 , 458.965851
4.856039 , 457.295135
4.848409 , 452.927887
4.840779 , 445.96402
4.833149 , 436.541138
4.82552 , 424.865143
4.81789 , 411.205292
4.81026 , 395.862549
4.802631 , 379.174164
4.795001 , 361.493988
4.787371 , 343.163147
4.779742 , 324.511414
4.772112 , 305.85083
4.764482 , 287.444885
4.756853 , 269.526489
4.749223 , 252.286621
4.741593 , 235.85347
4.733964 , 220.306747
4.726334 , 205.715607
4.718704 , 192.116379
4.711075 , 179.494034
4.703445 , 167.830139
4.695815 , 157.0793
4.688186 , 147.179657
4.680556 , 138.090225
4.672926 , 129.765198
4.665297 , 122.133347
4.657667 , 115.126465
4.650037 , 108.70285
4.642408 , 102.816193
4.634778 , 97.410004
4.627148 , 92.433075
4.619519 , 87.851486
4.611889 , 83.638443
4.604259 , 79.749832
4.59663 , 76.149994
4.589 , 72.814301
4.58137 , 69.724609
4.573741 , 66.852966
4.566111 , 64.166824
4.558481 , 61.65974
4.550852 , 59.327999
4.543222 , 57.14695
4.535592 , 55.097542
4.527963 , 53.174
4.520333 , 51.373234
4.512703 , 49.677071
4.505074 , 48.069992
4.497444 , 46.549789
4.489814 , 45.119556
4.482185 , 43.762012
4.474555 , 42.465191
4.466925 , 41.230419
4.459296 , 40.061687
4.451666 , 38.947918
4.444036 , 37.880684
4.436407 , 36.864864
4.428777 , 35.909428
4.421147 , 35.005405
4.413518 , 34.149029
4.405888 , 33.344063
4.398258 , 32.579655
4.390629 , 31.863113
4.382999 , 31.19976
4.375369 , 30.58073
4.36774 , 30.01577
4.36011 , 29.491589
4.35248 , 28.999317
4.344851 , 28.544277
4.337221 , 28.117382
4.329591 , 27.724171
4.321962 , 27.371738
4.314332 , 27.045898
4.306702 , 26.739334
4.299073 , 26.455818
4.291443 , 26.193581
4.283813 , 25.950842
4.276184 , 25.724056
4.268554 , 25.513233
4.260924 , 25.3095
4.253295 , 25.118174
4.245665 , 24.941694
4.238035 , 24.774084
4.230406 , 24.619104
4.222776 , 24.472988
4.215146 , 24.330858
4.207517 , 24.197598
4.199887 , 24.076748
4.192257 , 23.964758
4.184628 , 23.862913
4.176998 , 23.769938
4.169368 , 23.66987
4.161739 , 23.575117
4.154109 , 23.497705
4.146479 , 23.425617
4.13885 , 23.349539
4.13122 , 23.276115
4.12359 , 23.214108
4.115961 , 23.154758
4.108331 , 23.091644
4.100701 , 23.033846
4.093072 , 22.98098
4.085442 , 22.936977
4.077812 , 22.903614
4.070183 , 22.88266
4.062553 , 22.874073
4.054923 , 22.881443
4.047294 , 22.913635
4.039664 , 22.965326
4.032034 , 23.02943
4.024405 , 23.116579
4.016775 , 23.224783
4.009145 , 23.352488
4.001516 , 23.500137
3.993886 , 23.66729
3.986256 , 23.859043
3.978627 , 24.066748
3.970997 , 24.277998
3.963367 , 24.501661
3.955738 , 24.736185
3.948108 , 24.979568
3.940478 , 25.239983
3.932849 , 25.509264
3.925219 , 25.790956
3.917589 , 26.081509
3.90996 , 26.378933
3.90233 , 26.685223
3.8947 , 27.002148
3.887071 , 27.331486
3.879441 , 27.669682
3.871811 , 28.020294
3.864182 , 28.399719
3.856552 , 28.795094
3.848922 , 29.206867
3.841293 , 29.641689
3.833663 , 30.094246
3.826033 , 30.573387
3.818404 , 31.078529
3.810774 , 31.617363
3.803144 , 32.191425
3.795515 , 32.802719
3.787885 , 33.466984
3.780255 , 34.172016
3.772626 , 34.907192
3.764996 , 35.683147
3.757366 , 36.4981
3.749737 , 37.357384
3.742107 , 38.271397
3.734477 , 39.229733
3.726848 , 40.220207
3.719218 , 41.254997
3.711588 , 42.343201
3.703959 , 43.479271
3.696329 , 44.6623
3.688699 , 45.896748
3.68107 , 47.175735
3.67344 , 48.513229
3.66581 , 49.927177
3.658181 , 51.406723
3.650551 , 52.943443
3.642921 , 54.5564
3.635292 , 56.259331
3.627662 , 58.052681
3.620032 , 59.931789
3.612403 , 61.919041
3.604773 , 64.042145
3.597143 , 66.298218
3.589513 , 68.702332
3.581884 , 71.274857
3.574254 , 74.029755
3.566624 , 76.992081
3.558995 , 80.191086
3.551365 , 83.647156
3.543735 , 87.373596
3.536106 , 91.410294
3.528476 , 95.801117
3.520846 , 100.566025
3.513217 , 105.732941
3.505587 , 111.348389
3.497957 , 117.452484
3.490328 , 124.09024
3.482698 , 131.302841
3.475068 , 139.141251
3.467439 , 147.653824
3.459809 , 156.884415
3.452179 , 166.873871
3.44455 , 177.652237
3.43692 , 189.226883
3.42929 , 201.60817
3.421661 , 214.784149
3.414031 , 228.699448
3.406401 , 243.275345
3.398772 , 258.395538
3.391142 , 273.90509
3.383512 , 289.62561
3.375883 , 305.334595
3.368253 , 320.78653
3.360623 , 335.717468
3.352994 , 349.845276
3.345364 , 362.888519
3.337734 , 374.57196
3.330105 , 384.642883
3.322475 , 392.871765
3.314845 , 399.061371
3.307216 , 403.072113
3.299586 , 404.815125
3.291956 , 404.230316
3.284327 , 401.304413
3.276697 , 396.107452
3.269067 , 388.751312
3.261438 , 379.386505
3.253808 , 368.21048
3.246178 , 355.468994
3.238549 , 341.442169
3.230919 , 326.406555
3.223289 , 310.65271
3.21566 , 294.475098
3.20803 , 278.143585
3.2004 , 261.913086
3.192771 , 246.007233
3.185141 , 230.592484
3.177511 , 215.801575
3.169882 , 201.746414
3.162252 , 188.491486
3.154622 , 176.075119
3.146993 , 164.505768
3.139363 , 153.774979
3.131733 , 143.861069
3.124104 , 134.725433
3.116474 , 126.327118
3.108844 , 118.614883
3.101215 , 111.52829
3.093585 , 105.028488
3.085955 , 99.068024
3.078326 , 93.598648
3.070696 , 88.582916
3.063066 , 83.97316
3.055437 , 79.735062
3.047807 , 75.832016
3.040177 , 72.227951
3.032548 , 68.898666
3.024918 , 65.817139
3.017288 , 62.957233
3.009659 , 60.300762
3.002029 , 57.8269
2.994399 , 55.513264
2.98677 , 53.350319
2.97914 , 51.328098
2.97151 , 49.428207
2.963881 , 47.633907
2.956251 , 45.940662
2.948621 , 44.345367
2.940992 , 42.836945
2.933362 , 41.408527
2.925732 , 40.052795
2.918103 , 38.764874
2.910473 , 37.539005
2.902843 , 36.365658
2.895214 , 35.247272
2.887584 , 34.184067
2.879954 , 33.168728
2.872325 , 32.186409
2.864695 , 31.248413
2.857065 , 30.360283
2.849436 , 29.512924
2.841806 , 28.710224
2.834176 , 27.948303
2.826547 , 27.225166
2.818917 , 26.539257
2.811287 , 25.881491
2.803658 , 25.257414
2.796028 , 24.667015
2.788398 , 24.103216
2.780769 , 23.564455
2.773139 , 23.048744
2.765509 , 22.561619
2.75788 , 22.093998
2.75025 , 21.643438
2.74262 , 21.212383
2.734991 , 20.79706
2.727361 , 20.401241
2.719731 , 20.025122
2.712102 , 19.664961
2.704472 , 19.324301
2.696842 , 18.999598
2.689213 , 18.681984
2.681583 , 18.376781
2.673953 , 18.080442
2.666324 , 17.796516
2.658694 , 17.530539
2.651064 , 17.273426
2.643435 , 17.026951
2.635805 , 16.792885
2.628175 , 16.562143
2.620546 , 16.340267
2.612916 , 16.131021
2.605286 , 15.930643
2.597657 , 15.736345
2.590027 , 15.550913
2.582397 , 15.37789
2.574768 , 15.213732
2.567138 , 15.054892
2.559508 , 14.904917
2.551879 , 14.767351
2.544249 , 14.638651
2.536619 , 14.513496
2.52899 , 14.397205
2.52136 , 14.292772
2.51373 , 14.197203
2.506101 , 14.107838
2.498471 , 14.018473
2.490841 , 13.929663
2.483212 , 13.840853
2.475582 , 13.749056
2.467952 , 13.657261
2.460323 , 13.565466
2.452693 , 13.473671
2.445063 , 13.382208
2.437434 , 13.290745
2.429804 , 13.196623
2.422174 , 13.107819
2.414545 , 13.0404
2.406915 , 12.9783
2.399285 , 12.910883
2.391656 , 12.848783
2.384026 , 12.802639
2.376396 , 12.761814
2.368767 , 12.715672
2.361137 , 12.674847
2.353507 , 12.649796
2.345877 , 12.630066
2.338248 , 12.605015
2.330618 , 12.585285
2.322988 , 12.581509
2.315359 , 12.583054
2.307729 , 12.579277
2.300099 , 12.580822
2.29247 , 12.599649
2.28484 , 12.623798
2.27721 , 12.642626
2.269581 , 12.666775
2.261951 , 12.706545
2.254321 , 12.751637
2.246692 , 12.794065
2.239062 , 12.836498
2.231432 , 12.886608
2.223803 , 12.93672
2.216173 , 12.98683
2.208543 , 13.036942
2.200914 , 13.087051
2.193284 , 13.137163
2.185654 , 13.187273
2.178025 , 13.237385
2.170395 , 13.286165
2.162765 , 13.334948
2.155136 , 13.383728
2.147506 , 13.43251
2.139876 , 13.481291
2.132247 , 13.530073
2.124617 , 13.578852
2.116987 , 13.627634
2.109358 , 13.688581
2.101728 , 13.749527
2.094098 , 13.810474
2.086469 , 13.87142
2.078839 , 13.930704
2.071209 , 13.989988
2.06358 , 14.051712
2.05595 , 14.108114
2.04832 , 14.150446
2.040691 , 14.183912
2.033061 , 14.206741
2.025431 , 14.217161
2.017802 , 14.222927
2.010172 , 14.212736
2.002542 , 14.183487
1.994913 , 14.138281
1.987283 , 14.074898
1.979653 , 13.999104
1.972024 , 13.912672
1.964394 , 13.817375
1.956764 , 13.717924
1.949135 , 13.613153
1.941505 , 13.509659
1.933875 , 13.408821
1.926246 , 13.313026
1.918616 , 13.222551
1.910986 , 13.125038
1.903357 , 13.03639
1.895727 , 12.986525
1.888097 , 12.94907
1.880468 , 12.898981
1.872838 , 12.861303
1.865208 , 12.853096
1.857579 , 12.857298
1.849949 , 12.850863
1.842319 , 12.853292
1.83469 , 12.882536
1.82706 , 12.920645
1.81943 , 12.949888
1.811801 , 12.987997
1.804171 , 13.04871
1.796541 , 13.118286
1.788912 , 13.178999
1.781282 , 13.248577
1.773652 , 13.344748
1.766023 , 13.449781
1.758393 , 13.545952
1.750763 , 13.650988
1.743134 , 13.789631
1.735504 , 13.937138
1.727874 , 14.077389
1.720245 , 14.222958
1.712615 , 14.364594
1.704985 , 14.508888
1.697356 , 14.651854
1.689726 , 14.794817
1.682096 , 14.943987
1.674467 , 15.090498
1.666837 , 15.241165
1.659207 , 15.386513
1.651578 , 15.516069
1.643948 , 15.640308
1.636318 , 15.769865
1.628689 , 15.894104
1.621059 , 16.001083
1.613429 , 16.102745
1.6058 , 16.209724
1.59817 , 16.311384
1.59054 , 16.397255
1.582911 , 16.477806
1.575281 , 16.562681
1.567651 , 16.644894
1.560022 , 16.733091
1.552392 , 16.82395
1.544762 , 16.908934
1.537133 , 17.002783
1.529503 , 17.103556
1.521873 , 17.216742
1.514244 , 17.3512
1.506614 , 17.501614
1.498984 , 17.668837
1.491355 , 17.855562
1.483725 , 18.058022
1.476095 , 18.279982
1.468466 , 18.523882
1.460836 , 18.787283
1.453206 , 19.068415
1.445577 , 19.365501
1.437947 , 19.676105
1.430317 , 20.002666
1.422688 , 20.33787
1.415058 , 20.681938
1.407428 , 21.042351
1.399799 , 21.408081
1.392169 , 21.772095
1.384539 , 22.133448
1.37691 , 22.48724
1.36928 , 22.828621
1.36165 , 23.151997
1.354021 , 23.452324
1.346391 , 23.718523
1.338761 , 23.947493
1.331132 , 24.141447
1.323502 , 24.287533
1.315872 , 24.386196
1.308243 , 24.429897
1.300613 , 24.41044
1.292983 , 24.332479
1.285354 , 24.197784
1.277724 , 24.008131
1.270094 , 23.762188
1.262465 , 23.471922
1.254835 , 23.145735
1.247205 , 22.785864
1.239576 , 22.401505
1.231946 , 22.001188
1.224316 , 21.597437
1.216687 , 21.193687
1.209057 , 20.783176
1.201427 , 20.385077
1.193798 , 20.00659
1.186168 , 19.647604
1.178538 , 19.314991
1.170909 , 19.00897
1.163279 , 18.732868
1.155649 , 18.486904
1.14802 , 18.276009
1.14039 , 18.091709
1.13276 , 17.931156
1.125131 , 17.794538
1.117501 , 17.671938
1.109871 , 17.567953
1.102242 , 17.483912
1.094612 , 17.413168
1.086982 , 17.353172
1.079352 , 17.301153
1.071723 , 17.261324
1.064093 , 17.225927
1.056463 , 17.187206
1.048834 , 17.151144
1.041204 , 17.114529
1.033574 , 17.080572
1.025945 , 17.044065
1.018315 , 17.01022
1.010685 , 16.985371
1.003056 , 16.964952
0.995426 , 16.949854
0.987796 , 16.94096
0.980167 , 16.943035
0.972537 , 16.953089
0.964907 , 16.97633
0.957278 , 17.007547
0.949648 , 17.049181
0.942018 , 17.098791
0.934389 , 17.152559
0.926759 , 17.210756
0.919129 , 17.262308
0.9115 , 17.313858
0.90387 , 17.365519
0.89624 , 17.417181
0.888611 , 17.465502
0.880981 , 17.511164
0.873351 , 17.559652
0.865722 , 17.60548
0.858092 , 17.653969
0.850462 , 17.699797
0.842833 , 17.748285
0.835203 , 17.794113
0.827573 , 17.822212
0.819944 , 17.847652
0.812314 , 17.875753
0.804684 , 17.901194
0.797055 , 17.929182
0.789425 , 17.954512
0.781795 , 17.983498
0.774166 , 18.008051
0.766536 , 18.012001
0.758906 , 18.013294
0.751277 , 18.017134
0.743647 , 18.018314
0.736017 , 18.02232
0.728388 , 18.023668
0.720758 , 18.026344
0.713128 , 18.02902
0.705499 , 18.02178
0.697869 , 18.01454
0.690239 , 18.007299
0.68261 , 18.000059
0.67498 , 17.992819
0.66735 , 17.985579
0.659721 , 17.978338
0.652091 , 17.971098
0.644461 , 17.972345
0.636832 , 17.973595
0.629202 , 17.974842
0.621572 , 17.976089
0.613943 , 17.977339
0.606313 , 17.978586
0.598683 , 17.97967
0.591054 , 17.980751
0.583424 , 17.972969
0.575794 , 17.962526
0.568165 , 17.9548
0.560535 , 17.944414
0.552905 , 17.936909
0.545276 , 17.924971
0.537646 , 17.917576
0.530016 , 17.90575
0.522387 , 17.880314
0.514757 , 17.850447
0.507127 , 17.815151
0.499498 , 17.773649
0.491868 , 17.720402
0.484238 , 17.659176
0.476609 , 17.585651
0.468979 , 17.502377
0.461349 , 17.419765
0.45372 , 17.327404
0.44609 , 17.222744
0.43846 , 17.110104
0.430831 , 16.98572
0.423201 , 16.855131
0.415571 , 16.719389
0.407942 , 16.579214
0.400312 , 16.44656
0.392682 , 16.313906
0.385053 , 16.179756
0.377423 , 16.048265
0.369793 , 15.912397
0.362164 , 15.780964
0.354534 , 15.644985
0.346904 , 15.513439
0.339275 , 15.400951
0.331645 , 15.292896
0.324015 , 15.180408
0.316386 , 15.072353
0.308756 , 14.981251
0.301126 , 14.894583
0.293497 , 14.802593
0.285867 , 14.71681
0.278237 , 14.646685
0.270608 , 14.582766
0.262978 , 14.512529
0.255348 , 14.448498
0.247719 , 14.400146
0.240089 , 14.356228
0.232459 , 14.310202
0.22483 , 14.264177
0.2172 , 14.219481
0.20957 , 14.174788
0.201941 , 14.132196
0.194311 , 14.085175
0.186681 , 14.022472
0.179052 , 13.953568
0.171422 , 13.891031
0.163792 , 13.822292
0.156163 , 13.735472
0.148533 , 13.643335
0.140903 , 13.555298
0.133274 , 13.464602
0.125644 , 13.375067
0.118014 , 13.285536
0.110385 , 13.195835
0.102755 , 13.106136
0.095125 , 13.001366
0.087496 , 12.896597
0.079866 , 12.791828
0.072236 , 12.687059
0.064607 , 12.582289
0.056977 , 12.477522
0.049347 , 12.372917
0.041718 , 12.268314
0.034088 , 12.167015
0.026458 , 12.068375
0.018829 , 11.96558
0.011199 , 11.868103
0.003569 , 11.786415
-0.00406 , 11.710049
-0.01169 , 11.628193
-0.01932 , 11.551661
-0.026949 , 11.486483
-0.034579 , 11.423965
-0.042209 , 11.360117
-0.049838 , 11.29627
-0.057468 , 11.233753
-0.065098 , 11.168577
-0.072727 , 11.107553
-0.080357 , 11.041214
-0.087987 , 10.953236
-0.095616 , 10.859941
-0.103246 , 10.772129
-0.110876 , 10.679001
-0.118505 , 10.590691
-0.126135 , 10.499723
-0.133765 , 10.410084
-0.141394 , 10.320446
-0.149024 , 10.226152
-0.156654 , 10.13452
-0.164284 , 10.049588
-0.171913 , 9.969978
-0.179543 , 9.887097
-0.187173 , 9.813083
-0.194802 , 9.751034
-0.202432 , 9.69785
-0.210062 , 9.651695
-0.217691 , 9.61086
-0.225321 , 9.576726
-0.232951 , 9.545254
-0.24058 , 9.507796
-0.24821 , 9.470341
-0.25584 , 9.434213
-0.263469 , 9.395428
-0.271099 , 9.338413
-0.278729 , 9.276082
-0.286358 , 9.219399
-0.293988 , 9.1574
-0.301618 , 9.099555
-0.309247 , 9.039051
-0.316877 , 8.979877
-0.324507 , 8.920703
-0.332136 , 8.853667
-0.339766 , 8.78929
-0.347396 , 8.720759
-0.355025 , 8.657547
-0.362655 , 8.610124
-0.370285 , 8.568019
-0.377914 , 8.520597
-0.385544 , 8.478492
-0.393174 , 8.457663
-0.400803 , 8.442151
-0.408433 , 8.421155
-0.416063 , 8.405478
-0.423692 , 8.40692
-0.431322 , 8.411022
-0.438952 , 8.41396
-0.446581 , 8.416898
-0.454211 , 8.415314
-0.461841 , 8.41373
-0.46947 , 8.412146
-0.4771 , 8.410562
-0.48473 , 8.408978
-0.492359 , 8.407393
-0.499989 , 8.405643
-0.507619 , 8.403893
-0.515248 , 8.390895
-0.522878 , 8.375238
-0.530508 , 8.363737
-0.538137 , 8.346917
-0.545767 , 8.314308
-0.553397 , 8.27638
-0.561026 , 8.243936
-0.568656 , 8.206174
-0.576286 , 8.166717
-0.583915 , 8.1246
-0.591545 , 8.083814
-0.599175 , 8.043027
-0.606804 , 8.00091
-0.614434 , 7.961453
-0.622064 , 7.917841
-0.629693 , 7.879547
-0.637323 , 7.853498
-0.644953 , 7.832767
-0.652582 , 7.806717
-0.660212 , 7.785986
-0.667842 , 7.781044
-0.675471 , 7.781422
-0.683101 , 7.777644
-0.690731 , 7.776525
-0.69836 , 7.767727
-0.70599 , 7.758928
-0.71362 , 7.751459
-0.721249 , 7.741331
-0.728879 , 7.735358
-0.736509 , 7.724066
-0.744138 , 7.718426
-0.751768 , 7.707466
-0.759398 , 7.685814
-0.767027 , 7.661503
-0.774657 , 7.638687
-0.782287 , 7.615871
-0.789916 , 7.590231
-0.797546 , 7.569908
-0.805176 , 7.54399
-0.812805 , 7.523391
-0.820435 , 7.531835
-0.828065 , 7.546485
-0.835694 , 7.555483
-0.843324 , 7.568914
-0.850954 , 7.59071
-0.858583 , 7.612508
-0.866213 , 7.635689
-0.873843 , 7.656212
-0.881472 , 7.65917
-0.889102 , 7.655926
-0.896732 , 7.659106
-0.904361 , 7.656083
-0.911991 , 7.638101
-0.919621 , 7.613914
-0.92725 , 7.595155
-0.93488 , 7.571965
-0.94251 , 7.535442
-0.950139 , 7.496263
-0.957769 , 7.459629
-0.965399 , 7.420338
-0.973028 , 7.373068
-0.980658 , 7.323139
-0.988288 , 7.275758
-0.995917 , 7.225718
-1.003547 , 7.168365
-1.011177 , 7.106581
-1.018806 , 7.049227
-1.026436 , 6.987442
-1.034066 , 6.909811
-1.041695 , 6.825976
-1.049325 , 6.74768
-1.056955 , 6.664953
-1.064584 , 6.568868
-1.072214 , 6.470124
-1.079844 , 6.372598
-1.087473 , 6.275074
-1.095103 , 6.178212
-1.102733 , 6.081353
-1.110362 , 5.983273
-1.117992 , 5.887854
-1.125622 , 5.802129
-1.133251 , 5.720837
-1.140881 , 5.644862
-1.148511 , 5.575095
-1.15614 , 5.50455
-1.16377 , 5.441985
-1.1714 , 5.389058
-1.179029 , 5.34411
-1.186659 , 5.304765
-1.194289 , 5.273397
-1.201918 , 5.251781
-1.209548 , 5.238143
-1.217178 , 5.237024
-1.224807 , 5.243885
-1.232437 , 5.25418
-1.240067 , 5.270681
-1.247696 , 5.296932
-1.255326 , 5.327617
-1.262956 , 5.354698
-1.270585 , 5.38444
-1.278215 , 5.413628
-1.285845 , 5.442816
-1.293474 , 5.472003
-1.301104 , 5.501191
-1.308734 , 5.525553
-1.316363 , 5.547256
-1.323993 , 5.57256
-1.331623 , 5.593433
-1.339252 , 5.598459
-1.346882 , 5.597282
-1.354512 , 5.602419
-1.362141 , 5.601353
-1.369771 , 5.584217
-1.377401 , 5.560879
-1.38503 , 5.542857
-1.39266 , 5.520406
-1.40029 , 5.481276
-1.40792 , 5.437716
-1.415549 , 5.396369
-1.423179 , 5.355025
-1.430809 , 5.313048
-1.438438 , 5.271074
-1.446068 , 5.227769
-1.453698 , 5.187123
-1.461327 , 5.154289
-1.468957 , 5.124115
-1.476587 , 5.09128
-1.484216 , 5.061107
-1.491846 , 5.043119
-1.499476 , 5.027794
-1.507105 , 5.009808
-1.514735 , 4.994481
-1.522365 , 4.987132
-1.529994 , 4.982444
-1.537624 , 4.975094
-1.545254 , 4.970406
-1.552883 , 4.974732
-1.560513 , 4.98172
-1.568143 , 4.986047
-1.575772 , 4.993034
-1.583402 , 5.007998
-1.591032 , 5.025623
-1.598661 , 5.040421
-1.606291 , 5.057879
-1.613921 , 5.080212
-1.62155 , 5.102546
-1.62918 , 5.125045
-1.63681 , 5.147545
-1.644439 , 5.169878
-1.652069 , 5.192212
-1.659699 , 5.215763
-1.667328 , 5.236657
-1.674958 , 5.240755
-1.682588 , 5.240423
-1.690217 , 5.243745
-1.697847 , 5.244411
-1.705477 , 5.247787
-1.713106 , 5.248508
-1.720736 , 5.250556
-1.728366 , 5.252606
-1.735995 , 5.235706
-1.743625 , 5.218809
-1.751255 , 5.203238
-1.758884 , 5.185012
-1.766514 , 5.169608
-1.774144 , 5.151546
-1.781773 , 5.136309
-1.789403 , 5.118414
-1.797033 , 5.093025
-1.804662 , 5.067639
-1.812292 , 5.042085
-1.819922 , 5.016532
-1.827551 , 4.990977
-1.835181 , 4.965425
-1.842811 , 4.93987
-1.85044 , 4.914317
-1.85807 , 4.882558
-1.8657 , 4.8508
-1.873329 , 4.818873
-1.880959 , 4.78695
-1.888589 , 4.756353
-1.896218 , 4.7231
-1.903848 , 4.69267
-1.911478 , 4.659582
-1.919107 , 4.605627
-1.926737 , 4.549014
-1.934367 , 4.495059
-1.941996 , 4.438446
-1.949626 , 4.384491
-1.957256 , 4.327878
-1.964885 , 4.273922
-1.972515 , 4.217309
-1.980145 , 4.140085
-1.987774 , 4.060203
-1.995404 , 3.982979
-2.003034 , 3.903096
-2.010663 , 3.825871
-2.018293 , 3.74599
-2.025923 , 3.668932
-2.033552 , 3.589215
-2.041182 , 3.497332
-2.048812 , 3.405448
-2.056441 , 3.313676
-2.064071 , 3.221903
-2.071701 , 3.133786
-2.07933 , 3.050102
-2.08696 , 2.971571
-2.09459 , 2.899244
-2.102219 , 2.82858
-2.109849 , 2.765893
-2.117479 , 2.712847
-2.125108 , 2.667778
-2.132738 , 2.635452
-2.140368 , 2.611105
-2.147997 , 2.590302
-2.155627 , 2.575706
-2.163257 , 2.564384
-2.170886 , 2.559269
-2.178516 , 2.559471
-2.186146 , 2.564106
-2.193775 , 2.574281
-2.201405 , 2.588888
-2.209035 , 2.610587
-2.216664 , 2.634945
-2.224294 , 2.663625
-2.231924 , 2.694963
-2.239553 , 2.723643
-2.247183 , 2.754982
-2.254813 , 2.794798
-2.262442 , 2.837273
-2.270072 , 2.878418
-2.277702 , 2.919563
-2.285331 , 2.965803
-2.292961 , 3.012046
-2.300591 , 3.059505
-2.30822 , 3.104307
-2.31585 , 3.131433
-2.32348 , 3.154129
-2.331109 , 3.182253
-2.338739 , 3.204174
-2.346369 , 3.211245
-2.353998 , 3.212111
-2.361628 , 3.218407
-2.369258 , 3.220272
-2.376887 , 3.215098
-2.384517 , 3.207268
-2.392147 , 3.200654
-2.399776 , 3.194042
-2.407406 , 3.189305
-2.415036 , 3.184569
-2.422665 , 3.179832
-2.430295 , 3.175097
-2.437925 , 3.170361
-2.445554 , 3.165626
-2.453184 , 3.160889
-2.460814 , 3.156154
-2.468443 , 3.149422
-2.476073 , 3.142693
-2.483703 , 3.135961
-2.491332 , 3.129231
-2.498962 , 3.122666
-2.506592 , 3.116102
-2.514221 , 3.108318
-2.521851 , 3.103195
-2.529481 , 3.108339
-2.53711 , 3.117915
-2.54474 , 3.122062
-2.55237 , 3.132413
-2.559999 , 3.157613
-2.567629 , 3.189017
-2.575259 , 3.214827
-2.582888 , 3.245068
-2.590518 , 3.2865
-2.598148 , 3.327933
-2.605777 , 3.369366
-2.613407 , 3.410798
-2.621037 , 3.448463
-2.628666 , 3.481696
-2.636296 , 3.510663
-2.643926 , 3.531652
-2.651555 , 3.5428
-2.659185 , 3.544197
-2.666815 , 3.537838
-2.674445 , 3.521729
-2.682074 , 3.498416
-2.689704 , 3.467125
-2.697334 , 3.425198
-2.704963 , 3.377065
-2.712593 , 3.318959
-2.720223 , 3.256422
-2.727852 , 3.197486
-2.735482 , 3.13589
-2.743112 , 3.074572
-2.750741 , 3.013252
-2.758371 , 2.950438
-2.766001 , 2.890283
-2.77363 , 2.8397
-2.78126 , 2.791777
-2.78889 , 2.741194
-2.796519 , 2.693271
-2.804149 , 2.642522
-2.811779 , 2.594432
-2.819408 , 2.545012
-2.827038 , 2.495594
-2.834668 , 2.454319
-2.842297 , 2.413044
-2.849927 , 2.371769
-2.857557 , 2.330494
-2.865186 , 2.289219
-2.872816 , 2.247944
-2.880446 , 2.206668
-2.888075 , 2.165393
-2.895705 , 2.129513
-2.903335 , 2.093633
-2.910964 , 2.057753
-2.918594 , 2.021873
-2.926224 , 1.986159
-2.933853 , 1.950445
-2.941483 , 1.913401
-2.949113 , 1.879017
-2.956742 , 1.860422
-2.964372 , 1.844487
-2.972002 , 1.825892
-2.979631 , 1.809958
-2.987261 , 1.791363
-2.994891 , 1.775427
-3.00252 , 1.756833
-3.01015 , 1.740898
-3.01778 , 1.739387
-3.025409 , 1.740536
-3.033039 , 1.740354
-3.040669 , 1.740174
-3.048298 , 1.739992
-3.055928 , 1.739812
-3.063558 , 1.74096
-3.071187 , 1.73945
-3.078817 , 1.725695
-3.086447 , 1.709282
-3.094076 , 1.695527
-3.101706 , 1.679113
-3.109336 , 1.665524
-3.116965 , 1.649277
-3.124595 , 1.634358
-3.132225 , 1.619441
-3.139854 , 1.590194
-3.147484 , 1.560948
-3.155114 , 1.531701
-3.162743 , 1.502455
-3.170373 , 1.47354
-3.178003 , 1.444626
-3.185632 , 1.415711
-3.193262 , 1.386798
-3.200892 , 1.365363
-3.208521 , 1.343929
-3.216151 , 1.326593
-3.223781 , 1.311918
-3.23141 , 1.285884
-3.23904 , 1.264284
-3.24667 , 1.247003
-3.254299 , 1.234157
-3.261929 , 1.233706
-3.269559 , 1.23769
-3.277188 , 1.244775
-3.284818 , 1.251862
-3.292448 , 1.256619
-3.300077 , 1.261379
-3.307707 , 1.267466
-3.315337 , 1.270896
-3.322966 , 1.266124
-3.330596 , 1.258695
-3.338226 , 1.252594
-3.345855 , 1.246494
-3.353485 , 1.240227
-3.361115 , 1.233961
-3.368744 , 1.227694
-3.376374 , 1.221428
-3.384004 , 1.215001
-3.391633 , 1.208576
-3.399263 , 1.202149
-3.406893 , 1.195724
-3.414522 , 1.189464
-3.422152 , 1.183205
-3.429782 , 1.175615
-3.437411 , 1.170686
-3.445041 , 1.179772
-3.452671 , 1.191519
-3.4603 , 1.200439
-3.46793 , 1.21202
-3.47556 , 1.22227
-3.483189 , 1.232521
-3.490819 , 1.242937
-3.498449 , 1.253354
-3.506078 , 1.27686
-3.513708 , 1.300366
-3.521338 , 1.323873
-3.528967 , 1.347379
-3.536597 , 1.370885
-3.544227 , 1.394392
-3.551856 , 1.417898
-3.559486 , 1.441404
-3.567116 , 1.462085
-3.574745 , 1.482766
-3.582375 , 1.504776
-3.590005 , 1.524127
-3.597634 , 1.546304
-3.605264 , 1.565822
-3.612894 , 1.587998
-3.620523 , 1.607516
-3.628153 , 1.601471
-3.635783 , 1.592768
-3.643412 , 1.586724
-3.651042 , 1.578021
-3.658672 , 1.571977
-3.666301 , 1.563273
-3.673931 , 1.557395
-3.681561 , 1.548858
-3.68919 , 1.533672
-3.69682 , 1.518487
-3.70445 , 1.503135
-3.712079 , 1.487783
-3.719709 , 1.472432
-3.727339 , 1.45708
-3.734968 , 1.441728
-3.742598 , 1.426376
-3.750228 , 1.422254
-3.757857 , 1.418134
-3.765487 , 1.414011
-3.773117 , 1.409891
-3.780746 , 1.405768
-3.788376 , 1.401648
-3.796006 , 1.397526
-3.803635 , 1.393405
-3.811265 , 1.404352
-3.818895 , 1.415301
-3.826524 , 1.426249
-3.834154 , 1.437197
-3.841784 , 1.448144
-3.849413 , 1.459094
-3.857043 , 1.470041
-3.864673 , 1.48099
-3.872302 , 1.489645
-3.879932 , 1.498302
-3.887562 , 1.506957
-3.895191 , 1.515613
-3.902821 , 1.524268
-3.910451 , 1.532925
-3.918081 , 1.54158
-3.92571 , 1.550236
-3.93334 , 1.543711
-3.94097 , 1.537187
-3.948599 , 1.530662
-3.956229 , 1.524138
-3.963859 , 1.515341
-3.971488 , 1.506546
-3.979118 , 1.501904
-3.986748 , 1.499924
-3.994377 , 1.498436
-4.002007 , 1.50227
-4.009637 , 1.50948
-4.017266 , 1.522012
-4.024896 , 1.542686
-4.032526 , 1.56868
-4.040155 , 1.595836
-4.047785 , 1.625653
-4.055415 , 1.659347
-4.063044 , 1.693042
-4.070674 , 1.728065
-4.078304 , 1.760431
-4.085933 , 1.782213
-4.093563 , 1.798677
-4.101193 , 1.808216
-4.108822 , 1.812437
-4.116452 , 1.810416
-4.124082 , 1.803079
-4.131711 , 1.788648
-4.139341 , 1.7689
-4.146971 , 1.743833
-4.1546 , 1.713448
-4.16223 , 1.679515
-4.16986 , 1.640265
-4.177489 , 1.597302
-4.185119 , 1.549023
-4.192749 , 1.496032
-4.200378 , 1.440383
-4.208008 , 1.380245
-4.215638 , 1.320109
-4.223267 , 1.259971
-4.230897 , 1.199835
-4.238527 , 1.141998
-4.246156 , 1.086822
-4.253786 , 1.036354
-4.261416 , 0.991206
-4.269045 , 0.951707
-4.276675 , 0.917529
-4.284305 , 0.888058
-4.291934 , 0.861248
-4.299564 , 0.835046
-4.307194 , 0.808846
-4.314823 , 0.78281
-4.322453 , 0.756776
-4.330083 , 0.720657
-4.337712 , 0.684539
-4.345342 , 0.64842
-4.352972 , 0.612303
-4.360601 , 0.572049
-4.368231 , 0.531797
-4.375861 , 0.49038
-4.38349 , 0.451624
-4.39112 , 0.425554
-4.39875 , 0.404804
-4.406379 , 0.387432
-4.414009 , 0.37538
-4.421639 , 0.361387
-4.429268 , 0.352715
-4.436898 , 0.34875
-4.444528 , 0.347446
-4.452157 , 0.351183
-4.459787 , 0.354921
-4.467417 , 0.358823
-4.475046 , 0.362728
-4.482676 , 0.363215
-4.490306 , 0.363706
-4.497935 , 0.364194
-4.505565 , 0.364684
-4.513195 , 0.354535
-4.520824 , 0.344388
-4.528454 , 0.334238
-4.536084 , 0.324091
-4.543713 , 0.310285
-4.551343 , 0.296481
-4.558973 , 0.283008
-4.566602 , 0.269536
-4.574232 , 0.25983
-4.581862 , 0.255445
-4.589491 , 0.254272
-4.597121 , 0.258418
-4.604751 , 0.272514
-4.61238 , 0.291931
-4.62001 , 0.318438
-4.62764 , 0.350265
-4.635269 , 0.3868
-4.642899 , 0.428655
-4.650529 , 0.475384
-4.658158 , 0.524774
-4.665788 , 0.576766
-4.673418 , 0.631419
-4.681047 , 0.688729
-4.688677 , 0.748701
-4.696307 , 0.811219
-4.703936 , 0.876399
-4.711566 , 0.94407
-4.719196 , 1.014402
-4.726825 , 1.083145
-4.734455 , 1.151889
-4.742085 , 1.220632
-4.749714 , 1.289376
-4.757344 , 1.359614
-4.764974 , 1.427196
-4.772603 , 1.49893
-4.780233 , 1.565347
-4.787863 , 1.617746
-4.795492 , 1.664828
-4.803122 , 1.717227
-4.810752 , 1.764309
-4.818381 , 1.795433
-4.826011 , 1.82124
-4.833641 , 1.852531
-4.84127 , 1.878504
-4.8489 , 1.897308
-4.85653 , 1.913455
-4.864159 , 1.931095
-4.871789 , 1.948738
-4.879419 , 1.974411
-4.887048 , 2.005406
-4.894678 , 2.028975
-4.902308 , 2.061409
-4.909937 , 2.118663
-4.917567 , 2.184783
-4.925197 , 2.243477
-4.932826 , 2.307491
-4.940456 , 2.37782
-4.948086 , 2.44815
-4.955715 , 2.521249
-4.963345 , 2.58903
-4.970975 , 2.651093
-4.978604 , 2.704292
-4.986234 , 2.743529
-4.993864 , 2.770356
-5.001493 , 2.78433
-5.009123 , 2.785893
-5.016753 , 2.780587
-5.024382 , 2.766416
-5.032012 , 2.741054
-5.039642 , 2.710373
-5.047271 , 2.68213
-5.054901 , 2.653886
-5.062531 , 2.624203
-5.07016 , 2.594519
-5.07779 , 2.564669
-5.08542 , 2.534819
-5.093049 , 2.496845
-5.100679 , 2.456213
-5.108309 , 2.419735
-5.115938 , 2.377939
-5.123568 , 2.320519
-5.131198 , 2.257781
-5.138827 , 2.199198
-5.146457 , 2.137955
-5.154087 , 2.076103
-5.161717 , 2.014251
-5.169346 , 1.952399
-5.176976 , 1.890547
-5.184606 , 1.827532
-5.192235 , 1.767176
-5.199865 , 1.702665
-5.207495 , 1.643472
-5.215124 , 1.595397
-5.222754 , 1.552641
-5.230384 , 1.504565
-5.238013 , 1.46181
-5.245643 , 1.434843
-5.253273 , 1.413196
-5.260902 , 1.387558
-5.268532 , 1.364582
-5.276162 , 1.349304
-5.283791 , 1.336688
-5.291421 , 1.321411
-5.299051 , 1.308794
-5.30668 , 1.304155
-5.31431 , 1.302176
-5.32194 , 1.297536
-5.329569 , 1.295557
-5.337199 , 1.304608
-5.344829 , 1.316321
-5.352458 , 1.325372
-5.360088 , 1.337085
-5.367718 , 1.356607
-5.375347 , 1.378791
-5.382977 , 1.399643
-5.390607 , 1.420497
-5.398236 , 1.445948
-5.405866 , 1.4714
-5.413496 , 1.49685
-5.421125 , 1.522303
-5.428755 , 1.547753
-5.436385 , 1.573206
-5.444014 , 1.598657
-5.451644 , 1.624109
-5.459274 , 1.641587
-5.466903 , 1.659064
-5.474533 , 1.676542
-5.482163 , 1.69402
-5.489792 , 1.711498
-5.497422 , 1.728976
-5.505052 , 1.746454
-5.512681 , 1.763931
-5.520311 , 1.778528
-5.527941 , 1.793125
-5.53557 , 1.807722
-5.5432 , 1.822319
-5.55083 , 1.846889
-5.558459 , 1.871458
-5.566089 , 1.895861
-5.573719 , 1.920264
-5.581348 , 1.940935
-5.588978 , 1.958946
-5.596608 , 1.970253
-5.604237 , 1.976242
-5.611867 , 1.983505
-5.619497 , 1.981903
-5.627126 , 1.971659
-5.634756 , 1.95255
-5.642386 , 1.918372
-5.650015 , 1.875329
-5.657645 , 1.829073
-5.665275 , 1.777498
-5.672904 , 1.728693
-5.680534 , 1.679889
-5.688164 , 1.638896
-5.695793 , 1.603222
-5.703423 , 1.5738
-5.711053 , 1.552357
-5.718682 , 1.540165
-5.726312 , 1.535953
-5.733942 , 1.538221
-5.741571 , 1.54315
-5.749201 , 1.546803
-5.756831 , 1.550458
-5.76446 , 1.545967
-5.77209 , 1.537045
-5.77972 , 1.533828
-5.787349 , 1.524408
-5.794979 , 1.499252
-5.802609 , 1.469665
-5.810238 , 1.443678
-5.817868 , 1.415033
-5.825498 , 1.382487
-5.833127 , 1.349943
-5.840757 , 1.317398
-5.848387 , 1.284854
-5.856016 , 1.251089
-5.863646 , 1.219986
-5.871276 , 1.185279
-5.878905 , 1.155007
-5.886535 , 1.141021
-5.894165 , 1.133243
-5.901794 , 1.119035
-5.909424 , 1.111035
-5.917054 , 1.118711
-5.924683 , 1.130822
-5.932313 , 1.140659
-5.939943 , 1.150499
-5.947572 , 1.155814
-5.955202 , 1.158472
-5.962832 , 1.164729
-5.970461 , 1.166555
-5.978091 , 1.152535
-5.985721 , 1.132311
-5.99335 , 1.118623
-6.00098 , 1.098732
-6.00861 , 1.069254
-6.016239 , 1.037119
-6.023869 , 1.006256
-6.031499 , 0.975395
-6.039128 , 0.943036
-6.046758 , 0.913339
-6.054388 , 0.880814
-6.062017 , 0.85095
-6.069647 , 0.835371
-6.077277 , 0.822454
-6.084906 , 0.808205
-6.092536 , 0.793958
-6.100166 , 0.779875
-6.107795 , 0.765794
-6.115425 , 0.751712
-6.123055 , 0.737631
-6.130684 , 0.719116
-6.138314 , 0.700603
-6.145944 , 0.682088
-6.153573 , 0.663575
-6.161203 , 0.64506
-6.168833 , 0.626546
-6.176462 , 0.607865
-6.184092 , 0.589186
-6.191722 , 0.554419
-6.199351 , 0.516993
-6.206981 , 0.482392
-6.214611 , 0.445132
-6.22224 , 0.410697
-6.22987 , 0.373604
-6.2375 , 0.33784
-6.245129 , 0.302075
-6.252759 , 0.261713
-6.260389 , 0.22135
-6.268018 , 0.180987
-6.275648 , 0.140625
-6.283278 , 0.100262
-6.290907 , 0.0599
-6.298537 , 0.019537
-6.306167 , -0.020826
-6.313796 , -0.048286
-6.321426 , -0.075747
-6.329056 , -0.104426
-6.336685 , -0.130447
-6.344315 , -0.160179
-6.351945 , -0.185479
-6.359574 , -0.215322
-6.367204 , -0.240733
-6.374834 , -0.234232
-6.382463 , -0.223299
-6.390093 , -0.216908
-6.397723 , -0.206085
-6.405352 , -0.198975
-6.412982 , -0.189205
-6.420612 , -0.180654
-6.428242 , -0.172103
-6.435871 , -0.162908
-6.443501 , -0.153711
-6.451131 , -0.143186
-6.45876 , -0.135319
-6.46639 , -0.124462
-6.47402 , -0.116262
-6.481649 , -0.106734
-6.489279 , -0.097205
-6.496909 , -0.095822
-6.504538 , -0.094437
-6.512168 , -0.092887
-6.519798 , -0.091336
-6.527427 , -0.091116
-6.535057 , -0.088235
-6.542687 , -0.088181
-6.550316 , -0.085467
-6.557946 , -0.061735
-6.565576 , -0.035343
-6.573205 , -0.011611
-6.580835 , 0.014781
-6.588465 , 0.038346
-6.596094 , 0.064572
-6.603724 , 0.089468
-6.611354 , 0.114364
-6.618983 , 0.143691
-6.626613 , 0.17302
-6.634243 , 0.203677
-6.641872 , 0.231676
-6.649502 , 0.262499
-6.657132 , 0.290664
-6.664761 , 0.321653
-6.672391 , 0.349985
-6.680021 , 0.362795
-6.68765 , 0.375605
-6.69528 , 0.388249
-6.70291 , 0.400893
-6.710539 , 0.413537
-6.718169 , 0.426181
-6.725799 , 0.438825
-6.733428 , 0.451469
-6.741058 , 0.452589
-6.748688 , 0.453709
-6.756317 , 0.454829
-6.763947 , 0.455949
-6.771577 , 0.457069
-6.779206 , 0.45819
-6.786836 , 0.45931
-6.794466 , 0.46043
-6.802095 , 0.463413
-6.809725 , 0.466396
-6.817355 , 0.469545
-6.824984 , 0.472695
-6.832614 , 0.474681
-6.840244 , 0.479326
-6.847873 , 0.47965
-6.855503 , 0.485292
-6.863133 , 0.50811
-6.870762 , 0.533586
-6.878392 , 0.557899
-6.886022 , 0.582212
-6.893651 , 0.606691
-6.901281 , 0.631171
-6.908911 , 0.65565
-6.91654 , 0.68013
-6.92417 , 0.700305
-6.9318 , 0.72048
-6.939429 , 0.740489
-6.947059 , 0.760498
-6.954689 , 0.771033
-6.962318 , 0.778909
-6.969948 , 0.79094
-6.977578 , 0.797653
-6.985207 , 0.793672
-6.992837 , 0.784373
-7.000467 , 0.780393
-7.008096 , 0.771094
-7.015726 , 0.746836
-7.023356 , 0.71726
-7.030985 , 0.690675
-7.038615 , 0.664091
-7.046245 , 0.641488
-7.053874 , 0.624204
-7.061504 , 0.610355
-7.069134 , 0.605371
-7.076763 , 0.606591
-7.084393 , 0.620222
-7.092023 , 0.646041
-7.099652 , 0.684271
-7.107282 , 0.735797
-7.114912 , 0.799734
-7.122541 , 0.877632
-7.130171 , 0.964394
-7.137801 , 1.066337
-7.14543 , 1.173598
-7.15306 , 1.27809
-7.16069 , 1.382581
-7.168319 , 1.481575
-7.175949 , 1.575253
-7.183579 , 1.665493
-7.191208 , 1.746871
-7.198838 , 1.822042
-7.206468 , 1.884805
-7.214097 , 1.935377
-7.221727 , 1.973541
-7.229357 , 1.999071
-7.236986 , 2.012193
-7.244616 , 2.012903
-7.252246 , 2.001204
-7.259875 , 1.974877
-7.267505 , 1.936142
-7.275135 , 1.890702
-7.282764 , 1.836398
-7.290394 , 1.774261
-7.298024 , 1.709466
-7.305653 , 1.645777
-7.313283 , 1.582089
-7.320913 , 1.5266
-7.328542 , 1.473772
-7.336172 , 1.416787
-7.343802 , 1.365122
-7.351431 , 1.32858
-7.359061 , 1.297359
-7.366691 , 1.260652
-7.37432 , 1.229264
-7.38195 , 1.204357
-7.38958 , 1.182111
-7.397209 , 1.1587
-7.404839 , 1.135291
-7.412469 , 1.110068
-7.420098 , 1.084846
-7.427728 , 1.059624
-7.435358 , 1.034402
-7.442987 , 0.998543
-7.450617 , 0.962684
-7.458247 , 0.926824
-7.465876 , 0.890965
-7.473506 , 0.860424
-7.481136 , 0.829883
-7.488765 , 0.799343
-7.496395 , 0.768802
-7.504025 , 0.738261
-7.511654 , 0.70772
-7.519284 , 0.677179
-7.526914 , 0.646639
-7.534543 , 0.615246
-7.542173 , 0.583854
-7.549803 , 0.552295
-7.557432 , 0.520736
-7.565062 , 0.490341
-7.572692 , 0.457286
-7.580321 , 0.428387
-7.587951 , 0.394168
-7.595581 , 0.343163
-7.60321 , 0.286839
-7.61084 , 0.233175
-7.61847 , 0.179511
-7.626099 , 0.125846
-7.633729 , 0.072182
-7.641359 , 0.015858
-7.648988 , -0.035147
-7.656618 , -0.071474
-7.664248 , -0.10248
-7.671878 , -0.138807
-7.679507 , -0.169814
-7.687137 , -0.184866
-7.694767 , -0.194598
-7.702396 , -0.20965
-7.710026 , -0.219382
-7.717656 , -0.213326
-7.725285 , -0.201949
-7.732915 , -0.19473
-7.740545 , -0.184849
-7.748174 , -0.1763
-7.755804 , -0.167748
-7.763434 , -0.157869
-7.771063 , -0.150648
-7.778693 , -0.14874
-7.786323 , -0.152149
-7.793952 , -0.150075
-7.801582 , -0.153318
-7.809212 , -0.172352
-7.816841 , -0.196703
-7.824471 , -0.217067
-7.832101 , -0.240089
-7.83973 , -0.268874
-7.84736 , -0.300317
-7.85499 , -0.330431
-7.862619 , -0.360545
-7.870249 , -0.390826
-7.877879 , -0.421105
-7.885508 , -0.451386
-7.893138 , -0.481666
-7.900768 , -0.499329
-7.908397 , -0.51699
-7.916027 , -0.534653
-7.923657 , -0.552314
-7.931286 , -0.569977
-7.938916 , -0.587639
-7.946546 , -0.605302
-7.954175 , -0.622963
-7.961805 , -0.625557
-7.969435 , -0.628149
-7.977064 , -0.630742
-7.984694 , -0.633334
-7.992324 , -0.635927
-7.999953 , -0.638519
-8.007583 , -0.641113
-8.015213 , -0.643704
-8.022842 , -0.63769
-8.030472 , -0.631673
-8.038102 , -0.625659
-8.045731 , -0.619642
-8.053361 , -0.613628
-8.060991 , -0.607612
-8.06862 , -0.601597
-8.07625 , -0.595581
-8.08388 , -0.572059
-8.091509 , -0.548535
-8.099139 , -0.524847
-8.106769 , -0.501157
-8.114398 , -0.467995
-8.122028 , -0.432172
-8.129658 , -0.400506
-8.137287 , -0.363519
-8.144917 , -0.316866
-8.152547 , -0.264895
-8.160176 , -0.218409
-8.167806 , -0.166604
-8.175436 , -0.09768
-8.183065 , -0.026096
-8.190695 , 0.044158
-8.198325 , 0.114412
-8.205954 , 0.180899
-8.213584 , 0.244727
-8.221214 , 0.312709
-8.228843 , 0.375373
-8.236473 , 0.422247
-8.244103 , 0.463803
-8.251732 , 0.510677
-8.259362 , 0.552232
-8.266992 , 0.577022
-8.274621 , 0.596492
-8.282251 , 0.621448
-8.289881 , 0.641085
-8.29751 , 0.643602
-8.30514 , 0.64346
-8.31277 , 0.644481
-8.320399 , 0.645503
-8.328029 , 0.651234
-8.335659 , 0.656964
-8.343288 , 0.662695
-8.350918 , 0.668426
-8.358548 , 0.67399
-8.366177 , 0.679555
-8.373807 , 0.686283
-8.381437 , 0.690351
-8.389066 , 0.686473
-8.396696 , 0.677278
-8.404326 , 0.673568
-8.411955 , 0.664539
-8.419585 , 0.639552
-8.427215 , 0.609249
-8.434844 , 0.58443
-8.442474 , 0.554293
-8.450104 , 0.508807
-8.457733 , 0.460664
-8.465363 , 0.413684
-8.472993 , 0.366704
-8.480622 , 0.319723
-8.488252 , 0.272743
-8.495882 , 0.2246
-8.503511 , 0.179116
-8.511141 , 0.143346
-8.518771 , 0.112897
-8.5264 , 0.076963
-8.53403 , 0.046349
-8.54166 , 0.031687
-8.549289 , 0.022347
-8.556919 , 0.007688
-8.564549 , -0.001653
-8.572178 , 0.00967
-8.579808 , 0.026313
-8.587438 , 0.038802
-8.595067 , 0.053949
-8.602697 , 0.067931
-8.610327 , 0.081915
-8.617956 , 0.096066
-8.625586 , 0.110216
-8.633216 , 0.121229
-8.640845 , 0.132244
-8.648475 , 0.143258
-8.656105 , 0.154273
-8.663734 , 0.165286
-8.671364 , 0.176301
-8.678994 , 0.187315
-8.686623 , 0.19833
-8.694253 , 0.21444
-8.701883 , 0.230552
-8.709512 , 0.246664
-8.717142 , 0.262776
-8.724772 , 0.278553
-8.732401 , 0.294333
-8.740031 , 0.309946
-8.747661 , 0.325559
-8.75529 , 0.339273
-8.76292 , 0.350329
-8.77055 , 0.359779
-8.778179 , 0.364796
-8.785809 , 0.364936
-8.793439 , 0.360646
-8.801068 , 0.350151
-8.808698 , 0.335223
-8.816328 , 0.317413
-8.823957 , 0.295172
-8.831587 , 0.266838
-8.839217 , 0.23407
-8.846846 , 0.20252
-8.854476 , 0.168313
-8.862106 , 0.131501
-8.869735 , 0.09203
-8.877365 , 0.047436
-8.884995 , 0.002842
-8.892624 , -0.041918
-8.900254 , -0.086679
-8.907884 , -0.131771
-8.915514 , -0.176864
-8.923143 , -0.221957
-8.930773 , -0.267049
-8.938403 , -0.302391
-8.946032 , -0.337733
-8.953662 , -0.373075
-8.961292 , -0.408416
-8.968921 , -0.443758
-8.976551 , -0.4791
-8.984181 , -0.514441
-8.99181 , -0.549783
-8.99944 , -0.580235
-9.00707 , -0.610688
-9.014699 , -0.64114
-9.022329 , -0.671593
-9.029959 , -0.691408
-9.037588 , -0.711223
-9.045218 , -0.731038
-9.052848 , -0.750854
-9.060477 , -0.76402
-9.068107 , -0.777187
-9.075737 , -0.790354
-9.083366 , -0.803521
-9.090996 , -0.80605
-9.098626 , -0.808579
-9.106255 , -0.811109
-9.113885 , -0.813639
-9.121515 , -0.804166
-9.129144 , -0.794694
-9.136774 , -0.785222
-9.144404 , -0.77575
-9.152033 , -0.766278
-9.159663 , -0.756806
-9.167293 , -0.747334
-9.174922 , -0.737862
-9.182552 , -0.723735
-9.190182 , -0.70961
-9.197811 , -0.695484
-9.205441 , -0.681358
-9.213071 , -0.677869
-9.2207 , -0.67438
-9.22833 , -0.670892
-9.23596 , -0.667403
-9.243589 , -0.666837
-9.251219 , -0.666271
-9.258849 , -0.665705
-9.266478 , -0.665139
-9.274108 , -0.653935
-9.281738 , -0.642732
-9.289367 , -0.631528
-9.296997 , -0.620325
-9.304627 , -0.607127
-9.312256 , -0.593929
-9.319886 , -0.580731
-9.327516 , -0.567533
-9.335145 , -0.554335
-9.342775 , -0.541137
-9.350405 , -0.527939
-9.358034 , -0.514741
-9.365664 , -0.507545
-9.373294 , -0.50035
-9.380923 , -0.492989
-9.388553 , -0.485627
-9.396183 , -0.468847
-9.403812 , -0.449407
-9.411442 , -0.43368
-9.419072 , -0.41352
-9.426701 , -0.382502
-9.434331 , -0.347051
-9.441961 , -0.315145
-9.44959 , -0.280581
-9.45722 , -0.238094
-9.46485 , -0.192948
-9.472479 , -0.149131
-9.480109 , -0.105315
-9.487739 , -0.058576
-9.495368 , -0.011837
-9.502998 , 0.034903
-9.510628 , 0.081642
-9.518257 , 0.128048
-9.525887 , 0.174455
-9.533517 , 0.220862
-9.541146 , 0.267269
-9.548776 , 0.306307
-9.556406 , 0.345345
-9.564035 , 0.380283
-9.571665 , 0.412562
-9.579295 , 0.439024
-9.586924 , 0.461053
-9.594554 , 0.477875
-9.602184 , 0.488492
-9.609813 , 0.492124
-9.617443 , 0.489551
-9.625073 , 0.482546
-9.632702 , 0.469336
-9.640332 , 0.448924
-9.647962 , 0.422306
-9.655591 , 0.390481
-9.663221 , 0.354223
-9.670851 , 0.314032
-9.67848 , 0.271181
-9.68611 , 0.229716
-9.69374 , 0.188251
-9.701369 , 0.144624
-9.708999 , 0.103657
-9.716629 , 0.059865
-9.724258 , 0.018732
-9.731888 , -0.006653
-9.739518 , -0.029378
-9.747147 , -0.054929
-9.754777 , -0.077821
-9.762407 , -0.102874
-9.770036 , -0.127926
-9.777666 , -0.151593
-9.785296 , -0.17792
-9.792925 , -0.202862
-9.800555 , -0.232235
-9.808185 , -0.268424
-9.815814 , -0.307271
-9.823444 , -0.349388
-9.831074 , -0.391504
-9.838703 , -0.435117
-9.846333 , -0.47607
-9.853963 , -0.510648
-9.861592 , -0.542567
-9.869222 , -0.577312
-9.876852 , -0.609396
-9.884481 , -0.632174
-9.892111 , -0.654951
-9.899741 , -0.677563
-9.90737 , -0.700174
-9.915 , -0.720181
-9.92263 , -0.740189
-9.930259 , -0.761525
-9.937889 , -0.780203
-9.945519 , -0.791235
-9.953148 , -0.799608
-9.960778 , -0.80931
-9.968408 , -0.819013
-9.976037 , -0.834491
-9.983667 , -0.849969
-9.991297 , -0.865447
-9.998926 , -0.880925
-10.006556 , -0.896403
-10.014186 , -0.911881
-10.021815 , -0.92736
-10.029445 , -0.942838
-10.037075 , -0.959646
-10.044704 , -0.976453
-10.052334 , -0.993261
-10.059964 , -1.010069
-10.067593 , -1.026711
-10.075223 , -1.043352
-10.082853 , -1.061323
-10.090482 , -1.076635
-10.098112 , -1.083247
-10.105742 , -1.0872
-10.113371 , -1.093978
-10.121001 , -1.098097
-10.128631 , -1.092908
-10.13626 , -1.087719
-10.14389 , -1.082364
-10.15152 , -1.077009
-10.159149 , -1.072541
-10.166779 , -1.068072
-10.174409 , -1.063603
-10.182039 , -1.059135
-10.189668 , -1.054667
-10.197298 , -1.050198
-10.204928 , -1.045563
-10.212557 , -1.040928
-10.220187 , -1.03218
-10.227817 , -1.020772
-10.235446 , -1.01219
-10.243076 , -1.000948
-10.250706 , -0.981895
-10.258335 , -0.960182
-10.265965 , -0.939799
-10.273595 , -0.919416
-10.281224 , -0.8951
-10.288854 , -0.870783
-10.296484 , -0.846467
-10.304113 , -0.82215
-10.311743 , -0.797833
-10.319373 , -0.773517
-10.327002 , -0.7492
-10.334632 , -0.724884
-10.342262 , -0.703341
-10.349891 , -0.681798
-10.357521 , -0.660254
-10.365151 , -0.638711
-10.37278 , -0.617168
-10.38041 , -0.595625
-10.38804 , -0.574082
-10.395669 , -0.552539
-10.403299 , -0.531273
-10.410929 , -0.510007
-10.418558 , -0.490071
-10.426188 , -0.467475
-10.433818 , -0.437068
-10.441447 , -0.404001
-10.449077 , -0.37376
-10.456707 , -0.340859
-10.464336 , -0.301407
-10.471966 , -0.261956
-10.479596 , -0.222614
-10.487225 , -0.183273
-10.494855 , -0.1477
-10.502485 , -0.116558
-10.510114 , -0.089683
-10.517744 , -0.070785
-10.525374 , -0.062635
-10.533003 , -0.064237
-10.540633 , -0.074481
-10.548263 , -0.092704
-10.555892 , -0.113253
-10.563522 , -0.140007
-10.571152 , -0.172911
-10.578781 , -0.208475
-10.586411 , -0.247258
-10.594041 , -0.286042
-10.60167 , -0.324992
-10.6093 , -0.363942
-10.61693 , -0.403556
-10.624559 , -0.443171
-10.632189 , -0.482619
-10.639819 , -0.522068
-10.647448 , -0.556419
-10.655078 , -0.588111
-10.662708 , -0.622518
-10.670337 , -0.654266
-10.677967 , -0.671719
-10.685597 , -0.684741
-10.693226 , -0.703081
-10.700856 , -0.715216
-10.708486 , -0.705591
-10.716115 , -0.687989
-10.723745 , -0.6777
-10.731375 , -0.661205
-10.739004 , -0.6323
-10.746634 , -0.598963
-10.754264 , -0.569228
-10.761893 , -0.536833
-10.769523 , -0.495906
-10.777153 , -0.454978
-10.784782 , -0.413886
-10.792412 , -0.372792
-10.800042 , -0.331533
-10.807671 , -0.290273
-10.815301 , -0.25051
-10.822931 , -0.208087
-10.83056 , -0.160325
-10.83819 , -0.112562
-10.84582 , -0.064633
-10.853449 , -0.016705
-10.861079 , 0.031223
-10.868709 , 0.079152
-10.876338 , 0.12708
-10.883968 , 0.175009
-10.891598 , 0.219004
-10.899227 , 0.262999
-10.906857 , 0.308324
-10.914487 , 0.350989
-10.922116 , 0.385842
-10.929746 , 0.418036
-10.937376 , 0.453056
-10.945005 , 0.485417
-10.952635 , 0.50984
-10.960265 , 0.534265
-10.967894 , 0.558522
-10.975524 , 0.58278
-10.983154 , 0.606872
-10.990783 , 0.630963
-10.998413 , 0.656384
-11.006043 , 0.679146
-11.013672 , 0.692102
-11.021302 , 0.702398
-11.028932 , 0.71552
-11.036561 , 0.725982
-11.044191 , 0.727137
-11.051821 , 0.728292
-11.05945 , 0.72928
-11.06708 , 0.730269
-11.07471 , 0.733209
-11.082339 , 0.736149
-11.089969 , 0.737759
-11.097599 , 0.742028
-11.105228 , 0.754109
-11.112858 , 0.76885
-11.120488 , 0.780765
-11.128117 , 0.79534
-11.135747 , 0.809914
-11.143377 , 0.824488
-11.151006 , 0.839063
-11.158636 , 0.853637
-11.166266 , 0.869541
-11.173895 , 0.882786
-11.181525 , 0.898856
-11.189155 , 0.912267
-11.196784 , 0.91101
-11.204414 , 0.907094
-11.212044 , 0.906003
-11.219673 , 0.902253
-11.227303 , 0.899833
-11.234933 , 0.897412
-11.242562 , 0.894825
-11.250192 , 0.892239
-11.257822 , 0.881674
-11.265451 , 0.871109
-11.273081 , 0.860711
-11.280711 , 0.850313
-11.28834 , 0.849333
-11.29597 , 0.851012
-11.3036 , 0.84898
-11.311229 , 0.851379
-11.318859 , 0.867348
-11.326489 , 0.887748
-11.334118 , 0.903439
-11.341748 , 0.923562
-11.349378 , 0.952107
-11.357007 , 0.980651
-11.364637 , 1.009196
-11.372267 , 1.03774
-11.379896 , 1.058085
-11.387526 , 1.073998
-11.395156 , 1.09462
-11.402785 , 1.11081
-11.410415 , 1.11398
-11.418045 , 1.112718
-11.425675 , 1.113671
-11.433304 , 1.114625
-11.440934 , 1.115842
-11.448564 , 1.11706
-11.456193 , 1.118277
-11.463823 , 1.119494
-11.471453 , 1.120711
-11.479082 , 1.121928
-11.486712 , 1.123145
-11.494342 , 1.124362
-11.501971 , 1.124749
-11.509601 , 1.125134
-11.517231 , 1.126851
-11.52486 , 1.125907
-11.53249 , 1.117151
-11.54012 , 1.105737
-11.547749 , 1.096982
-11.555379 , 1.085567
-11.563009 , 1.06459
-11.570638 , 1.040954
-11.578268 , 1.021307
-11.585898 , 0.996341
-11.593527 , 0.959297
-11.601157 , 0.916934
-11.608787 , 0.878727
-11.616416 , 0.837861
-11.624046 , 0.794335
-11.631676 , 0.75081
-11.639305 , 0.705954
-11.646935 , 0.663758
-11.654565 , 0.628044
-11.662194 , 0.597649
-11.669824 , 0.561769
-11.677454 , 0.531207
-11.685083 , 0.514648
-11.692713 , 0.503409
-11.700343 , 0.48818
-11.707972 , 0.47561
-11.715602 , 0.471185
-11.723232 , 0.469419
-11.730861 , 0.464994
-11.738491 , 0.463228
-11.746121 , 0.466337
-11.75375 , 0.472106
-11.76138 , 0.475382
-11.76901 , 0.481317
-11.776639 , 0.500992
-11.784269 , 0.525985
-11.791899 , 0.545494
-11.799528 , 0.570322
-11.807158 , 0.6107
-11.814788 , 0.656396
-11.822417 , 0.696442
-11.830047 , 0.741807
-11.837677 , 0.795149
-11.845306 , 0.848492
-11.852936 , 0.901834
-11.860566 , 0.955176
-11.868195 , 0.999654
-11.875825 , 1.038814
-11.883455 , 1.083403
-11.891084 , 1.122673
-11.898714 , 1.153965
-11.906344 , 1.176393
-11.913973 , 1.18641
-11.921603 , 1.187563
-11.929233 , 1.178508
-11.936862 , 1.157043
-11.944492 , 1.114304
-11.952122 , 1.055608
-11.959751 , 0.983837
-11.967381 , 0.892564
-11.975011 , 0.785779
-11.98264 , 0.659492
-11.99027 , 0.512152
-11.9979 , 0.348856
-12.005529 , 0.167609
-12.013159 , -0.033139
-12.020789 , -0.246297
-12.028418 , -0.478958
-12.036048 , -0.740206
-12.043678 , -1.024501
-12.051307 , -1.328425
-12.058937 , -1.658942
-12.066567 , -2.013615
-12.074196 , -2.391335
-12.081826 , -2.787615
-12.089456 , -3.199851
-12.097085 , -3.625439
-12.104715 , -4.048368
-12.112345 , -4.449856
-12.119974 , -4.821205
-12.127604 , -5.145517
-12.135234 , -5.411324
-12.142863 , -5.610868
-12.150493 , -5.737725
-12.158123 , -5.788569
-12.165752 , -5.770271
-12.173382 , -5.691431
-12.181012 , -5.561177
-12.188641 , -5.39192
-12.196271 , -5.19607
-12.203901 , -4.977394
-12.21153 , -4.749853
-12.21916 , -4.52342
-12.22679 , -4.302306
-12.234419 , -4.100251
-12.242049 , -3.910606
-12.249679 , -3.708107
-12.257308 , -3.518018
-12.264938 , -3.368706
-12.272568 , -3.231805
-12.280197 , -3.082493
-12.287827 , -2.945591
-12.295457 , -2.848918
-12.303086 , -2.764656
-12.310716 , -2.669534
-12.318346 , -2.583278
-12.325975 , -2.522063
-12.333605 , -2.466167
-12.341235 , -2.405007
-12.348864 , -2.349167
-12.356494 , -2.300251
-12.364124 , -2.253995
-12.371753 , -2.206576
-12.379383 , -2.159156
-12.387013 , -2.111903
-12.394642 , -2.064649
-12.402272 , -2.017396
-12.409902 , -1.970143
-12.417531 , -1.916116
-12.425161 , -1.86209
-12.432791 , -1.808064
-12.44042 , -1.754037
-12.44805 , -1.700011
-12.45568 , -1.645985
-12.463309 , -1.591959
-12.470939 , -1.537932
-12.478569 , -1.490499
-12.486198 , -1.443066
-12.493828 , -1.394469
-12.501458 , -1.348531
-12.509087 , -1.316943
-12.516717 , -1.290673
-12.524347 , -1.258974
-12.531976 , -1.232594
-12.539606 , -1.214649
-12.547236 , -1.202909
-12.554865 , -1.197207
-12.562495 , -1.197711
-12.570125 , -1.202093
-12.577754 , -1.210907
-12.585384 , -1.224985
-12.593014 , -1.241722
-12.600643 , -1.26145
-12.608273 , -1.281178
-12.615903 , -1.300907
-12.623532 , -1.320636
-12.631162 , -1.331611
-12.638792 , -1.339926
-12.646421 , -1.351068
-12.654051 , -1.359549
-12.661681 , -1.365136
-12.66931 , -1.368064
-12.67694 , -1.372488
-12.68457 , -1.376911
-12.6922 , -1.37995
-12.699829 , -1.385647
-12.707459 , -1.387633
-12.715089 , -1.394052
-12.722718 , -1.417423
-12.730348 , -1.445226
-12.737978 , -1.469317
-12.745607 , -1.496068
-12.753237 , -1.52354
-12.760867 , -1.551011
-12.768496 , -1.575435
-12.776126 , -1.595427
-12.783756 , -1.611708
-12.791385 , -1.621784
-12.799015 , -1.625766
-12.806645 , -1.623543
-12.814274 , -1.617664
-12.821904 , -1.605579
-12.829534 , -1.590059
-12.837163 , -1.570107
-12.844793 , -1.541734
-12.852423 , -1.510702
-12.860052 , -1.477066
-12.867682 , -1.44077
-12.875312 , -1.408241
-12.882941 , -1.375713
-12.890571 , -1.343019
-12.898201 , -1.310324
-12.90583 , -1.266951
-12.91346 , -1.223577
-12.92109 , -1.180204
-12.928719 , -1.13683
-12.936349 , -1.093457
-12.943979 , -1.050084
-12.951608 , -1.00671
-12.959238 , -0.963337
-12.966868 , -0.925227
-12.974497 , -0.887116
-12.982127 , -0.847677
-12.989757 , -0.810896
-12.997386 , -0.771401
-13.005016 , -0.734565
-13.012646 , -0.694073
-13.020275 , -0.658012
-13.027905 , -0.637486
-13.035535 , -0.619618
-13.043164 , -0.599202
-13.050794 , -0.581446
-13.058424 , -0.56923
-13.066053 , -0.559672
-13.073683 , -0.552886
-13.081313 , -0.548758
-13.088942 , -0.546071
-13.096572 , -0.547816
-13.104202 , -0.553883
-13.111831 , -0.564382
-13.119461 , -0.581972
-13.127091 , -0.603995
-13.13472 , -0.63117
-13.14235 , -0.661004
-13.14998 , -0.691656
-13.157609 , -0.722307
-13.165239 , -0.752959
-13.172869 , -0.78361
-13.180498 , -0.810051
-13.188128 , -0.833833
-13.195758 , -0.852573
-13.203387 , -0.86688
-13.211017 , -0.876202
-13.218647 , -0.882864
-13.226276 , -0.886922
-13.233906 , -0.888321
-13.241536 , -0.893488
-13.249165 , -0.898654
-13.256795 , -0.903654
-13.264425 , -0.908654
-13.272054 , -0.915012
-13.279684 , -0.921369
-13.287314 , -0.927727
-13.294943 , -0.934084
-13.302573 , -0.94238
-13.310203 , -0.950677
-13.317832 , -0.95576
-13.325462 , -0.956411
-13.333092 , -0.950137
-13.340721 , -0.937657
-13.348351 , -0.919084
-13.355981 , -0.894305
-13.36361 , -0.866202
-13.37124 , -0.831894
-13.37887 , -0.794317
-13.386499 , -0.752308
-13.394129 , -0.704661
-13.401759 , -0.657015
-13.409388 , -0.609258
-13.417018 , -0.561501
-13.424648 , -0.522497
-13.432277 , -0.486153
-13.439907 , -0.446983
-13.447537 , -0.410473
-13.455166 , -0.385375
-13.462796 , -0.362937
-13.470426 , -0.33784
-13.478055 , -0.315402
-13.485685 , -0.298615
-13.493315 , -0.284487
-13.500944 , -0.272188
-13.508574 , -0.26432
-13.516204 , -0.25803
-13.523833 , -0.25706
-13.531463 , -0.259578
-13.539093 , -0.267416
-13.546722 , -0.283398
-13.554352 , -0.304699
-13.561982 , -0.327163
-13.569611 , -0.352286
-13.577241 , -0.376634
-13.584871 , -0.400982
-13.5925 , -0.426659
-13.60013 , -0.449677
-13.60776 , -0.462113
-13.615389 , -0.469231
-13.623019 , -0.469423
-13.630649 , -0.464297
-13.638278 , -0.4555
-13.645908 , -0.441384
-13.653538 , -0.420177
-13.661167 , -0.393651
-13.668797 , -0.361031
-13.676427 , -0.323092
-13.684056 , -0.282495
-13.691686 , -0.241896
-13.699316 , -0.195813
-13.706945 , -0.149731
-13.714575 , -0.107803
-13.722205 , -0.068534
-13.729834 , -0.038407
-13.737464 , -0.013599
-13.745094 , 0.007996
-13.752723 , 0.024272
-13.760353 , 0.039356
-13.767983 , 0.05178
-13.775612 , 0.061378
-13.783242 , 0.068317
-13.790872 , 0.072708
-13.798501 , 0.07444
-13.806131 , 0.073511
-13.813761 , 0.069924
-13.82139 , 0.057195
-13.82902 , 0.041807
-13.83665 , 0.027749
-13.844279 , 0.01369
-13.851909 , -0.000867
-13.859539 , -0.015424
-13.867168 , -0.029981
-13.874798 , -0.044538
-13.882428 , -0.069663
-13.890057 , -0.094788
-13.897687 , -0.119914
-13.905317 , -0.145039
-13.912946 , -0.180081
-13.920576 , -0.215123
-13.928206 , -0.251328
-13.935836 , -0.284875
-13.943465 , -0.313269
-13.951095 , -0.336344
-13.958725 , -0.35604
-13.966354 , -0.370417
-13.973984 , -0.378976
-13.981614 , -0.382217
-13.989243 , -0.380749
-13.996873 , -0.376622
-14.004503 , -0.370794
-14.012132 , -0.364966
-14.019762 , -0.358973
-14.027392 , -0.352979
-14.035021 , -0.357068
-14.042651 , -0.361157
-14.050281 , -0.365247
-14.05791 , -0.369337
-14.06554 , -0.372705
-14.07317 , -0.376075
-14.080799 , -0.380608
-14.088429 , -0.382481
-14.096059 , -0.382304
-14.103688 , -0.376809
-14.111318 , -0.367934
-14.118948 , -0.353741
-14.126577 , -0.335988
-14.134207 , -0.312916
-14.141837 , -0.286298
-14.149466 , -0.254362
-14.157096 , -0.21478
-14.164726 , -0.16988
-14.172355 , -0.122486
-14.179985 , -0.075093
-14.187615 , -0.029749
-14.195244 , 0.012935
-14.202874 , 0.05091
-14.210504 , 0.083567
-14.218133 , 0.110905
-14.225763 , 0.132924
-14.233393 , 0.150234
-14.241022 , 0.164884
-14.248652 , 0.181389
-14.256282 , 0.197894
-14.263911 , 0.214232
-14.271541 , 0.230571
-14.279171 , 0.246356
-14.2868 , 0.26214
-14.29443 , 0.277925
-14.30206 , 0.293709
-14.309689 , 0.318358
-14.317319 , 0.343008
-14.324949 , 0.367657
-14.332578 , 0.392305
-14.340208 , 0.4164
-14.347838 , 0.440495
-14.355467 , 0.464424
-14.363097 , 0.488353
-14.370727 , 0.508141
-14.378356 , 0.525269
-14.385986 , 0.537687
-14.393616 , 0.544788
-14.401245 , 0.545738
-14.408875 , 0.54137
-14.416505 , 0.533622
-14.424134 , 0.520556
-14.431764 , 0.505495
-14.439394 , 0.487775
-14.447023 , 0.467229
-14.454653 , 0.444024
-14.462283 , 0.418271
-14.469912 , 0.389857
-14.477542 , 0.358952
-14.485172 , 0.325386
-14.492801 , 0.286434
-14.500431 , 0.247483
-14.508061 , 0.208365
-14.51569 , 0.169247
-14.52332 , 0.129631
-14.53095 , 0.090014
-14.538579 , 0.051561
-14.546209 , 0.010449
-14.553839 , -0.044901
-14.561468 , -0.105571
-14.569098 , -0.160756
-14.576728 , -0.221259
-14.584357 , -0.297718
-14.591987 , -0.379496
-14.599617 , -0.455623
-14.607246 , -0.537068
-14.614876 , -0.629165
-14.622506 , -0.721262
-14.630135 , -0.814854
-14.637765 , -0.905787
-14.645395 , -0.988244
-14.653024 , -1.065382
-14.660654 , -1.132049
-14.668284 , -1.189851
-14.675913 , -1.24167
-14.683543 , -1.284624
-14.691173 , -1.318714
-14.698802 , -1.34394
-14.706432 , -1.360744
-14.714062 , -1.368684
-14.721691 , -1.367981
-14.729321 , -1.358414
-14.736951 , -1.341689
-14.74458 , -1.319645
-14.75221 , -1.292228
-14.75984 , -1.259492
-14.767469 , -1.225149
-14.775099 , -1.188147
-14.782729 , -1.152308
-14.790358 , -1.11647
-14.797988 , -1.079745
-14.805618 , -1.04302
-14.813247 , -1.005131
-14.820877 , -0.969902
-14.828507 , -0.951792
-14.836136 , -0.939001
-14.843766 , -0.920725
-14.851396 , -0.907768
-14.859025 , -0.903717
-14.866655 , -0.904984
-14.874285 , -0.903592
-14.881914 , -0.9022
-14.889544 , -0.90114
-14.897174 , -0.900081
-14.904803 , -0.899021
-14.912433 , -0.897962
-14.920063 , -0.879616
-14.927692 , -0.861271
-14.935322 , -0.842926
-14.942952 , -0.824581
-14.950581 , -0.806235
-14.958211 , -0.78789
-14.965841 , -0.769545
-14.97347 , -0.7512
-14.9811 , -0.740457
-14.98873 , -0.729714
-14.996359 , -0.718971
-15.003989 , -0.708228
-15.011619 , -0.697485
-15.019248 , -0.686742
-15.026878 , -0.675999
-15.034508 , -0.665256
-15.042137 , -0.667588
-15.049767 , -0.66992
-15.057397 , -0.672253
-15.065026 , -0.674585
-15.072656 , -0.687554
-15.080286 , -0.700523
-15.087915 , -0.713493
-15.095545 , -0.726462
-15.103175 , -0.743102
-15.110804 , -0.759742
-15.118434 , -0.777545
-15.126064 , -0.792689
-15.133693 , -0.790714
-15.141323 , -0.78342
-15.148953 , -0.78161
-15.156582 , -0.774483
-15.164212 , -0.752064
-15.171842 , -0.724326
-15.179472 , -0.701907
-15.187101 , -0.674169
-15.194731 , -0.630476
-15.202361 , -0.581463
-15.20999 , -0.537936
-15.21762 , -0.489089
-15.22525 , -0.426389
-15.232879 , -0.36103
-15.240509 , -0.298329
-15.248139 , -0.23297
-15.255768 , -0.169771
-15.263398 , -0.106572
-15.271028 , -0.042043
-15.278657 , 0.019826
-15.286287 , 0.081419
-15.293917 , 0.137692
-15.301546 , 0.188591
-15.309176 , 0.234172
-15.316806 , 0.265792
-15.324435 , 0.288547
-15.332065 , 0.302437
-15.339695 , 0.307463
-15.347324 , 0.3076
-15.354954 , 0.295327
-15.362584 , 0.271086
-15.370213 , 0.234436
-15.377843 , 0.181607
-15.385473 , 0.119915
-15.393102 , 0.049357
-15.400732 , -0.030064
-15.408362 , -0.114472
-15.415991 , -0.204198
-15.423621 , -0.291154
-15.431251 , -0.378111
-15.43888 , -0.463183
-15.44651 , -0.542937
-15.45414 , -0.619478
-15.461769 , -0.687154
-15.469399 , -0.74175
-15.477029 , -0.787482
-15.484658 , -0.824348
-15.492288 , -0.852351
-15.499918 , -0.872597
-15.507547 , -0.883979
-15.515177 , -0.884724
-15.522807 , -0.880149
-15.530436 , -0.871753
-15.538066 , -0.858037
-15.545696 , -0.837673
-15.553325 , -0.81465
-15.560955 , -0.788524
-15.568585 , -0.759738
-15.576214 , -0.73245
-15.583844 , -0.70516
-15.591474 , -0.678466
-15.599103 , -0.654432
-15.606733 , -0.626242
-15.614363 , -0.603372
-15.621992 , -0.596124
-15.629622 , -0.594195
-15.637252 , -0.588111
-15.644881 , -0.584687
-15.652511 , -0.580764
-15.660141 , -0.57684
-15.66777 , -0.573083
-15.6754 , -0.569326
-15.68303 , -0.565569
-15.690659 , -0.561812
-15.698289 , -0.558055
-15.705919 , -0.554298
-15.713548 , -0.538048
-15.721178 , -0.521798
-15.728808 , -0.505548
-15.736437 , -0.489297
-15.744067 , -0.473047
-15.751697 , -0.456797
-15.759326 , -0.440546
-15.766956 , -0.424296
-15.774586 , -0.392976
-15.782215 , -0.361656
-15.789845 , -0.330337
-15.797475 , -0.299016
-15.805104 , -0.267697
-15.812734 , -0.236377
-15.820364 , -0.205057
-15.827993 , -0.173737
-15.835623 , -0.141711
-15.843253 , -0.109684
-15.850882 , -0.077825
-15.858512 , -0.045965
-15.866142 , -0.012941
-15.873771 , 0.017423
-15.881401 , 0.051942
-15.889031 , 0.081143
-15.89666 , 0.088515
-15.90429 , 0.090569
-15.91192 , 0.096611
-15.919549 , 0.099994
-15.927179 , 0.106036
-15.934809 , 0.109419
-15.942438 , 0.114132
-15.950068 , 0.118845
-15.957698 , 0.111042
-15.965327 , 0.103239
-15.972957 , 0.095435
-15.980587 , 0.087632
-15.988216 , 0.079829
-15.995846 , 0.072026
-16.003476 , 0.064223
-16.011105 , 0.056419
-16.018735 , 0.041968
-16.026365 , 0.027517
-16.033994 , 0.013065
-16.041624 , -0.001386
-16.049254 , -0.015838
-16.056883 , -0.030289
-16.064513 , -0.044741
-16.072143 , -0.059192
-16.079772 , -0.074849
-16.087402 , -0.090505
-16.095032 , -0.107325
-16.102661 , -0.121485
-16.110291 , -0.118526
-16.117921 , -0.110249
-16.12555 , -0.107456
-16.13318 , -0.099345
-16.14081 , -0.081261
-16.148439 , -0.057859
-16.156069 , -0.039941
-16.163699 , -0.016705
-16.171328 , 0.013013
-16.178958 , 0.045391
-16.186588 , 0.076273
-16.194217 , 0.107155
-16.201847 , 0.132141
-16.209477 , 0.151809
-16.217106 , 0.177128
-16.224736 , 0.197129
-16.232366 , 0.201173
-16.239995 , 0.199899
-16.247625 , 0.203943
-16.255255 , 0.202669
-16.262884 , 0.183167
-16.270514 , 0.158347
-16.278144 , 0.137681
-16.285773 , 0.114357
-16.293403 , 0.092196
-16.301033 , 0.070035
-16.308662 , 0.047708
-16.316292 , 0.02538
-16.323922 , -0.001199
-16.331551 , -0.027779
-16.339181 , -0.054358
-16.346811 , -0.080937
-16.35444 , -0.107517
-16.36207 , -0.134097
-16.3697 , -0.160676
-16.377329 , -0.187255
-16.384959 , -0.217658
-16.392589 , -0.24806
-16.400218 , -0.279625
-16.407848 , -0.308532
-16.415478 , -0.320319
-16.423107 , -0.326787
-16.430737 , -0.339073
-16.438367 , -0.34604
-16.445997 , -0.341216
-16.453626 , -0.336392
-16.461256 , -0.331237
-16.468886 , -0.326081
-16.476515 , -0.320925
-16.484145 , -0.315769
-16.491775 , -0.310613
-16.499404 , -0.305457
-16.507034 , -0.310938
-16.514664 , -0.31642
-16.522293 , -0.321735
-16.529923 , -0.32705
-16.537553 , -0.333529
-16.545182 , -0.337348
-16.552812 , -0.345323
-16.560442 , -0.347979
-16.568071 , -0.330122
-16.575701 , -0.306946
-16.583331 , -0.289255
-16.59096 , -0.266246
-16.59859 , -0.226117
-16.60622 , -0.183329
-16.613849 , -0.14187
-16.621479 , -0.100411
-16.629109 , -0.067374
-16.636738 , -0.036996
-16.644368 , -0.002463
-16.651998 , 0.026752
-16.659627 , 0.040176
-16.667257 , 0.048282
-16.674887 , 0.061873
-16.682516 , 0.070146
-16.690146 , 0.068188
-16.697776 , 0.06357
-16.705405 , 0.060282
-16.713035 , 0.056994
-16.720665 , 0.053485
-16.728294 , 0.052635
-16.735924 , 0.04763
-16.743554 , 0.047943
-16.751183 , 0.055847
-16.758813 , 0.069069
-16.766443 , 0.092707
-16.774072 , 0.125209
-16.781702 , 0.1699
-16.789332 , 0.21991
-16.796961 , 0.275293
-16.804591 , 0.335996
-16.812221 , 0.401809
-16.81985 , 0.470282
-16.82748 , 0.537591
-16.83511 , 0.604899
-16.842739 , 0.67304
-16.850369 , 0.74118
-16.857999 , 0.80932
-16.865628 , 0.87746
-16.873258 , 0.955407
-16.880888 , 1.033353
-16.888517 , 1.112463
-16.896147 , 1.188913
-16.903777 , 1.256444
-16.911406 , 1.318656
-16.919036 , 1.370176
-16.926666 , 1.41283
-16.934295 , 1.446145
-16.941925 , 1.467049
-16.949555 , 1.475765
-16.957184 , 1.47207
-16.964814 , 1.454192
-16.972444 , 1.423904
-16.980073 , 1.386912
-16.987703 , 1.341056
-16.995333 , 1.284231
-17.002962 , 1.224745
-17.010592 , 1.165039
-17.018222 , 1.107991
-17.025851 , 1.066789
-17.033481 , 1.030905
-17.041111 , 0.989536
-17.04874 , 0.953486
-17.05637 , 0.943462
-17.064 , 0.938756
-17.071629 , 0.9284
-17.079259 , 0.923361
-17.086889 , 0.915664
-17.094518 , 0.907966
-17.102148 , 0.900601
-17.109778 , 0.893236
-17.117407 , 0.879223
-17.125037 , 0.865209
-17.132667 , 0.851196
-17.140296 , 0.837183
-17.147926 , 0.823169
-17.155556 , 0.809155
-17.163185 , 0.795142
-17.170815 , 0.781129
-17.178445 , 0.761866
-17.186074 , 0.742603
-17.193704 , 0.72334
-17.201334 , 0.704077
-17.208963 , 0.684814
-17.216593 , 0.665552
-17.224223 , 0.646289
-17.231852 , 0.627026
-17.239482 , 0.601115
-17.247112 , 0.575204
-17.254741 , 0.549293
-17.262371 , 0.523381
-17.270001 , 0.49747
-17.27763 , 0.471559
-17.28526 , 0.445814
-17.29289 , 0.420069
-17.300519 , 0.391789
-17.308149 , 0.366169
-17.315779 , 0.336394
-17.323408 , 0.311937
-17.331038 , 0.303104
-17.338668 , 0.299589
-17.346297 , 0.291919
-17.353927 , 0.286909
-17.361557 , 0.287383
-17.369186 , 0.287858
-17.376816 , 0.288498
-17.384446 , 0.289139
-17.392075 , 0.289779
-17.399705 , 0.29042
-17.407335 , 0.29106
-17.414964 , 0.291701
-17.422594 , 0.283071
-17.430224 , 0.27444
-17.437853 , 0.267028
-17.445483 , 0.256957
-17.453113 , 0.250597
-17.460742 , 0.239806
-17.468372 , 0.233447
-17.476002 , 0.222655
-17.483631 , 0.183166
-17.491261 , 0.13747
-17.498891 , 0.097482
-17.50652 , 0.053061
-17.51415 , 0.01141
-17.52178 , -0.030241
-17.529409 , -0.071891
-17.537039 , -0.113542
-17.544669 , -0.159916
-17.552298 , -0.201858
-17.559928 , -0.238647
-17.567558 , -0.269231
-17.575187 , -0.28685
-17.582817 , -0.296492
-17.590447 , -0.296605
-17.598076 , -0.288739
-17.605706 , -0.272785
-17.613336 , -0.250626
-17.620965 , -0.223314
-17.628595 , -0.19157
-17.636225 , -0.166807
-17.643854 , -0.142043
-17.651484 , -0.117003
-17.659114 , -0.091963
-17.666743 , -0.06253
-17.674373 , -0.033097
-17.682003 , -0.003664
-17.689633 , 0.025768
-17.697262 , 0.055035
-17.704892 , 0.084301
-17.712522 , 0.114897
-17.720151 , 0.142834
-17.727781 , 0.161297
-17.735411 , 0.177101
-17.74304 , 0.196339
-17.75067 , 0.211145
-17.7583 , 0.214982
-17.765929 , 0.212614
-17.773559 , 0.205813
-17.781189 , 0.192807
-17.788818 , 0.172918
-17.796448 , 0.14505
-17.804078 , 0.106767
-17.811707 , 0.062278
-17.819337 , 0.011308
-17.826967 , -0.044095
-17.834596 , -0.097392
-17.842226 , -0.15069
-17.849856 , -0.209084
-17.857485 , -0.267478
-17.865115 , -0.328089
-17.872745 , -0.384267
-17.880374 , -0.423991
-17.888004 , -0.459283
-17.895634 , -0.498286
-17.903263 , -0.53463
-17.910893 , -0.575666
-17.918523 , -0.616703
-17.926152 , -0.657739
-17.933782 , -0.698775
-17.941412 , -0.738315
-17.949041 , -0.780515
-17.956671 , -0.821218
-17.964301 , -0.861922
-17.97193 , -0.900964
-17.97956 , -0.940005
-17.98719 , -0.981041
-17.994819 , -1.017645
-18.002449 , -1.04821
-18.010079 , -1.070797
-18.017708 , -1.084852
-18.025338 , -1.089156
-18.032968 , -1.078737
-18.040597 , -1.06034
-18.048227 , -1.032192
-18.055857 , -0.996066
-18.063486 , -0.960826
-18.071116 , -0.919382
-18.078746 , -0.871787
-18.086375 , -0.821534
-18.094005 , -0.772388
-18.101635 , -0.723242
-18.109264 , -0.674097
-18.116894 , -0.624951
-18.124524 , -0.573811
-18.132153 , -0.52533
-18.139783 , -0.474023
-18.147413 , -0.425376
-18.155042 , -0.388772
-18.162672 , -0.354828
-18.170302 , -0.318335
-18.177931 , -0.284501
-18.185561 , -0.263631
-18.193191 , -0.247194
-18.20082 , -0.236075
-18.20845 , -0.231162
-18.21608 , -0.232121
-18.223709 , -0.241058
-18.231339 , -0.259525
-18.238969 , -0.285969
-18.246598 , -0.311084
-18.254228 , -0.342404
-18.261858 , -0.379873
-18.269487 , -0.420002
-18.277117 , -0.456821
-18.284747 , -0.493639
-18.292376 , -0.531954
-18.300006 , -0.567609
-18.307636 , -0.606754
-18.315265 , -0.64324
-18.322895 , -0.682552
-18.330525 , -0.719204
-18.338154 , -0.741674
-18.345784 , -0.764143
-18.353414 , -0.786446
-18.361043 , -0.808749
-18.368673 , -0.831052
-18.376303 , -0.853355
-18.383932 , -0.875659
-18.391562 , -0.897962
-18.399192 , -0.915565
-18.406821 , -0.93317
-18.414451 , -0.950774
-18.422081 , -0.968379
-18.42971 , -0.985982
-18.43734 , -1.003587
-18.44497 , -1.021191
-18.452599 , -1.038795
-18.460229 , -1.05507
-18.467859 , -1.071344
-18.475488 , -1.087453
-18.483118 , -1.103561
-18.490748 , -1.120833
-18.498377 , -1.135445
-18.506007 , -1.154213
-18.513637 , -1.167662
-18.521266 , -1.161346
-18.528896 , -1.149712
-18.536526 , -1.143395
-18.544155 , -1.131761
-18.551785 , -1.104337
-18.559415 , -1.071594
-18.567044 , -1.04284
-18.574674 , -1.011426
-18.582304 , -0.973032
-18.589933 , -0.931979
-18.597563 , -0.894914
-18.605193 , -0.852531
-18.612822 , -0.794525
-18.620452 , -0.731199
-18.628082 , -0.672029
-18.635711 , -0.6102
-18.643341 , -0.551642
-18.650971 , -0.493085
-18.6586 , -0.431924
-18.66623 , -0.376082
-18.67386 , -0.325225
-18.681489 , -0.283234
-18.689119 , -0.249885
-18.696749 , -0.2254
-18.704378 , -0.209337
-18.712008 , -0.202138
-18.719638 , -0.203582
-18.727267 , -0.21389
-18.734897 , -0.228077
-18.742527 , -0.247582
-18.750156 , -0.264317
-18.757786 , -0.281052
-18.765416 , -0.299796
-18.773045 , -0.313221
-18.780675 , -0.31634
-18.788305 , -0.310596
-18.795934 , -0.294657
-18.803564 , -0.269854
-18.811194 , -0.241671
-18.818823 , -0.20817
-18.826453 , -0.171954
-18.834083 , -0.133079
-18.841712 , -0.095366
-18.849342 , -0.057654
-18.856972 , -0.019112
-18.864601 , 0.019432
-18.872231 , 0.057974
-18.879861 , 0.096518
-18.88749 , 0.13188
-18.89512 , 0.167243
-18.90275 , 0.202605
-18.910379 , 0.237967
-18.918009 , 0.273164
-18.925639 , 0.30836
-18.933269 , 0.34472
-18.940898 , 0.37842
-18.948528 , 0.406082
-18.956158 , 0.428425
-18.963787 , 0.456253
-18.971417 , 0.478762
-18.979047 , 0.485481
-18.986676 , 0.486881
-18.994306 , 0.492437
-19.001936 , 0.495334
-19.009565 , 0.492732
-19.017195 , 0.490129
-19.024825 , 0.487361
-19.032454 , 0.484592
-19.040084 , 0.481824
-19.047714 , 0.479056
-19.055343 , 0.476287
-19.062973 , 0.473519
-19.070603 , 0.454351
-19.078232 , 0.435184
-19.085862 , 0.416016
-19.093492 , 0.396849
-19.101121 , 0.377681
-19.108751 , 0.358513
-19.116381 , 0.339346
-19.12401 , 0.320178
-19.13164 , 0.281614
-19.13927 , 0.243051
-19.146899 , 0.204487
-19.154529 , 0.165923
-19.162159 , 0.127359
-19.169788 , 0.088796
-19.177418 , 0.050232
-19.185048 , 0.011668
-19.192677 , -0.024735
-19.200307 , -0.061138
-19.207937 , -0.098704
-19.215566 , -0.133612
-19.223196 , -0.177549
-19.230826 , -0.216169
-19.238455 , -0.249414
-19.246085 , -0.27734
-19.253715 , -0.291014
-19.261344 , -0.295824
-19.268974 , -0.290218
-19.276604 , -0.279293
-19.284233 , -0.267648
-19.291863 , -0.250685
-19.299493 , -0.227239
-19.307122 , -0.201134
-19.314752 , -0.170874
-19.322382 , -0.140613
-19.330011 , -0.110187
-19.337641 , -0.07976
-19.345271 , -0.048669
-19.3529 , -0.017578
-19.36053 , 0.013514
-19.36816 , 0.044605
-19.375789 , 0.068156
-19.383419 , 0.091708
-19.391049 , 0.115259
-19.398678 , 0.13881
-19.406308 , 0.162362
-19.413938 , 0.185913
-19.421567 , 0.209298
-19.429197 , 0.232683
-19.436827 , 0.241719
-19.444456 , 0.248096
-19.452086 , 0.258627
-19.459716 , 0.263841
-19.467345 , 0.25343
-19.474975 , 0.237701
-19.482605 , 0.226127
-19.490234 , 0.211894
-19.497864 , 0.195209
-19.505494 , 0.178524
-19.513123 , 0.161673
-19.520753 , 0.144822
-19.528383 , 0.127971
-19.536012 , 0.111119
-19.543642 , 0.094268
-19.551272 , 0.077417
-19.558901 , 0.065442
-19.566531 , 0.053466
-19.574161 , 0.04149
-19.58179 , 0.029515
-19.58942 , 0.017539
-19.59705 , 0.005563
-19.604679 , -0.006413
-19.612309 , -0.018388
-19.619939 , -0.028598
-19.627568 , -0.038807
-19.635198 , -0.049017
-19.642828 , -0.059227
-19.650457 , -0.069437
-19.658087 , -0.079646
-19.665717 , -0.089856
-19.673346 , -0.100065
-19.680976 , -0.09166
-19.688606 , -0.083254
-19.696235 , -0.074849
-19.703865 , -0.066443
-19.711495 , -0.058037
-19.719124 , -0.049632
-19.726754 , -0.041226
-19.734384 , -0.03282
-19.742013 , -0.018445
-19.749643 , -0.00407
-19.757273 , 0.010305
-19.764902 , 0.024681
-19.772532 , 0.039056
-19.780162 , 0.053432
-19.787791 , 0.067807
-19.795421 , 0.082182
-19.803051 , 0.101433
-19.81068 , 0.120683
-19.81831 , 0.139934
-19.82594 , 0.159185
-19.833569 , 0.178435
-19.841199 , 0.197686
-19.848829 , 0.216771
-19.856458 , 0.235855
-19.864088 , 0.249458
-19.871718 , 0.260402
-19.879347 , 0.275501
-19.886977 , 0.285281
-19.894607 , 0.279272
-19.902236 , 0.267944
-19.909866 , 0.261934
-19.917496 , 0.250606
-19.925125 , 0.222602
-19.932755 , 0.189279
-19.940385 , 0.160111
-19.948014 , 0.128284
-19.955644 , 0.099061
-19.963274 , 0.069838
-19.970903 , 0.03801
-19.978533 , 0.011502
-19.986163 , -0.012887
-19.993792 , -0.028412
-20.001422 , -0.035516
-20.009052 , -0.033755
-20.016681 , -0.019751
-20.024311 , -0.000427
-20.031941 , 0.0256
-20.03957 , 0.054286
-20.0472 , 0.076048
-20.05483 , 0.097809
-20.062459 , 0.11957
-20.070089 , 0.141331
-20.077719 , 0.164921
-20.085348 , 0.185851
-20.092978 , 0.210936
-20.100608 , 0.230703
-20.108237 , 0.229299
-20.115867 , 0.222576
-20.123497 , 0.221172
-20.131126 , 0.214449
-20.138756 , 0.191936
-20.146386 , 0.164105
-20.154015 , 0.140429
-20.161645 , 0.114094
-20.169275 , 0.089919
-20.176904 , 0.065744
-20.184534 , 0.038744
-20.192164 , 0.017063
-20.199794 , 0.002362
-20.207423 , -0.00702
-20.215053 , -0.005765
-20.222683 , 0.004355
-20.230312 , 0.020638
-20.237942 , 0.045786
-20.245572 , 0.079576
-20.253201 , 0.122231
-20.260831 , 0.177573
-20.268461 , 0.238234
-20.27609 , 0.305432
-20.28372 , 0.37529
-20.29135 , 0.437391
-20.298979 , 0.496833
-20.306609 , 0.55151
-20.314239 , 0.597323
-20.321868 , 0.637762
-20.329498 , 0.665791
-20.337128 , 0.681631
-20.344757 , 0.685061
-20.352387 , 0.679015
-20.360017 , 0.660559
-20.367646 , 0.628141
-20.375276 , 0.586859
-20.382906 , 0.536214
-20.390535 , 0.48025
-20.398165 , 0.417749
-20.405795 , 0.352589
-20.413424 , 0.292747
-20.421054 , 0.235564
-20.428684 , 0.184919
-20.436313 , 0.139593
-20.443943 , 0.092328
-20.451573 , 0.053926
-20.459202 , 0.023947
-20.466832 , 0.002831
-20.474462 , -0.006885
-20.482091 , -0.011282
-20.489721 , -0.008976
-20.497351 , -0.004011
-20.50498 , -0.005085
-20.51261 , -0.006158
-20.52024 , -0.007065
-20.527869 , -0.007972
-20.535499 , -0.002286
-20.543129 , 0.003399
-20.550758 , 0.007921
-20.558388 , 0.015103
-20.566018 , 0.039404
-20.573647 , 0.069024
-20.581277 , 0.093159
-20.588907 , 0.122612
-20.596536 , 0.160295
-20.604166 , 0.203296
-20.611796 , 0.240812
-20.619425 , 0.283647
-20.627055 , 0.342937
-20.634685 , 0.404885
-20.642314 , 0.465505
-20.649944 , 0.526124
-20.657574 , 0.592948
-20.665203 , 0.657113
-20.672833 , 0.714574
-20.680463 , 0.766717
-20.688092 , 0.805508
-20.695722 , 0.835434
-20.703352 , 0.856717
-20.710981 , 0.869136
-20.718611 , 0.875696
-20.726241 , 0.873392
-20.73387 , 0.860616
-20.7415 , 0.842522
-20.74913 , 0.815951
-20.756759 , 0.786721
-20.764389 , 0.758654
-20.772019 , 0.730587
-20.779648 , 0.717646
-20.787278 , 0.704704
-20.794908 , 0.691762
-20.802537 , 0.678821
-20.810167 , 0.665879
-20.817797 , 0.652937
-20.825426 , 0.639829
-20.833056 , 0.626721
-20.840686 , 0.613741
-20.848315 , 0.598103
-20.855945 , 0.586785
-20.863575 , 0.570148
-20.871204 , 0.536559
-20.878834 , 0.500309
-20.886464 , 0.465224
-20.894093 , 0.430139
-20.901723 , 0.396383
-20.909353 , 0.362627
-20.916982 , 0.327708
-20.924612 , 0.295448
-20.932242 , 0.280307
-20.939871 , 0.270485
-20.947501 , 0.255178
-20.955131 , 0.245191
-20.96276 , 0.242585
-20.97039 , 0.245298
-20.97802 , 0.242692
-20.985649 , 0.245405
-20.993279 , 0.263908
-21.000909 , 0.287729
-21.008538 , 0.307562
-21.016168 , 0.330054
-21.023798 , 0.36141
-21.031427 , 0.395425
-21.039057 , 0.428111
-21.046687 , 0.460797
-21.054316 , 0.493649
-21.061946 , 0.526501
-21.069576 , 0.559353
-21.077205 , 0.592206
-21.084835 , 0.624512
-21.092465 , 0.656819
-21.100094 , 0.68896
-21.107724 , 0.7211
-21.115354 , 0.754404
-21.122983 , 0.785048
-21.130613 , 0.819849
-21.138243 , 0.849329
-21.145872 , 0.85327
-21.153502 , 0.851892
-21.161132 , 0.856165
-21.168761 , 0.855119
-21.176391 , 0.856733
-21.184021 , 0.858346
-21.19165 , 0.859627
-21.19928 , 0.860909
-21.20691 , 0.85863
-21.214539 , 0.856352
-21.222169 , 0.854074
-21.229799 , 0.851795
-21.237428 , 0.849516
-21.245058 , 0.847238
-21.252688 , 0.84496
-21.260317 , 0.842681
-21.267947 , 0.834198
-21.275577 , 0.825714
-21.283206 , 0.817231
-21.290836 , 0.808747
-21.298466 , 0.800263
-21.306095 , 0.79178
-21.313725 , 0.783297
-21.321355 , 0.774813
-21.328984 , 0.766009
-21.336614 , 0.757205
-21.344244 , 0.748401
-21.351873 , 0.739597
-21.359503 , 0.730793
-21.367133 , 0.72199
-21.374762 , 0.713186
-21.382392 , 0.704382
-21.390022 , 0.691146
-21.397651 , 0.67791
-21.405281 , 0.664674
-21.412911 , 0.651438
-21.42054 , 0.638202
-21.42817 , 0.624966
-21.4358 , 0.61173
-21.44343 , 0.598494
-21.451059 , 0.571864
-21.458689 , 0.545234
-21.466319 , 0.518605
-21.473948 , 0.491975
-21.481578 , 0.465345
-21.489208 , 0.438716
-21.496837 , 0.412086
-21.504467 , 0.385457
-21.512097 , 0.34553
-21.519726 , 0.305604
-21.527356 , 0.265677
-21.534986 , 0.225751
-21.542615 , 0.185825
-21.550245 , 0.145898
-21.557875 , 0.105972
-21.565504 , 0.066046
-21.573134 , 0.028869
-21.580764 , -0.008308
-21.588393 , -0.045485
-21.596023 , -0.082662
-21.603653 , -0.119839
-21.611282 , -0.157016
-21.618912 , -0.194193
-21.626542 , -0.23137
-21.634171 , -0.264558
-21.641801 , -0.297746
-21.649431 , -0.330934
-21.65706 , -0.364121
-21.66469 , -0.39731
-21.67232 , -0.430498
-21.679949 , -0.463686
-21.687579 , -0.496873
-21.695209 , -0.523787
-21.702838 , -0.550701
-21.710468 , -0.578778
-21.718098 , -0.604196
-21.725727 , -0.612494
-21.733357 , -0.615473
-21.740987 , -0.623938
-21.748616 , -0.627084
-21.756246 , -0.619592
-21.763876 , -0.606782
-21.771505 , -0.599291
-21.779135 , -0.586481
-21.786765 , -0.557714
-21.794394 , -0.52363
-21.802024 , -0.495029
-21.809654 , -0.461111
-21.817283 , -0.426131
-21.824913 , -0.388492
-21.832543 , -0.352349
-21.840172 , -0.316205
-21.847802 , -0.277458
-21.855432 , -0.24403
-21.863061 , -0.203177
-21.870691 , -0.171189
-21.878321 , -0.171556
-21.88595 , -0.180787
-21.89358 , -0.182595
-21.90121 , -0.189721
-21.908839 , -0.194243
-21.916469 , -0.198765
-21.924099 , -0.204783
-21.931728 , -0.208142
-21.939358 , -0.207803
-21.946988 , -0.202145
-21.954617 , -0.20175
-21.962247 , -0.196037
-21.969877 , -0.162179
-21.977506 , -0.119456
-21.985136 , -0.084047
-21.992766 , -0.043319
-22.000395 , 0.017852
-22.008025 , 0.084342
-22.015655 , 0.146844
-22.023284 , 0.212004
-22.030914 , 0.274506
-22.038544 , 0.339666
-22.046173 , 0.403497
-22.053803 , 0.467328
-22.061433 , 0.53754
-22.069062 , 0.607753
-22.076692 , 0.679129
-22.084322 , 0.747846
-22.091951 , 0.808085
-22.099581 , 0.863007
-22.107211 , 0.907457
-22.11484 , 0.943043
-22.12247 , 0.97597
-22.1301 , 1.000032
-22.137729 , 1.015451
-22.145359 , 1.022006
-22.152989 , 1.015209
-22.160618 , 1.003093
-22.168248 , 0.984107
-22.175878 , 0.962462
-22.183507 , 0.934016
-22.191137 , 0.902911
-22.198767 , 0.874299
-22.206396 , 0.843028
-22.214026 , 0.81508
-22.221656 , 0.781815
-22.229285 , 0.754034
-22.236915 , 0.720934
-22.244545 , 0.66185
-22.252174 , 0.597448
-22.259804 , 0.537201
-22.267434 , 0.474295
-22.275063 , 0.412552
-22.282693 , 0.350809
-22.290323 , 0.2889
-22.297952 , 0.226991
-22.305582 , 0.165462
-22.313212 , 0.103934
-22.320841 , 0.042572
-22.328471 , -0.01879
-22.336101 , -0.080706
-22.34373 , -0.139962
-22.35136 , -0.202931
-22.35899 , -0.261467
-22.366619 , -0.309699
-22.374249 , -0.353498
-22.381879 , -0.391203
-22.389508 , -0.424476
-22.397138 , -0.44617
-22.404768 , -0.465204
-22.412397 , -0.485457
-22.420027 , -0.50571
-22.427657 , -0.531628
-22.435286 , -0.557547
-22.442916 , -0.583631
-22.450546 , -0.609715
-22.458175 , -0.633638
-22.465805 , -0.660222
-22.473435 , -0.685143
-22.481064 , -0.710063
-22.488694 , -0.740247
-22.496324 , -0.767772
-22.503953 , -0.789147
-22.511583 , -0.804317
-22.519213 , -0.820817
-22.526842 , -0.829339
-22.534472 , -0.82822
-22.542102 , -0.819123
-22.549731 , -0.791751
-22.557361 , -0.756401
-22.564991 , -0.716895
-22.57262 , -0.672957
-22.58025 , -0.637274
-22.58788 , -0.601592
-22.595509 , -0.563637
-22.603139 , -0.530115
-22.610769 , -0.496538
-22.618398 , -0.470938
-22.626028 , -0.454757
-22.633658 , -0.446554
-22.641287 , -0.449875
-22.648917 , -0.459401
-22.656547 , -0.47491
-22.664176 , -0.493078
-22.671806 , -0.508131
-22.679436 , -0.520524
-22.687066 , -0.526822
-22.694695 , -0.526916
-22.702325 , -0.515707
-22.709955 , -0.494748
-22.717584 , -0.466142
-22.725214 , -0.427786
-22.732844 , -0.383558
-22.740473 , -0.331351
-22.748103 , -0.275709
-22.755733 , -0.213862
-22.763362 , -0.140935
-22.770992 , -0.065349
-22.778622 , 0.010238
-22.786251 , 0.083165
-22.793881 , 0.149642
-22.801511 , 0.209913
-22.80914 , 0.26686
-22.81677 , 0.315829
-22.8244 , 0.35272
-22.832029 , 0.381634
-22.839659 , 0.400907
-22.847289 , 0.412202
-22.854918 , 0.411419
-22.862548 , 0.404432
-22.870178 , 0.392292
-22.877807 , 0.37572
-22.885437 , 0.366128
-22.893067 , 0.356536
-22.900696 , 0.346834
-22.908326 , 0.337132
-22.915956 , 0.330296
-22.923585 , 0.32612
-22.931215 , 0.319118
-22.938845 , 0.314776
-22.946474 , 0.307775
-22.954104 , 0.303432
-22.961734 , 0.296431
-22.969363 , 0.292089
-22.976993 , 0.305476
-22.984623 , 0.321522
-22.992252 , 0.334908
-22.999882 , 0.350955
-23.007512 , 0.364341
-23.015141 , 0.380387
-23.022771 , 0.393608
-23.030401 , 0.409487
-23.03803 , 0.435966
-23.04566 , 0.462445
-23.05329 , 0.48909
-23.060919 , 0.515736
-23.068549 , 0.542381
-23.076179 , 0.569026
-23.083808 , 0.595672
-23.091438 , 0.622317
-23.099068 , 0.648962
-23.106697 , 0.675607
-23.114327 , 0.702252
-23.121957 , 0.728898
-23.129586 , 0.755543
-23.137216 , 0.782188
-23.144846 , 0.808667
-23.152475 , 0.835146
-23.160105 , 0.848731
-23.167735 , 0.859655
-23.175364 , 0.873405
-23.182994 , 0.884496
-23.190624 , 0.898247
-23.198253 , 0.909338
-23.205883 , 0.922977
-23.213513 , 0.933957
-23.221142 , 0.922887
-23.228772 , 0.907384
-23.236402 , 0.895539
-23.244031 , 0.881034
-23.251661 , 0.869243
-23.259291 , 0.854794
-23.26692 , 0.841673
-23.27455 , 0.828554
-23.28218 , 0.817745
-23.289809 , 0.806936
-23.297439 , 0.794797
-23.305069 , 0.785318
-23.312698 , 0.773014
-23.320328 , 0.763369
-23.327958 , 0.750898
-23.335587 , 0.741086
-23.343217 , 0.739031
-23.350847 , 0.736976
-23.358476 , 0.73481
-23.366106 , 0.732645
-23.373736 , 0.738678
-23.381365 , 0.74028
-23.388995 , 0.735953
-23.396625 , 0.727194
-23.404254 , 0.699474
-23.411884 , 0.667321
-23.419514 , 0.638881
-23.427143 , 0.60778
-23.434773 , 0.577235
-23.442403 , 0.546689
-23.450032 , 0.516143
-23.457662 , 0.485597
-23.465292 , 0.467018
-23.472921 , 0.451098
-23.480551 , 0.432353
-23.488181 , 0.416267
-23.49581 , 0.397522
-23.50344 , 0.381436
-23.51107 , 0.362691
-23.518699 , 0.346605
-23.526329 , 0.347928
-23.533959 , 0.35191
-23.541588 , 0.354562
-23.549218 , 0.357215
-23.556848 , 0.360199
-23.564477 , 0.363184
-23.572107 , 0.36484
-23.579737 , 0.369154
-23.587366 , 0.388815
-23.594996 , 0.411136
-23.602626 , 0.43063
-23.610255 , 0.452785
-23.617885 , 0.472778
-23.625515 , 0.492772
-23.633144 , 0.514039
-23.640774 , 0.532648
-23.648404 , 0.55235
-23.656033 , 0.565847
-23.663663 , 0.576021
-23.671293 , 0.578216
-23.678922 , 0.565121
-23.686552 , 0.544047
-23.694182 , 0.519538
-23.701811 , 0.488824
-23.709441 , 0.450132
-23.717071 , 0.407008
-23.7247 , 0.367485
-23.73233 , 0.325303
-23.73996 , 0.284506
-23.747589 , 0.243709
-23.755219 , 0.201526
-23.762849 , 0.162004
-23.770478 , 0.127356
-23.778108 , 0.097141
-23.785738 , 0.072022
-23.793367 , 0.053109
-23.800997 , 0.037963
-23.808627 , 0.02725
-23.816256 , 0.023573
-23.823886 , 0.022555
-23.831516 , 0.026966
-23.839145 , 0.031378
-23.846775 , 0.035955
-23.854405 , 0.040533
-23.862034 , 0.045775
-23.869664 , 0.051018
-23.877294 , 0.05626
-23.884923 , 0.061503
-23.892553 , 0.06169
-23.900183 , 0.061877
-23.907812 , 0.063394
-23.915442 , 0.062251
-23.923072 , 0.063933
-23.930701 , 0.062957
-23.938331 , 0.064806
-23.945961 , 0.063996
-23.953591 , 0.053435
-23.96122 , 0.042874
-23.96885 , 0.032146
-23.97648 , 0.021419
-23.984109 , 0.010692
-23.991739 , -0.000036
-23.999369 , -0.010929
-24.006998 , -0.021823
-24.014628 , -0.030656
-24.022258 , -0.042147
-24.029887 , -0.050923
-24.037517 , -0.062359
-24.045147 , -0.085541
-24.052776 , -0.113154
-24.060406 , -0.146862
-24.068036 , -0.185001
-24.075665 , -0.232118
-24.083295 , -0.283665
-24.090925 , -0.3315
-24.098554 , -0.381994
-24.106184 , -0.431272
-24.113814 , -0.480547
-24.121443 , -0.529822
-24.129073 , -0.579098
-24.136703 , -0.631381
-24.144332 , -0.681003
-24.151962 , -0.723588
-24.159592 , -0.761742
-24.167221 , -0.798789
-24.174851 , -0.829629
-24.182481 , -0.849943
-24.19011 , -0.862278
-24.19774 , -0.868522
-24.20537 , -0.866786
-24.212999 , -0.855409
-24.220629 , -0.836054
-24.228259 , -0.803405
-24.235888 , -0.764548
-24.243518 , -0.719542
-24.251148 , -0.671877
-24.258777 , -0.628235
-24.266407 , -0.584591
-24.274037 , -0.540782
-24.281666 , -0.496972
-24.289296 , -0.453773
-24.296926 , -0.410573
-24.304555 , -0.36621
-24.312185 , -0.324505
-24.319815 , -0.290171
-24.327444 , -0.261154
-24.335074 , -0.242608
-24.342704 , -0.232926
-24.350333 , -0.230338
-24.357963 , -0.236612
-24.365593 , -0.25153
-24.373222 , -0.275311
-24.380852 , -0.308451
-24.388482 , -0.346907
-24.396111 , -0.390571
-24.403741 , -0.439554
-24.411371 , -0.491642
-24.419 , -0.543727
-24.42663 , -0.596145
-24.43426 , -0.648563
-24.441889 , -0.698766
-24.449519 , -0.748968
-24.457149 , -0.799004
-24.464778 , -0.849039
-24.472408 , -0.889603
-24.480038 , -0.927505
-24.487667 , -0.969563
-24.495297 , -1.006301
-24.502927 , -1.028747
-24.510556 , -1.045873
-24.518186 , -1.068484
-24.525816 , -1.085777
-24.533445 , -1.096421
-24.541075 , -1.104406
-24.548705 , -1.114884
-24.556334 , -1.122703
-24.563964 , -1.122322
-24.571594 , -1.119282
-24.579223 , -1.119067
-24.586853 , -1.116193
-24.594483 , -1.104011
-24.602112 , -1.091829
-24.609742 , -1.079482
-24.617372 , -1.067134
-24.625001 , -1.047161
-24.632631 , -1.027188
-24.640261 , -1.007215
-24.64789 , -0.987243
-24.65552 , -0.967935
-24.66315 , -0.948627
-24.670779 , -0.929486
-24.678409 , -0.910344
-24.686039 , -0.895358
-24.693668 , -0.88303
-24.701298 , -0.877407
-24.708928 , -0.877102
-24.716557 , -0.875524
-24.724187 , -0.882809
-24.731817 , -0.898516
-24.739446 , -0.923087
-24.747076 , -0.956573
-24.754706 , -0.995375
-24.762335 , -1.039387
-24.769965 , -1.088717
-24.777595 , -1.14115
-24.785224 , -1.193582
-24.792854 , -1.246348
-24.800484 , -1.299112
-24.808113 , -1.343678
-24.815743 , -1.388243
-24.823373 , -1.432809
-24.831002 , -1.477374
-24.838632 , -1.510471
-24.846262 , -1.543568
-24.853891 , -1.577829
-24.861521 , -1.609429
-24.869151 , -1.636758
-24.87678 , -1.658767
-24.88441 , -1.677176
-24.89204 , -1.68672
-24.899669 , -1.690059
-24.907299 , -1.680987
-24.914929 , -1.659728
-24.922558 , -1.626057
-24.930188 , -1.58441
-24.937818 , -1.530351
-24.945447 , -1.462332
-24.953077 , -1.385447
-24.960707 , -1.298535
-24.968336 , -1.206304
-24.975966 , -1.10737
-24.983596 , -1.005775
-24.991225 , -0.913244
-24.998855 , -0.820711
-25.006485 , -0.725354
-25.014114 , -0.635314
-25.021744 , -0.560235
-25.029374 , -0.490473
-25.037003 , -0.415393
-25.044633 , -0.345631
-25.052263 , -0.296923
-25.059892 , -0.253532
-25.067522 , -0.204659
-25.075152 , -0.161102
-25.082781 , -0.124693
-25.090411 , -0.090943
-25.098041 , -0.056197
-25.10567 , -0.021449
-25.1133 , 0.009717
-25.12093 , 0.038225
-25.128559 , 0.060028
-25.136189 , 0.076513
-25.143819 , 0.094272
-25.151448 , 0.103168
-25.159078 , 0.103418
-25.166708 , 0.094807
-25.174337 , 0.07755
-25.181967 , 0.051432
-25.189597 , 0.021932
-25.197227 , -0.012886
-25.204856 , -0.059505
-25.212486 , -0.108783
-25.220116 , -0.156732
-25.227745 , -0.204679
-25.235375 , -0.248181
-25.243005 , -0.289021
-25.250634 , -0.32316
-25.258264 , -0.351978
-25.265894 , -0.382072
-25.273523 , -0.4033
-25.281153 , -0.416109
-25.288783 , -0.420051
-25.296412 , -0.414687
-25.304042 , -0.404003
-25.311672 , -0.388113
-25.319301 , -0.366902
-25.326931 , -0.342757
-25.334561 , -0.31861
-25.34219 , -0.292969
-25.34982 , -0.269986
-25.35745 , -0.251942
-25.365079 , -0.239214
-25.372709 , -0.221004
-25.380339 , -0.208111
-25.387968 , -0.211175
-25.395598 , -0.219557
-25.403228 , -0.222455
-25.410857 , -0.23067
-25.418487 , -0.247752
-25.426117 , -0.267491
-25.433746 , -0.284738
-25.441376 , -0.304643
-25.449006 , -0.332528
-25.456635 , -0.363071
-25.464265 , -0.39079
-25.471895 , -0.421165
-25.479524 , -0.456997
-25.487154 , -0.492829
-25.494784 , -0.529991
-25.502413 , -0.564493
-25.510043 , -0.586529
-25.517673 , -0.603247
-25.525302 , -0.616585
-25.532932 , -0.621059
-25.540562 , -0.619328
-25.548191 , -0.608732
-25.555821 , -0.589493
-25.563451 , -0.56139
-25.57108 , -0.534561
-25.57871 , -0.502414
-25.58634 , -0.463562
-25.593969 , -0.422052
-25.601599 , -0.378014
-25.609229 , -0.333976
-25.616858 , -0.288608
-25.624488 , -0.245899
-25.632118 , -0.209008
-25.639747 , -0.177435
-25.647377 , -0.140212
-25.655007 , -0.108306
-25.662636 , -0.09064
-25.670266 , -0.075633
-25.677896 , -0.059462
-25.685525 , -0.043292
-25.693155 , -0.027287
-25.700785 , -0.011282
-25.708414 , 0.004722
-25.716044 , 0.020726
-25.723674 , 0.035161
-25.731303 , 0.049596
-25.738933 , 0.064031
-25.746563 , 0.078466
-25.754192 , 0.092734
-25.761822 , 0.107004
-25.769452 , 0.122436
-25.777081 , 0.135209
-25.784711 , 0.139726
-25.792341 , 0.138927
-25.79997 , 0.143776
-25.8076 , 0.143308
-25.81523 , 0.12572
-25.822859 , 0.105474
-25.830489 , 0.086389
-25.838119 , 0.067306
-25.845748 , 0.046664
-25.853378 , 0.026022
-25.861008 , 0.004216
-25.868637 , -0.014929
-25.876267 , -0.016956
-25.883897 , -0.013663
-25.891526 , -0.015857
-25.899156 , -0.01273
-25.906786 , 0.001698
-25.914415 , 0.021445
-25.922045 , 0.03554
-25.929675 , 0.054955
-25.937304 , 0.082346
-25.944934 , 0.109739
-25.952564 , 0.137131
-25.960193 , 0.164524
-25.967823 , 0.185085
-25.975453 , 0.200328
-25.983082 , 0.221
-25.990712 , 0.236354
-25.998342 , 0.223563
-26.005971 , 0.201907
-26.013601 , 0.187731
-26.021231 , 0.168236
-26.02886 , 0.140043
-26.03649 , 0.10919
-26.04412 , 0.079668
-26.051749 , 0.050145
-26.059379 , 0.019293
-26.067009 , -0.0089
-26.074638 , -0.041248
-26.082268 , -0.068278
-26.089898 , -0.077281
-26.097527 , -0.080966
-26.105157 , -0.089968
-26.112787 , -0.093653
-26.120416 , -0.086256
-26.128046 , -0.073541
-26.135676 , -0.055286
-26.143305 , -0.031712
-26.150935 , 0.000947
-26.158565 , 0.042472
-26.166194 , 0.092418
-26.173824 , 0.151227
-26.181454 , 0.208098
-26.189083 , 0.270288
-26.196713 , 0.339015
-26.204343 , 0.410401
-26.211972 , 0.488763
-26.219602 , 0.564466
-26.227232 , 0.634074
-26.234861 , 0.697477
-26.242491 , 0.749135
-26.250121 , 0.791042
-26.25775 , 0.825193
-26.26538 , 0.849593
-26.27301 , 0.863909
-26.280639 , 0.868474
-26.288269 , 0.864286
-26.295899 , 0.85212
-26.303528 , 0.840619
-26.311158 , 0.822913
-26.318788 , 0.799888
-26.326417 , 0.77243
-26.334047 , 0.730949
-26.341677 , 0.686809
-26.349306 , 0.645383
-26.356936 , 0.601298
-26.364566 , 0.557878
-26.372195 , 0.514458
-26.379825 , 0.471038
-26.387455 , 0.427618
-26.395084 , 0.391289
-26.402714 , 0.35762
-26.410344 , 0.321125
-26.417973 , 0.28729
-26.425603 , 0.250795
-26.433233 , 0.216959
-26.440863 , 0.180298
-26.448492 , 0.146297
-26.456122 , 0.131953
-26.463752 , 0.117609
-26.471381 , 0.102101
-26.479011 , 0.089252
-26.486641 , 0.073689
-26.49427 , 0.060786
-26.5019 , 0.044226
-26.50953 , 0.032098
-26.517159 , 0.036535
-26.524789 , 0.043632
-26.532419 , 0.04951
-26.540048 , 0.055387
-26.547678 , 0.061265
-26.555308 , 0.067143
-26.562937 , 0.074351
-26.570567 , 0.078899
-26.578197 , 0.073191
-26.585826 , 0.064824
-26.593456 , 0.059281
-26.601086 , 0.05108
-26.608715 , 0.044375
-26.616345 , 0.037669
-26.623975 , 0.029579
-26.631604 , 0.024148
-26.639234 , 0.025753
-26.646864 , 0.03179
-26.654493 , 0.032397
-26.662123 , 0.03921
-26.669753 , 0.06076
-26.677382 , 0.088515
-26.685012 , 0.111672
-26.692642 , 0.137487
-26.700271 , 0.16558
-26.707901 , 0.193675
-26.715531 , 0.223928
-26.72316 , 0.249751
-26.73079 , 0.270087
-26.73842 , 0.282447
-26.746049 , 0.285276
-26.753679 , 0.280129
-26.761309 , 0.269107
-26.768938 , 0.250109
-26.776568 , 0.227786
-26.784198 , 0.199258
-26.791827 , 0.158818
-26.799457 , 0.11572
-26.807087 , 0.073728
-26.814716 , 0.031738
-26.822346 , -0.012616
-26.829976 , -0.056967
-26.837605 , -0.101154
-26.845235 , -0.14534
-26.852865 , -0.179444
-26.860494 , -0.210886
-26.868124 , -0.245932
-26.875754 , -0.276544
-26.883383 , -0.299401
-26.891013 , -0.316051
-26.898643 , -0.329268
-26.906272 , -0.334506
-26.913902 , -0.328442
-26.921532 , -0.314399
-26.929161 , -0.289832
-26.936791 , -0.259058
-26.944421 , -0.224638
-26.95205 , -0.185785
-26.95968 , -0.14904
-26.96731 , -0.112292
-26.974939 , -0.074438
-26.982569 , -0.036582
-26.990199 , 0.003488
-26.997828 , 0.039127
-27.005458 , 0.064404
-27.013088 , 0.085251
-27.020717 , 0.11064
-27.028347 , 0.131598
-27.035977 , 0.134991
-27.043606 , 0.135727
-27.051236 , 0.13768
-27.058866 , 0.139635
-27.066495 , 0.144309
-27.074125 , 0.148985
-27.081755 , 0.15366
-27.089384 , 0.158336
-27.097014 , 0.163011
-27.104644 , 0.167687
-27.112273 , 0.172362
-27.119903 , 0.177038
-27.127533 , 0.179053
-27.135162 , 0.18107
-27.142792 , 0.183086
-27.150422 , 0.185103
-27.158051 , 0.187118
-27.165681 , 0.189135
-27.173311 , 0.191317
-27.18094 , 0.1935
-27.18857 , 0.202437
-27.1962 , 0.214034
-27.203829 , 0.221918
-27.211459 , 0.234235
-27.219089 , 0.263172
-27.226718 , 0.296542
-27.234348 , 0.3262
-27.241978 , 0.358517
-27.249607 , 0.39654
-27.257237 , 0.434564
-27.264867 , 0.473973
-27.272496 , 0.510722
-27.280126 , 0.54531
-27.287756 , 0.575467
-27.295385 , 0.600305
-27.303015 , 0.618937
-27.310645 , 0.62874
-27.318274 , 0.630565
-27.325904 , 0.621863
-27.333534 , 0.606956
-27.341163 , 0.592271
-27.348793 , 0.571381
-27.356423 , 0.545172
-27.364052 , 0.514531
-27.371682 , 0.46882
-27.379312 , 0.418677
-27.386941 , 0.372246
-27.394571 , 0.323156
-27.402201 , 0.27462
-27.40983 , 0.226084
-27.41746 , 0.177547
-27.42509 , 0.129011
-27.432719 , 0.085176
-27.440349 , 0.044001
-27.447979 , -0.000001
-27.455608 , -0.041342
-27.463238 , -0.074707
-27.470868 , -0.10541
-27.478497 , -0.138664
-27.486127 , -0.169256
-27.493757 , -0.187441
-27.501386 , -0.201191
-27.509016 , -0.219486
-27.516646 , -0.233347
-27.524275 , -0.230367
-27.531905 , -0.222954
-27.539535 , -0.220251
-27.547164 , -0.213115
-27.554794 , -0.197718
-27.562424 , -0.182319
-27.570053 , -0.166812
-27.577683 , -0.151302
-27.585313 , -0.145214
-27.592942 , -0.141782
-27.600572 , -0.134751
-27.608202 , -0.132151
-27.615831 , -0.142184
-27.623461 , -0.15842
-27.631091 , -0.169118
-27.63872 , -0.184247
-27.64635 , -0.21705
-27.65398 , -0.252511
-27.661609 , -0.286755
-27.669239 , -0.320998
-27.676869 , -0.351386
-27.684498 , -0.381774
-27.692128 , -0.413492
-27.699758 , -0.442551
-27.707388 , -0.463798
-27.715017 , -0.482386
-27.722647 , -0.503633
-27.730277 , -0.52222
-27.737906 , -0.533273
-27.745536 , -0.541667
-27.753166 , -0.552608
-27.760795 , -0.560891
-27.768425 , -0.562082
-27.776055 , -0.558841
-27.783684 , -0.560033
-27.791314 , -0.556792
-27.798944 , -0.538682
-27.806573 , -0.514367
-27.814203 , -0.495592
-27.821833 , -0.472385
-27.829462 , -0.431505
-27.837092 , -0.387966
-27.844722 , -0.345645
-27.852351 , -0.303324
-27.859981 , -0.264992
-27.867611 , -0.226661
-27.87524 , -0.186999
-27.88287 , -0.149997
-27.8905 , -0.120807
-27.898129 , -0.094276
-27.905759 , -0.065085
-27.913389 , -0.038555
-27.921018 , -0.016477
-27.928648 , 0.002944
-27.936278 , 0.025908
-27.943907 , 0.044442
-27.951537 , 0.046354
-27.959167 , 0.043835
-27.966796 , 0.045026
-27.974426 , 0.043559
-27.982056 , 0.03644
-27.989685 , 0.029323
-27.997315 , 0.022203
-28.004945 , 0.015086
-28.012574 , 0.017274
-28.020204 , 0.022124
-28.027834 , 0.02398
-28.035463 , 0.028497
-28.043093 , 0.037673
-28.050723 , 0.046851
-28.058352 , 0.056026
-28.065982 , 0.065205
-28.073612 , 0.065073
-28.081241 , 0.062284
-28.088871 , 0.062318
-28.096501 , 0.059695
-28.10413 , 0.051973
-28.11176 , 0.041594
-28.11939 , 0.033873
-28.127019 , 0.023493
-28.134649 , 0.0053
-28.142279 , -0.01555
-28.149908 , -0.035073
-28.157538 , -0.054594
-28.165168 , -0.073351
-28.172797 , -0.092106
-28.180427 , -0.110697
-28.188057 , -0.129287
-28.195686 , -0.149041
-28.203316 , -0.166135
-28.210946 , -0.187385
-28.218575 , -0.203315
-28.226205 , -0.199246
-28.233835 , -0.189857
-28.241464 , -0.185789
-28.249094 , -0.1764
-28.256724 , -0.151057
-28.264353 , -0.120393
-28.271983 , -0.09505
-28.279613 , -0.064386
-28.287242 , -0.016681
-28.294872 , 0.036345
-28.302502 , 0.085214
-28.310131 , 0.136743
-28.317761 , 0.187108
-28.325391 , 0.237474
-28.33302 , 0.288005
-28.34065 , 0.338537
-28.34828 , 0.390619
-28.355909 , 0.442703
-28.363539 , 0.494619
-28.371169 , 0.546536
-28.378798 , 0.588978
-28.386428 , 0.628763
-28.394058 , 0.6727
-28.401687 , 0.711321
-28.409317 , 0.731998
-28.416947 , 0.747359
-28.424576 , 0.768036
-28.432206 , 0.783397
-28.439836 , 0.7828
-28.447465 , 0.776885
-28.455095 , 0.776288
-28.462725 , 0.770374
-28.470354 , 0.751383
-28.477984 , 0.727075
-28.485614 , 0.708084
-28.493243 , 0.683776
-28.500873 , 0.643676
-28.508503 , 0.59826
-28.516132 , 0.556997
-28.523762 , 0.513076
-28.531392 , 0.465906
-28.539021 , 0.418738
-28.546651 , 0.371401
-28.554281 , 0.324067
-28.56191 , 0.277063
-28.56954 , 0.230061
-28.57717 , 0.180397
-28.584799 , 0.136054
-28.592429 , 0.106225
-28.600059 , 0.081716
-28.607688 , 0.051887
-28.615318 , 0.027378
-28.622948 , 0.018824
-28.630577 , 0.01559
-28.638207 , 0.007035
-28.645837 , 0.003801
-28.653466 , 0.014274
-28.661096 , 0.030067
-28.668726 , 0.041703
-28.676355 , 0.056001
-28.683985 , 0.07977
-28.691615 , 0.103541
-28.699244 , 0.127145
-28.706874 , 0.15075
-28.714504 , 0.167483
-28.722133 , 0.178899
-28.729763 , 0.195965
-28.737393 , 0.207714
-28.745022 , 0.203505
-28.752652 , 0.193979
-28.760282 , 0.189771
-28.767911 , 0.180245
-28.775541 , 0.156444
-28.783171 , 0.127326
-28.7908 , 0.102362
-28.79843 , 0.07474
-28.80606 , 0.049555
-28.813689 , 0.024371
-28.821319 , -0.002144
-28.828949 , -0.025999
-28.836578 , -0.051129
-28.844208 , -0.070939
-28.851838 , -0.08028
-28.859467 , -0.080754
-28.867097 , -0.071036
-28.874727 , -0.052452
-28.882356 , -0.030656
-28.889986 , -0.00354
-28.897616 , 0.026513
-28.905245 , 0.056565
-28.912875 , 0.088113
-28.920505 , 0.117002
-28.928134 , 0.129437
-28.935764 , 0.136553
-28.943394 , 0.14932
-28.951024 , 0.156768
-28.958653 , 0.152471
-28.966283 , 0.145514
-28.973913 , 0.141217
-28.981542 , 0.134261
-28.989172 , 0.128633
-28.996802 , 0.123007
-29.004431 , 0.117214
-29.012061 , 0.111421
-29.019691 , 0.097712
-29.02732 , 0.084003
-29.03495 , 0.070294
-29.04258 , 0.056586
-29.050209 , 0.03224
-29.057839 , 0.007894
-29.065469 , -0.016286
-29.073098 , -0.040466
-29.080728 , -0.056723
-29.088358 , -0.070321
-29.095987 , -0.088074
-29.103617 , -0.100509
-29.111247 , -0.097153
-29.118876 , -0.08848
-29.126506 , -0.085124
-29.134136 , -0.07645
-29.141765 , -0.050965
-29.149395 , -0.020159
-29.157025 , 0.007819
-29.164654 , 0.0358
-29.172284 , 0.065274
-29.179914 , 0.09209
-29.187543 , 0.12306
-29.195173 , 0.148714
-29.202803 , 0.160348
-29.210432 , 0.166666
-29.218062 , 0.178467
-29.225692 , 0.18495
-29.233321 , 0.174147
-29.240951 , 0.160686
-29.248581 , 0.149882
-29.25621 , 0.136421
-29.26384 , 0.119766
-29.27147 , 0.103112
-29.279099 , 0.08629
-29.286729 , 0.06947
-29.294359 , 0.052815
-29.301988 , 0.036161
-29.309618 , 0.018342
-29.317248 , 0.003184
-29.324877 , 0.005809
-29.332507 , 0.013754
-29.340137 , 0.014218
-29.347766 , 0.023549
-29.355396 , 0.046672
-29.363026 , 0.075116
-29.370655 , 0.099625
-29.378285 , 0.126795
-29.385915 , 0.157337
-29.393544 , 0.187881
-29.401174 , 0.221028
-29.408804 , 0.248857
-29.416433 , 0.271699
-29.424063 , 0.285678
-29.431693 , 0.291012
-29.439322 , 0.287484
-29.446952 , 0.264895
-29.454582 , 0.233443
-29.462211 , 0.193347
-29.469841 , 0.144389
-29.477471 , 0.091107
-29.4851 , 0.032508
-29.49273 , -0.023322
-29.50036 , -0.079151
-29.507989 , -0.139946
-29.515619 , -0.195422
-29.523249 , -0.247686
-29.530878 , -0.291083
-29.538508 , -0.323402
-29.546138 , -0.346855
-29.553767 , -0.361445
-29.561397 , -0.367169
-29.569027 , -0.369349
-29.576656 , -0.362662
-29.584286 , -0.352598
-29.591916 , -0.337213
-29.599545 , -0.309365
-29.607175 , -0.278855
-29.614805 , -0.249511
-29.622434 , -0.220165
-29.630064 , -0.190301
-29.637694 , -0.160437
-29.645323 , -0.130573
-29.652953 , -0.100709
-29.660583 , -0.070846
-29.668212 , -0.040982
-29.675842 , -0.011118
-29.683472 , 0.018746
-29.691101 , 0.05969
-29.698731 , 0.100635
-29.706361 , 0.141579
-29.71399 , 0.182523
-29.72162 , 0.223467
-29.72925 , 0.264412
-29.736879 , 0.305356
-29.744509 , 0.346301
-29.752139 , 0.384204
-29.759768 , 0.422109
-29.767398 , 0.460013
-29.775028 , 0.497917
-29.782657 , 0.535821
-29.790287 , 0.573725
-29.797917 , 0.611629
-29.805546 , 0.649533
-29.813176 , 0.686108
-29.820806 , 0.722682
-29.828435 , 0.75909
-29.836065 , 0.795499
-29.843695 , 0.833071
-29.851324 , 0.867983
-29.858954 , 0.907051
-29.866584 , 0.940799
-29.874213 , 0.959134
-29.881843 , 0.972152
-29.889473 , 0.990487
-29.897102 , 1.003505
-29.904732 , 1.000565
-29.912362 , 0.992308
-29.919991 , 0.989368
-29.927621 , 0.981112
-29.935251 , 0.952188
-29.94288 , 0.917947
-29.95051 , 0.88786
-29.95814 , 0.855115
-29.965769 , 0.823533
-29.973399 , 0.791951
-29.981029 , 0.760202
-29.988658 , 0.728455
-29.996288 , 0.705397
-30.003918 , 0.682341
-30.011547 , 0.659283
-30.019177 , 0.636226
-30.026807 , 0.613169
-30.034436 , 0.590112
-30.042066 , 0.567054
-30.049696 , 0.543998
-30.057325 , 0.528475
-30.064955 , 0.512954
-30.072585 , 0.497597
-30.080214 , 0.482242
-30.087844 , 0.466386
-30.095474 , 0.453191
-30.103103 , 0.43584
-30.110733 , 0.423809
-30.118363 , 0.419889
-30.125992 , 0.42129
-30.133622 , 0.428008
-30.141252 , 0.440045
-30.148881 , 0.456403
-30.156511 , 0.478081
-30.164141 , 0.505076
-30.17177 , 0.537391
-30.1794 , 0.58073
-30.18703 , 0.629389
-30.19466 , 0.67921
-30.202289 , 0.731692
-30.209919 , 0.779851
-30.217549 , 0.828012
-30.225178 , 0.8775
-30.232808 , 0.924331
-30.240438 , 0.967857
-30.248067 , 1.006065
-30.255697 , 1.038898
-30.263327 , 1.066415
-30.270956 , 1.094594
-30.278586 , 1.11391
-30.286216 , 1.124582
-30.293845 , 1.126391
-30.301475 , 1.119335
-30.309105 , 1.103415
-30.316734 , 1.076856
-30.324364 , 1.044981
-30.331994 , 1.011774
-30.339623 , 0.97325
-30.347253 , 0.929738
-30.354883 , 0.880909
-30.362512 , 0.82591
-30.370142 , 0.770912
-30.377772 , 0.715746
-30.385401 , 0.660583
-30.393031 , 0.608575
-30.400661 , 0.559229
-30.40829 , 0.516363
-30.41592 , 0.478817
-30.42355 , 0.440826
-30.431179 , 0.408156
-30.438809 , 0.376647
-30.446439 , 0.3478
-30.454068 , 0.326097
-30.461698 , 0.304397
-30.469328 , 0.282861
-30.476957 , 0.261327
-30.484587 , 0.245892
-30.492217 , 0.230459
-30.499846 , 0.215024
-30.507476 , 0.199591
-30.515106 , 0.184156
-30.522735 , 0.168723
-30.530365 , 0.153288
-30.537995 , 0.137855
-30.545624 , 0.132835
-30.553254 , 0.127818
-30.560884 , 0.122799
-30.568513 , 0.117782
-30.576143 , 0.112762
-30.583773 , 0.107745
-30.591402 , 0.102726
-30.599032 , 0.097709
-30.606662 , 0.092509
-30.614291 , 0.08731
-30.621921 , 0.082111
-30.629551 , 0.076912
-30.63718 , 0.071712
-30.64481 , 0.066513
-30.65244 , 0.061314
-30.660069 , 0.056115
-30.667699 , 0.06111
-30.675329 , 0.066105
-30.682958 , 0.0711
-30.690588 , 0.076095
-30.698218 , 0.080425
-30.705847 , 0.084754
-30.713477 , 0.088919
-30.721107 , 0.093082
-30.728736 , 0.094206
-30.736366 , 0.09267
-30.743996 , 0.084652
-30.751625 , 0.071316
-30.759255 , 0.054157
-30.766885 , 0.031679
-30.774514 , 0.004048
-30.782144 , -0.028901
-30.789774 , -0.060908
-30.797403 , -0.095574
-30.805033 , -0.129077
-30.812663 , -0.16258
-30.820292 , -0.199075
-30.827922 , -0.23557
-30.835552 , -0.26791
-30.843181 , -0.29759
-30.850811 , -0.31835
-30.858441 , -0.333792
-30.86607 , -0.344081
-30.8737 , -0.349052
-30.88133 , -0.349701
-30.888959 , -0.345032
-30.896589 , -0.33521
-30.904219 , -0.32007
-30.911848 , -0.297339
-30.919478 , -0.271949
-30.927108 , -0.247889
-30.934737 , -0.223828
-30.942367 , -0.192455
-30.949997 , -0.163741
-30.957626 , -0.141509
-30.965256 , -0.124595
-30.972886 , -0.11773
-30.980515 , -0.116184
-30.988145 , -0.119956
-30.995775 , -0.129048
-31.003404 , -0.142793
-31.011034 , -0.161857
-31.018664 , -0.186073
-31.026293 , -0.215608
-31.033923 , -0.251182
-31.041553 , -0.289414
-31.049182 , -0.326484
-31.056812 , -0.363554
-31.064442 , -0.401454
-31.072071 , -0.439355
-31.079701 , -0.477256
-31.087331 , -0.515156
-31.09496 , -0.547309
-31.10259 , -0.57946
-31.11022 , -0.611612
-31.117849 , -0.643764
-31.125479 , -0.678077
-31.133109 , -0.712389
-31.140738 , -0.742547
-31.148368 , -0.770043
-31.155998 , -0.790949
-31.163627 , -0.806535
-31.171257 , -0.81697
-31.178887 , -0.822084
-31.186516 , -0.822546
-31.194146 , -0.817688
-31.201776 , -0.807679
-31.209405 , -0.79235
-31.217035 , -0.77178
-31.224665 , -0.748549
-31.232294 , -0.721165
-31.239924 , -0.693778
-31.247554 , -0.668887
-31.255183 , -0.643994
-31.262813 , -0.619102
-31.270443 , -0.594209
-31.278072 , -0.574138
-31.285702 , -0.554065
-31.293332 , -0.538148
-31.300961 , -0.52489
-31.308591 , -0.509805
-31.316221 , -0.500037
-31.32385 , -0.495423
-31.33148 , -0.496126
-31.33911 , -0.49812
-31.346739 , -0.505432
-31.354369 , -0.517897
-31.361999 , -0.53568
-31.369628 , -0.561941
-31.377258 , -0.590859
-31.384888 , -0.623934
-31.392517 , -0.657008
-31.400147 , -0.690748
-31.407777 , -0.724487
-31.415406 , -0.754072
-31.423036 , -0.780996
-31.430666 , -0.799445
-31.438295 , -0.812574
-31.445925 , -0.820552
-31.453555 , -0.823209
-31.461185 , -0.823299
-31.468814 , -0.818069
-31.476444 , -0.806358
-31.484074 , -0.791986
-31.491703 , -0.784099
-31.499333 , -0.776209
-31.506963 , -0.768155
-31.514592 , -0.760099
-31.522222 , -0.761574
-31.529852 , -0.763047
-31.537481 , -0.764523
-31.545111 , -0.765996
-31.552741 , -0.767471
-31.56037 , -0.768944
-31.568 , -0.770419
-31.57563 , -0.771893
-31.583259 , -0.782154
-31.590889 , -0.792416
-31.598519 , -0.802678
-31.606148 , -0.812939
-31.613778 , -0.823201
-31.621408 , -0.833462
-31.629037 , -0.843724
-31.636667 , -0.853986
-31.644297 , -0.868236
-31.651926 , -0.882487
-31.659556 , -0.896571
-31.667186 , -0.910655
-31.674815 , -0.920585
-31.682445 , -0.927855
-31.690075 , -0.928642
-31.697704 , -0.924111
-31.705334 , -0.918092
-31.712964 , -0.906753
-31.720593 , -0.890262
-31.728223 , -0.868453
-31.735853 , -0.837668
-31.743482 , -0.804224
-31.751112 , -0.76812
-31.758742 , -0.729357
-31.766371 , -0.693919
-31.774001 , -0.65848
-31.781631 , -0.622875
-31.78926 , -0.58727
-31.79689 , -0.549172
-31.80452 , -0.511074
-31.812149 , -0.477131
-31.819779 , -0.445848
-31.827409 , -0.419149
-31.835038 , -0.397768
-31.842668 , -0.381541
-31.850298 , -0.370632
-31.857927 , -0.366869
-31.865557 , -0.368426
-31.873187 , -0.371146
-31.880816 , -0.376525
-31.888446 , -0.383289
-31.896076 , -0.390054
-31.903705 , -0.396818
-31.911335 , -0.403582
-31.918965 , -0.406856
-31.926594 , -0.407471
-31.934224 , -0.40177
-31.941854 , -0.390749
-31.949483 , -0.378518
-31.957113 , -0.363626
-31.964743 , -0.34458
-31.972372 , -0.325534
-31.980002 , -0.305989
-31.987632 , -0.286444
-31.995261 , -0.272217
-32.002891 , -0.257991
-32.010521 , -0.253626
-32.01815 , -0.249261
-32.02578 , -0.250216
-32.03341 , -0.251169
-32.041039 , -0.249464
-32.048669 , -0.247759
-32.056299 , -0.246053
-32.063928 , -0.244348
-32.071558 , -0.242655
-32.079188 , -0.24096
-32.086817 , -0.239266
-32.094447 , -0.237571
-32.102077 , -0.235878
-32.109706 , -0.234183
-32.117336 , -0.23249
-32.124966 , -0.230795
-32.132595 , -0.230432
-32.140225 , -0.230066
-32.147855 , -0.229702
-32.155484 , -0.229337
-32.163114 , -0.228309
-32.170744 , -0.227279
-32.178373 , -0.225973
-32.186003 , -0.224666
-32.193633 , -0.221511
-32.201262 , -0.213923
-32.208892 , -0.200408
-32.216522 , -0.18246
-32.224151 , -0.159637
-32.231781 , -0.132381
-32.239411 , -0.099032
-32.24704 , -0.061249
-32.25467 , -0.023634
-32.2623 , 0.016642
-32.269929 , 0.055532
-32.277559 , 0.094422
-32.285189 , 0.134697
-32.292818 , 0.172313
-32.300448 , 0.21364
-32.308078 , 0.250537
-32.315707 , 0.279627
-32.323337 , 0.304286
-32.330967 , 0.32285
-32.338596 , 0.336982
-32.346226 , 0.339534
-32.353856 , 0.339429
-32.361485 , 0.340706
-32.369115 , 0.341986
-32.376745 , 0.348084
-32.384374 , 0.356843
-32.392004 , 0.361888
-32.399634 , 0.371367
-32.407263 , 0.391592
-32.414893 , 0.416252
-32.422523 , 0.447003
-32.430152 , 0.48219
-32.437782 , 0.520206
-32.445412 , 0.560884
-32.453041 , 0.600341
-32.460671 , 0.6398
-32.468301 , 0.680088
-32.47593 , 0.720378
-32.48356 , 0.760666
-32.49119 , 0.800956
-32.498819 , 0.840857
-32.506449 , 0.880758
-32.514079 , 0.921767
-32.521708 , 0.960118
-32.529338 , 0.986555
-32.536968 , 1.006789
-32.544597 , 1.023587
-32.552227 , 1.032408
-32.559857 , 1.030761
-32.567486 , 1.019364
-32.575116 , 0.999434
-32.582746 , 0.971527
-32.590375 , 0.938024
-32.598005 , 0.900089
-32.605635 , 0.864148
-32.613264 , 0.828207
-32.620894 , 0.788388
-32.628524 , 0.748569
-32.636153 , 0.707421
-32.643783 , 0.668931
-32.651413 , 0.638088
-32.659042 , 0.609903
-32.666672 , 0.580389
-32.674302 , 0.550875
-32.681931 , 0.53098
-32.689561 , 0.511086
-32.697191 , 0.489972
-32.704821 , 0.471518
-32.71245 , 0.454005
-32.72008 , 0.440925
-32.72771 , 0.433939
-32.735339 , 0.431385
-32.742969 , 0.438527
-32.750599 , 0.450101
-32.758228 , 0.459459
-32.765858 , 0.468817
-32.773488 , 0.478839
-32.781117 , 0.488862
-32.788747 , 0.501101
-32.796377 , 0.508907
-32.804006 , 0.503206
-32.811636 , 0.493073
-32.819266 , 0.486651
-32.826895 , 0.477571
-32.834525 , 0.47054
-32.842155 , 0.463509
-32.849784 , 0.455092
-32.857414 , 0.449336
-32.865044 , 0.452388
-32.872673 , 0.459873
-32.880303 , 0.474338
-32.887933 , 0.491463
-32.895562 , 0.499889
-32.903192 , 0.510975
-32.910822 , 0.520731
-32.918451 , 0.530487
-32.926081 , 0.545984
-32.933711 , 0.561481
-32.94134 , 0.576812
-32.94897 , 0.592143
-32.9566 , 0.608804
-32.964229 , 0.622805
-32.971859 , 0.639632
-32.979489 , 0.6538
-32.987118 , 0.650681
-32.994748 , 0.644904
-33.002378 , 0.641786
-33.010007 , 0.636008
-33.017637 , 0.62746
-33.025267 , 0.616254
-33.032896 , 0.597955
-33.040526 , 0.575224
-33.048156 , 0.555108
-33.055785 , 0.530561
-33.063415 , 0.499918
-33.071045 , 0.464845
-33.078674 , 0.417526
-33.086304 , 0.367549
-33.093934 , 0.318789
-33.101563 , 0.270032
-33.109193 , 0.219111
-33.116823 , 0.168193
-33.124452 , 0.117439
-33.132082 , 0.066687
-33.139712 , 0.026016
-33.147341 , -0.011994
-33.154971 , -0.053718
-33.162601 , -0.091007
-33.17023 , -0.122252
-33.17786 , -0.149064
-33.18549 , -0.170669
-33.193119 , -0.186068
-33.200749 , -0.191717
-33.208379 , -0.192933
-33.216008 , -0.197751
-33.223638 , -0.199908
-33.231268 , -0.202233
-33.238897 , -0.204556
-33.246527 , -0.20461
-33.254157 , -0.209095
-33.261786 , -0.223276
-33.269416 , -0.24366
-33.277046 , -0.268147
-33.284675 , -0.298837
-33.292305 , -0.337092
-33.299935 , -0.378007
-33.307564 , -0.417648
-33.315194 , -0.457288
-33.322824 , -0.49366
-33.330453 , -0.527373
-33.338083 , -0.55416
-33.345713 , -0.576515
-33.353342 , -0.595767
-33.360972 , -0.610588
-33.368602 , -0.620089
-33.376231 , -0.623385
-33.383861 , -0.623137
-33.391491 , -0.616682
-33.39912 , -0.60502
-33.40675 , -0.588925
-33.41438 , -0.563558
-33.422009 , -0.535531
-33.429639 , -0.508723
-33.437269 , -0.481915
-33.444898 , -0.455107
-33.452528 , -0.428299
-33.460158 , -0.400272
-33.467787 , -0.374905
-33.475417 , -0.362335
-33.483047 , -0.354198
-33.490676 , -0.353041
-33.498306 , -0.354544
-33.505936 , -0.347349
-33.513565 , -0.342813
-33.521195 , -0.336946
-33.528825 , -0.331081
-33.536454 , -0.330937
-33.544084 , -0.330793
-33.551714 , -0.330483
-33.559343 , -0.330173
-33.566973 , -0.331193
-33.574603 , -0.329554
-33.582232 , -0.330906
-33.589862 , -0.329599
-33.597492 , -0.323416
-33.605121 , -0.317234
-33.612751 , -0.311051
-33.620381 , -0.304868
-33.62801 , -0.297356
-33.63564 , -0.292503
-33.64327 , -0.284825
-33.650899 , -0.279806
-33.658529 , -0.283367
-33.666159 , -0.289587
-33.673788 , -0.294312
-33.681418 , -0.299037
-33.689048 , -0.311131
-33.696677 , -0.320565
-33.704307 , -0.323073
-33.711937 , -0.32115
-33.719566 , -0.302384
-33.727196 , -0.279186
-33.734826 , -0.2597
-33.742455 , -0.237554
-33.750085 , -0.215963
-33.757715 , -0.194371
-33.765344 , -0.172614
-33.772974 , -0.150856
-33.780604 , -0.131485
-33.788233 , -0.112115
-33.795863 , -0.092745
-33.803493 , -0.073375
-33.811122 , -0.054171
-33.818752 , -0.034967
-33.826382 , -0.014433
-33.834011 , 0.003441
-33.841641 , 0.005525
-33.849271 , 0.004951
-33.8569 , 0.007035
-33.86453 , 0.00646
-33.87216 , 0.008545
-33.879789 , 0.00797
-33.887419 , 0.010055
-33.895049 , 0.00948
-33.902678 , -0.010493
-33.910308 , -0.033125
-33.917938 , -0.053098
-33.925567 , -0.07573
-33.933197 , -0.095703
-33.940827 , -0.118334
-33.948457 , -0.138307
-33.956086 , -0.160939
-33.963716 , -0.198918
-33.971346 , -0.239555
-33.978975 , -0.278864
-33.986605 , -0.318172
-33.994235 , -0.356815
-34.001864 , -0.395459
-34.009494 , -0.435266
-34.017124 , -0.472413
-34.024753 , -0.505587
-34.032383 , -0.533443
-34.040013 , -0.557919
-34.047642 , -0.57353
-34.055272 , -0.574626
-34.062902 , -0.566857
-34.070531 , -0.555709
-34.078161 , -0.539243
-34.085791 , -0.518621
-34.09342 , -0.495339
-34.10105 , -0.467903
-34.10868 , -0.440466
-34.116309 , -0.415191
-34.123939 , -0.389915
-34.131569 , -0.364639
-34.139198 , -0.339364
-34.146828 , -0.311698
-34.154458 , -0.284034
-34.162087 , -0.256369
-34.169717 , -0.228703
-34.177347 , -0.201038
-34.184976 , -0.173374
-34.192606 , -0.145709
-34.200236 , -0.118043
-34.207865 , -0.098135
-34.215495 , -0.078226
-34.223125 , -0.058318
-34.230754 , -0.038409
-34.238384 , -0.028805
-34.246014 , -0.019202
-34.253643 , -0.009598
-34.261273 , 0.000006
-34.268903 , 0.003979
-34.276532 , 0.007954
-34.284162 , 0.016083
-34.291792 , 0.026873
-34.299421 , 0.046137
-34.307051 , 0.070722
-34.314681 , 0.100292
-34.32231 , 0.135181
-34.32994 , 0.168684
-34.33757 , 0.204849
-34.345199 , 0.245
-34.352829 , 0.285153
-34.360459 , 0.326634
-34.368088 , 0.365458
-34.375718 , 0.403116
-34.383348 , 0.435457
-34.390977 , 0.45923
-34.398607 , 0.477686
-34.406237 , 0.490822
-34.413866 , 0.498641
-34.421496 , 0.501472
-34.429126 , 0.498985
-34.436755 , 0.491179
-34.444385 , 0.478055
-34.452015 , 0.461883
-34.459644 , 0.440393
-34.467274 , 0.412254
-34.474904 , 0.381457
-34.482533 , 0.350824
-34.490163 , 0.317534
-34.497793 , 0.281749
-34.505422 , 0.243307
-34.513052 , 0.203699
-34.520682 , 0.164093
-34.528311 , 0.123156
-34.535941 , 0.084879
-34.543571 , 0.047432
-34.5512 , 0.015306
-34.55883 , -0.01167
-34.56646 , -0.033326
-34.574089 , -0.050329
-34.581719 , -0.062012
-34.589349 , -0.068378
-34.596978 , -0.069424
-34.604608 , -0.065485
-34.612238 , -0.056226
-34.619867 , -0.04165
-34.627497 , -0.021754
-34.635127 , 0.00312
-34.642756 , 0.033315
-34.650386 , 0.066167
-34.658016 , 0.099021
-34.665645 , 0.131873
-34.673275 , 0.164727
-34.680905 , 0.19492
-34.688534 , 0.219795
-34.696164 , 0.24057
-34.703794 , 0.256027
-34.711423 , 0.266164
-34.719053 , 0.270984
-34.726683 , 0.271315
-34.734312 , 0.266328
-34.741942 , 0.254692
-34.749572 , 0.240398
-34.757201 , 0.227347
-34.764831 , 0.211637
-34.772461 , 0.193268
-34.78009 , 0.172239
-34.78772 , 0.14772
-34.79535 , 0.120542
-34.802979 , 0.092033
-34.810609 , 0.058207
-34.818239 , 0.026319
-34.825868 , -0.010888
-34.833498 , -0.053246
-34.841128 , -0.100924
-34.848757 , -0.159405
-34.856387 , -0.220545
-34.864017 , -0.28019
-34.871646 , -0.339835
-34.879276 , -0.396924
-34.886906 , -0.448694
-34.894535 , -0.495478
-34.902165 , -0.536943
-34.909795 , -0.559905
-34.917424 , -0.577547
-34.925054 , -0.590037
-34.932684 , -0.597208
-34.940313 , -0.601775
-34.947943 , -0.603683
-34.955573 , -0.601436
-34.963202 , -0.599188
-34.970832 , -0.599102
-34.978462 , -0.599015
-34.986091 , -0.598929
-34.993721 , -0.598842
-35.001351 , -0.594528
-35.00898 , -0.590213
-35.01661 , -0.585899
-35.02424 , -0.581584
-35.031869 , -0.57727
-35.039499 , -0.572955
-35.047129 , -0.568641
-35.054758 , -0.564326
-35.062388 , -0.568433
-35.070018 , -0.57254
-35.077647 , -0.576646
-35.085277 , -0.580753
-35.092907 , -0.584195
-35.100536 , -0.587637
-35.108166 , -0.590913
-35.115796 , -0.594188
-35.123425 , -0.593427
-35.131055 , -0.590005
-35.138685 , -0.579548
-35.146314 , -0.564659
-35.153944 , -0.545226
-35.161574 , -0.519588
-35.169203 , -0.48974
-35.176833 , -0.453687
-35.184463 , -0.406886
-35.192092 , -0.355652
-35.199722 , -0.297382
-35.207352 , -0.236453
-35.214982 , -0.183336
-35.222611 , -0.130219
-35.230241 , -0.075827
-35.237871 , -0.024095
-35.2455 , 0.029468
-35.25313 , 0.076827
-35.26076 , 0.113879
-35.268389 , 0.142955
-35.276019 , 0.159841
-35.283649 , 0.170523
-35.291278 , 0.175885
-35.298908 , 0.176816
-35.306538 , 0.175142
-35.314167 , 0.170811
-35.321797 , 0.167696
-35.329427 , 0.164583
-35.337056 , 0.160803
-35.344686 , 0.157026
-35.352316 , 0.151917
-35.359945 , 0.149468
-35.367575 , 0.160821
-35.375205 , 0.174834
-35.382834 , 0.186187
-35.390464 , 0.2002
-35.398094 , 0.211386
-35.405723 , 0.225234
-35.413353 , 0.237749
-35.420983 , 0.250267
-35.428612 , 0.274916
-35.436242 , 0.299567
-35.443872 , 0.324215
-35.451501 , 0.348866
-35.459131 , 0.373183
-35.466761 , 0.397501
-35.47439 , 0.421652
-35.48202 , 0.445804
-35.48965 , 0.468919
-35.497279 , 0.489376
-35.504909 , 0.508225
-35.512539 , 0.522644
-35.520168 , 0.529305
-35.527798 , 0.531534
-35.535428 , 0.527668
-35.543057 , 0.519372
-35.550687 , 0.510242
-35.558317 , 0.498456
-35.565946 , 0.487885
-35.573576 , 0.477317
-35.581206 , 0.466083
-35.588835 , 0.45485
-35.596465 , 0.442286
-35.604095 , 0.432383
-35.611724 , 0.43797
-35.619354 , 0.446218
-35.626984 , 0.451805
-35.634613 , 0.460052
-35.642243 , 0.46564
-35.649873 , 0.473888
-35.657502 , 0.479475
-35.665132 , 0.487723
-35.672762 , 0.513698
-35.680391 , 0.542335
-35.688021 , 0.56831
-35.695651 , 0.596946
-35.70328 , 0.622921
-35.71091 , 0.651557
-35.71854 , 0.677533
-35.726169 , 0.706169
-35.733799 , 0.748755
-35.741429 , 0.794
-35.749058 , 0.837915
-35.756688 , 0.88183
-35.764318 , 0.925081
-35.771947 , 0.968331
-35.779577 , 1.012911
-35.787207 , 1.054832
-35.794836 , 1.096365
-35.802466 , 1.135239
-35.810096 , 1.167021
-35.817725 , 1.194371
-35.825355 , 1.216624
-35.832985 , 1.234444
-35.840614 , 1.246171
-35.848244 , 1.253465
-35.855874 , 1.258979
-35.863503 , 1.261834
-35.871133 , 1.260589
-35.878763 , 1.259344
-35.886392 , 1.25821
-35.894022 , 1.257076
-35.901652 , 1.259045
-35.909281 , 1.265446
-35.916911 , 1.281985
-35.924541 , 1.302957
-35.93217 , 1.329856
-35.9398 , 1.361188
-35.94743 , 1.383379
-35.955059 , 1.40557
-35.962689 , 1.4292
-35.970319 , 1.450172
-35.977948 , 1.467272
-35.985578 , 1.479054
-35.993208 , 1.480365
-36.000837 , 1.472811
-36.008467 , 1.461933
-36.016097 , 1.442191
-36.023726 , 1.411811
-36.031356 , 1.376112
-36.038986 , 1.335483
-36.046615 , 1.289536
-36.054245 , 1.237105
-36.061875 , 1.182016
-36.069504 , 1.122328
-36.077134 , 1.06264
-36.084764 , 1.002953
-36.092393 , 0.943265
-36.100023 , 0.887739
-36.107653 , 0.834873
-36.115282 , 0.777851
-36.122912 , 0.726149
-36.130542 , 0.685138
-36.138171 , 0.649447
-36.145801 , 0.624393
-36.153431 , 0.608203
-36.16106 , 0.596889
-36.16869 , 0.594439
-36.17632 , 0.600853
-36.183949 , 0.616133
-36.191579 , 0.642714
-36.199209 , 0.678159
-36.206838 , 0.722248
-36.214468 , 0.775201
-36.222098 , 0.834118
-36.229727 , 0.898355
-36.237357 , 0.959822
-36.244987 , 1.021289
-36.252616 , 1.081093
-36.260246 , 1.13558
-36.267876 , 1.184857
-36.275505 , 1.228817
-36.283135 , 1.269673
-36.290765 , 1.301667
-36.298394 , 1.323243
-36.306024 , 1.339501
-36.313654 , 1.350662
-36.321283 , 1.356505
-36.328913 , 1.357028
-36.336543 , 1.352234
-36.344172 , 1.341918
-36.351802 , 1.326286
-36.359432 , 1.305334
-36.367061 , 1.279064
-36.374691 , 1.25102
-36.382321 , 1.217659
-36.38995 , 1.178756
-36.39758 , 1.134536
-36.40521 , 1.081228
-36.412839 , 1.019057
-36.420469 , 0.953561
-36.428099 , 0.882748
-36.435728 , 0.803678
-36.443358 , 0.719291
-36.450988 , 0.62842
-36.458618 , 0.534891
-36.466247 , 0.4436
-36.473877 , 0.352308
-36.481507 , 0.259687
-36.489136 , 0.169725
-36.496766 , 0.088018
-36.504396 , 0.01163
-36.512025 , -0.061378
-36.519655 , -0.125523
-36.527285 , -0.179916
-36.534914 , -0.225445
-36.542544 , -0.26211
-36.550174 , -0.28991
-36.557803 , -0.30951
-36.565433 , -0.320246
-36.573063 , -0.327436
-36.580692 , -0.329308
-36.588322 , -0.322848
-36.595952 , -0.31107
-36.603581 , -0.292644
-36.611211 , -0.271558
-36.618841 , -0.247646
-36.62647 , -0.221076
-36.6341 , -0.197164
-36.64173 , -0.170593
-36.649359 , -0.134493
-36.656989 , -0.095734
-36.664619 , -0.059634
-36.672248 , -0.020874
-36.679878 , 0.025863
-36.687508 , 0.07526
-36.695137 , 0.121831
-36.702767 , 0.171062
-36.710397 , 0.223442
-36.718026 , 0.275821
-36.725656 , 0.328035
-36.733286 , 0.380249
-36.740915 , 0.429359
-36.748545 , 0.473152
-36.756175 , 0.511736
-36.763804 , 0.545002
-36.771434 , 0.568739
-36.779064 , 0.583611
-36.786693 , 0.58984
-36.794323 , 0.587205
-36.801953 , 0.573711
-36.809582 , 0.551353
-36.817212 , 0.520518
-36.824842 , 0.480818
-36.832471 , 0.432801
-36.840101 , 0.382125
-36.847731 , 0.331227
-36.85536 , 0.282989
-36.86299 , 0.247272
-36.87062 , 0.216873
-36.878249 , 0.179216
-36.885879 , 0.150424
-36.893509 , 0.144015
-36.901138 , 0.14647
-36.908768 , 0.141833
-36.916398 , 0.142516
-36.924027 , 0.155663
-36.931657 , 0.174129
-36.939287 , 0.188441
-36.946916 , 0.205411
-36.954546 , 0.229892
-36.962176 , 0.254374
-36.969805 , 0.279021
-36.977435 , 0.303668
-36.985065 , 0.328482
-36.992694 , 0.353295
-37.000324 , 0.376945
-37.007954 , 0.403255
-37.015583 , 0.442472
-37.023213 , 0.48701
-37.030843 , 0.526062
-37.038472 , 0.570432
-37.046102 , 0.626881
-37.053732 , 0.688648
-37.061361 , 0.747589
-37.068991 , 0.806531
-37.076621 , 0.861948
-37.08425 , 0.914705
-37.09188 , 0.971617
-37.09951 , 1.023211
-37.107139 , 1.055469
-37.114769 , 1.082409
-37.122399 , 1.114667
-37.130028 , 1.141606
-37.137658 , 1.144612
-37.145288 , 1.142299
-37.152917 , 1.145305
-37.160547 , 1.142992
-37.168177 , 1.121177
-37.175806 , 1.094043
-37.183436 , 1.072561
-37.191066 , 1.04576
-37.198695 , 1.014215
-37.206325 , 0.98267
-37.213955 , 0.949629
-37.221584 , 0.919248
-37.229214 , 0.893797
-37.236844 , 0.873665
-37.244473 , 0.864004
-37.252103 , 0.863208
-37.259733 , 0.868173
-37.267362 , 0.882003
-37.274992 , 0.90647
-37.282622 , 0.936256
-37.290251 , 0.969477
-37.297881 , 1.008017
-37.305511 , 1.043731
-37.31314 , 1.079445
-37.32077 , 1.116481
-37.3284 , 1.150859
-37.336029 , 1.189392
-37.343659 , 1.222605
-37.351289 , 1.243575
-37.358918 , 1.259226
-37.366548 , 1.280197
-37.374178 , 1.295848
-37.381807 , 1.297981
-37.389437 , 1.294795
-37.397067 , 1.296928
-37.404696 , 1.293743
-37.412326 , 1.278147
-37.419956 , 1.257232
-37.427585 , 1.241802
-37.435215 , 1.221054
-37.442845 , 1.194668
-37.450474 , 1.165626
-37.458104 , 1.137744
-37.465734 , 1.109864
-37.473363 , 1.081817
-37.480993 , 1.053771
-37.488623 , 1.025723
-37.496252 , 0.997677
-37.503882 , 0.974062
-37.511512 , 0.950448
-37.519141 , 0.926833
-37.526771 , 0.903219
-37.534401 , 0.879604
-37.54203 , 0.85599
-37.54966 , 0.832375
-37.55729 , 0.808761
-37.564919 , 0.775581
-37.572549 , 0.742404
-37.580179 , 0.709225
-37.587808 , 0.676047
-37.595438 , 0.63223
-37.603068 , 0.588416
-37.610697 , 0.544599
-37.618327 , 0.500784
-37.625957 , 0.447051
-37.633586 , 0.393318
-37.641216 , 0.340748
-37.648846 , 0.28552
-37.656475 , 0.216717
-37.664105 , 0.142597
-37.671735 , 0.074126
-37.679364 , 0.000338
-37.686994 , -0.084428
-37.694624 , -0.171854
-37.702254 , -0.257949
-37.709883 , -0.344045
-37.717513 , -0.430363
-37.725143 , -0.51402
-37.732772 , -0.601834
-37.740402 , -0.684329
-37.748032 , -0.755023
-37.755661 , -0.820398
-37.763291 , -0.875135
-37.770921 , -0.921009
-37.77855 , -0.962893
-37.78618 , -0.995914
-37.79381 , -1.020069
-37.801439 , -1.03536
-37.809069 , -1.042002
-37.816699 , -1.039779
-37.824328 , -1.028913
-37.831958 , -1.009182
-37.839588 , -0.986737
-37.847217 , -0.958974
-37.854847 , -0.924506
-37.862477 , -0.88738
-37.870106 , -0.852857
-37.877736 , -0.818334
-37.885366 , -0.781207
-37.892995 , -0.749399
-37.900625 , -0.725458
-37.908255 , -0.710382
-37.915884 , -0.703948
-37.923514 , -0.706379
-37.931144 , -0.718808
-37.938773 , -0.740102
-37.946403 , -0.770038
-37.954033 , -0.808839
-37.961662 , -0.850521
-37.969292 , -0.897522
-37.976922 , -0.949896
-37.984551 , -1.00759
-37.992181 , -1.0711
-37.999811 , -1.13727
-38.00744 , -1.202277
-38.01507 , -1.267283
-38.0227 , -1.332289
-38.030329 , -1.397296
-38.037959 , -1.463466
-38.045589 , -1.526976
-38.053218 , -1.589247
-38.060848 , -1.6462
-38.068478 , -1.697778
-38.076107 , -1.744037
-38.083737 , -1.780324
-38.091367 , -1.807747
-38.098996 , -1.826527
-38.106626 , -1.836442
-38.114256 , -1.836828
-38.121885 , -1.82835
-38.129515 , -1.811229
-38.137145 , -1.785243
-38.144774 , -1.749285
-38.152404 , -1.708008
-38.160034 , -1.661523
-38.167663 , -1.60972
-38.175293 , -1.555864
-38.182923 , -1.502005
-38.190552 , -1.446653
-38.198182 , -1.393958
-38.205812 , -1.347082
-38.213441 , -1.305523
-38.221071 , -1.258481
-38.228701 , -1.216756
-38.23633 , -1.192761
-38.24396 , -1.174084
-38.25159 , -1.149923
-38.259219 , -1.131079
-38.266849 , -1.118719
-38.274479 , -1.109016
-38.282108 , -1.098152
-38.289738 , -1.087286
-38.297368 , -1.074559
-38.304997 , -1.061831
-38.312627 , -1.050267
-38.320257 , -1.036042
-38.327886 , -1.008246
-38.335516 , -0.975129
-38.343146 , -0.947665
-38.350775 , -0.91488
-38.358405 , -0.876502
-38.366035 , -0.835462
-38.373664 , -0.795754
-38.381294 , -0.756044
-38.388924 , -0.715006
-38.396553 , -0.676626
-38.404183 , -0.633926
-38.411813 , -0.596543
-38.419442 , -0.575476
-38.427072 , -0.557067
-38.434702 , -0.536
-38.442331 , -0.517591
-38.449961 , -0.497853
-38.457591 , -0.478115
-38.46522 , -0.458543
-38.47285 , -0.438971
-38.48048 , -0.416076
-38.488109 , -0.393178
-38.495739 , -0.370284
-38.503369 , -0.347386
-38.510998 , -0.324492
-38.518628 , -0.301595
-38.526258 , -0.278699
-38.533887 , -0.255803
-38.541517 , -0.233233
-38.549147 , -0.210661
-38.556776 , -0.186928
-38.564406 , -0.165853
-38.572036 , -0.158352
-38.579665 , -0.156169
-38.587295 , -0.148503
-38.594925 , -0.146153
-38.602554 , -0.156271
-38.610184 , -0.171706
-38.617814 , -0.182988
-38.625443 , -0.196927
-38.633073 , -0.220341
-38.640703 , -0.243754
-38.648332 , -0.267335
-38.655962 , -0.290914
-38.663592 , -0.30454
-38.671221 , -0.318165
-38.678851 , -0.331791
-38.686481 , -0.345417
-38.69411 , -0.348404
-38.70174 , -0.351393
-38.70937 , -0.354381
-38.716999 , -0.357369
-38.724629 , -0.356147
-38.732259 , -0.354925
-38.739888 , -0.353703
-38.747518 , -0.35248
-38.755148 , -0.351258
-38.762777 , -0.350036
-38.770407 , -0.348813
-38.778037 , -0.347591
-38.785666 , -0.356348
-38.793296 , -0.365105
-38.800926 , -0.373862
-38.808555 , -0.382619
-38.816185 , -0.402014
-38.823815 , -0.421408
-38.831444 , -0.440636
-38.839074 , -0.459865
-38.846704 , -0.475602
-38.854333 , -0.488681
-38.861963 , -0.505915
-38.869593 , -0.517829
-38.877222 , -0.517501
-38.884852 , -0.511853
-38.892482 , -0.51158
-38.900111 , -0.505987
-38.907741 , -0.482819
-38.915371 , -0.455216
-38.923 , -0.432269
-38.93063 , -0.404888
-38.93826 , -0.369087
-38.945889 , -0.333285
-38.953519 , -0.297207
-38.961149 , -0.261128
-38.968779 , -0.229926
-38.976408 , -0.198722
-38.984038 , -0.16752
-38.991668 , -0.136316
-38.999297 , -0.105114
-39.006927 , -0.07391
-39.014557 , -0.042708
-39.022186 , -0.011504
-39.029816 , 0.018431
-39.037446 , 0.048367
-39.045075 , 0.078302
-39.052705 , 0.108239
-39.060335 , 0.138173
-39.067964 , 0.16811
-39.075594 , 0.198045
-39.083224 , 0.227981
-39.090853 , 0.255257
-39.098483 , 0.282534
-39.106113 , 0.309643
-39.113742 , 0.336754
-39.121372 , 0.365193
-39.129002 , 0.390974
-39.136631 , 0.419579
-39.144261 , 0.445527
-39.151891 , 0.455984
-39.15952 , 0.463782
-39.16715 , 0.472909
-39.17478 , 0.482037
-39.182409 , 0.490999
-39.190039 , 0.49996
-39.197669 , 0.508921
-39.205298 , 0.517883
-39.212928 , 0.535487
-39.220558 , 0.553091
-39.228187 , 0.570695
-39.235817 , 0.5883
-39.243447 , 0.60607
-39.251076 , 0.62384
-39.258706 , 0.640281
-39.266336 , 0.659381
-39.273965 , 0.688904
-39.281595 , 0.721086
-39.289225 , 0.750609
-39.296854 , 0.782791
-39.304484 , 0.82212
-39.312114 , 0.864108
-39.319743 , 0.904601
-39.327373 , 0.945093
-39.335003 , 0.989408
-39.342632 , 1.031065
-39.350262 , 1.065573
-39.357892 , 1.09565
-39.365521 , 1.122513
-39.373151 , 1.141399
-39.380781 , 1.150977
-39.38841 , 1.152576
-39.39604 , 1.151716
-39.40367 , 1.146423
-39.411299 , 1.133984
-39.418929 , 1.118885
-39.426559 , 1.099243
-39.434188 , 1.0796
-39.441818 , 1.059626
-39.449448 , 1.039652
-39.457077 , 1.015688
-39.464707 , 0.989066
-39.472337 , 0.965268
-39.479966 , 0.938812
-39.487596 , 0.904377
-39.495226 , 0.867283
-39.502855 , 0.832849
-39.510485 , 0.795755
-39.518115 , 0.747588
-39.525744 , 0.696761
-39.533374 , 0.648759
-39.541004 , 0.598099
-39.548633 , 0.548768
-39.556263 , 0.499437
-39.563893 , 0.450106
-39.571522 , 0.400775
-39.579152 , 0.357982
-39.586782 , 0.317848
-39.594411 , 0.274002
-39.602041 , 0.234588
-39.609671 , 0.208471
-39.6173 , 0.186786
-39.62493 , 0.159782
-39.63256 , 0.138984
-39.640189 , 0.13616
-39.647819 , 0.139541
-39.655449 , 0.136717
-39.663078 , 0.140099
-39.670708 , 0.161984
-39.678338 , 0.190075
-39.685967 , 0.212571
-39.693597 , 0.239498
-39.701227 , 0.275622
-39.708856 , 0.311747
-39.716486 , 0.347871
-39.724116 , 0.383995
-39.731745 , 0.416463
-39.739375 , 0.444499
-39.747005 , 0.467381
-39.754634 , 0.484059
-39.762264 , 0.496007
-39.769894 , 0.499977
-39.777523 , 0.494418
-39.785153 , 0.480881
-39.792783 , 0.465016
-39.800412 , 0.442947
-39.808042 , 0.415725
-39.815672 , 0.384071
-39.823301 , 0.347819
-39.830931 , 0.311566
-39.838561 , 0.273929
-39.84619 , 0.238951
-39.85382 , 0.217103
-39.86145 , 0.20146
-39.869079 , 0.179336
-39.876709 , 0.163416
-39.884339 , 0.163703
-39.891968 , 0.16931
-39.899598 , 0.181453
-39.907228 , 0.196256
-39.914857 , 0.203912
-39.922487 , 0.211568
-39.930117 , 0.21939
-39.937746 , 0.227212
-39.945376 , 0.230602
-39.953006 , 0.233992
-39.960635 , 0.237382
-39.968265 , 0.240772
-39.975895 , 0.244162
-39.983524 , 0.247552
-39.991154 , 0.250942
-39.998784 , 0.254332
-40.006413 , 0.254155
-40.014043 , 0.253979
-40.021673 , 0.253802
-40.029302 , 0.253625
-40.036932 , 0.253449
-40.044562 , 0.253273
-40.052191 , 0.253096
-40.059821 , 0.252919
-40.067451 , 0.252743
-40.07508 , 0.252566
-40.08271 , 0.252389
-40.09034 , 0.252213
-40.097969 , 0.252036
-40.105599 , 0.25186
-40.113229 , 0.251683
-40.120858 , 0.251506
-40.128488 , 0.264775
-40.136118 , 0.278044
-40.143747 , 0.291313
-40.151377 , 0.304582
-40.159007 , 0.317851
-40.166636 , 0.33112
-40.174266 , 0.344389
-40.181896 , 0.357658
-40.189525 , 0.391758
-40.197155 , 0.425859
-40.204785 , 0.459959
-40.212415 , 0.49406
-40.220044 , 0.527329
-40.227674 , 0.560598
-40.235304 , 0.595031
-40.242933 , 0.626804
-40.250563 , 0.657726
-40.258193 , 0.683329
-40.265822 , 0.70378
-40.273452 , 0.718912
-40.281082 , 0.730054
-40.288711 , 0.735878
-40.296341 , 0.736384
-40.303971 , 0.731571
-40.3116 , 0.713184
-40.31923 , 0.689479
-40.32686 , 0.669762
-40.334489 , 0.647387
-40.342119 , 0.626839
-40.349749 , 0.603632
-40.357378 , 0.583251
-40.365008 , 0.56021
-40.372638 , 0.522552
-40.380267 , 0.484894
-40.387897 , 0.447069
-40.395527 , 0.409245
-40.403156 , 0.37142
-40.410786 , 0.333596
-40.418416 , 0.295772
-40.426045 , 0.257947
-40.433675 , 0.232034
-40.441305 , 0.206121
-40.448934 , 0.179045
-40.456564 , 0.154628
-40.464194 , 0.120737
-40.471823 , 0.092165
-40.479453 , 0.068745
-40.487083 , 0.050644
-40.494712 , 0.042384
-40.502342 , 0.039442
-40.509972 , 0.041653
-40.517601 , 0.049182
-40.525231 , 0.068679
-40.532861 , 0.090835
-40.54049 , 0.110332
-40.54812 , 0.132488
-40.55575 , 0.160627
-40.563379 , 0.188766
-40.571009 , 0.217072
-40.578639 , 0.245378
-40.586268 , 0.273683
-40.593898 , 0.301989
-40.601528 , 0.330294
-40.609157 , 0.3586
-40.616787 , 0.386991
-40.624417 , 0.415382
-40.632046 , 0.443607
-40.639676 , 0.471833
-40.647306 , 0.506539
-40.654935 , 0.538588
-40.662565 , 0.564153
-40.670195 , 0.584401
-40.677824 , 0.597057
-40.685454 , 0.604396
-40.693084 , 0.606414
-40.700713 , 0.603117
-40.708343 , 0.595329
-40.715973 , 0.582224
-40.723602 , 0.562636
-40.731232 , 0.54039
-40.738862 , 0.526515
-40.746491 , 0.512642
-40.754121 , 0.497437
-40.761751 , 0.484894
-40.76938 , 0.46221
-40.77701 , 0.444846
-40.78464 , 0.432633
-40.792269 , 0.425741
-40.799899 , 0.430149
-40.807529 , 0.439878
-40.815158 , 0.454923
-40.822788 , 0.475288
-40.830418 , 0.500971
-40.838047 , 0.531974
-40.845677 , 0.568294
-40.853307 , 0.609934
-40.860936 , 0.664355
-40.868566 , 0.724097
-40.876196 , 0.789155
-40.883825 , 0.859534
-40.891455 , 0.934565
-40.899085 , 1.014916
-40.906714 , 1.100418
-40.914344 , 1.19124
-40.921974 , 1.283003
-40.929603 , 1.377427
-40.937233 , 1.470519
-40.944863 , 1.563612
-40.952492 , 1.663575
-40.960122 , 1.760879
-40.967752 , 1.851478
-40.975381 , 1.93676
-40.983011 , 2.012338
-40.990641 , 2.079053
-40.99827 , 2.137124
-41.0059 , 2.186332
-41.01353 , 2.22756
-41.021159 , 2.259926
-41.028789 , 2.283648
-41.036419 , 2.298506
-41.044048 , 2.306658
-41.051678 , 2.309494
-41.059308 , 2.305625
-41.066937 , 2.299097
-41.074567 , 2.298608
-41.082197 , 2.29812
-41.089826 , 2.297463
-41.097456 , 2.296808
-41.105086 , 2.291185
-41.112715 , 2.285562
-41.120345 , 2.279939
-41.127975 , 2.274315
-41.135604 , 2.268692
-41.143234 , 2.263068
-41.150864 , 2.257611
-41.158493 , 2.252154
-41.166123 , 2.251074
-41.173753 , 2.252653
-41.181382 , 2.250076
-41.189012 , 2.252819
-41.196642 , 2.265202
-41.204271 , 2.282903
-41.211901 , 2.307252
-41.219531 , 2.334261
-41.22716 , 2.364975
-41.23479 , 2.398348
-41.24242 , 2.429062
-41.250049 , 2.462435
-41.257679 , 2.493648
-41.265309 , 2.527519
-41.272938 , 2.560061
-41.280568 , 2.592604
-41.288198 , 2.636393
-41.295827 , 2.680182
-41.303457 , 2.72397
-41.311087 , 2.767759
-41.318716 , 2.811548
-41.326346 , 2.855337
-41.333976 , 2.899126
-41.341605 , 2.942915
-41.349235 , 2.98686
-41.356865 , 3.030807
-41.364494 , 3.074751
-41.372124 , 3.118698
-41.379754 , 3.162642
-41.387383 , 3.206589
-41.395013 , 3.250534
-41.402643 , 3.29448
-41.410272 , 3.358813
-41.417902 , 3.423148
-41.425532 , 3.487481
-41.433161 , 3.551815
-41.440791 , 3.616148
-41.448421 , 3.680483
-41.456051 , 3.744816
-41.46368 , 3.809151
-41.47131 , 3.869931
-41.47894 , 3.930713
-41.486569 , 3.991493
-41.494199 , 4.052275
-41.501829 , 4.11372
-41.509458 , 4.175167
-41.517088 , 4.236778
-41.524718 , 4.298391
-41.532347 , 4.357953
-41.539977 , 4.420176
-41.547607 , 4.488878
-41.555236 , 4.562901
-41.562866 , 4.64141
-41.570496 , 4.72524
-41.578125 , 4.814386
-41.585755 , 4.908854
-41.593385 , 5.011324
-41.601014 , 5.119115
-41.608644 , 5.232224
-41.616274 , 5.350652
-41.623903 , 5.474397
-41.631533 , 5.603463
-41.639163 , 5.737845
-41.646792 , 5.877549
-41.654422 , 6.024397
-41.662052 , 6.176566
-41.669681 , 6.335382
-41.677311 , 6.496858
-41.684941 , 6.65052
-41.69257 , 6.806845
-41.7002 , 6.960341
-41.70783 , 7.116499
-41.715459 , 7.286901
-41.723089 , 7.457304
-41.730719 , 7.627872
-41.738348 , 7.798441
-41.745978 , 7.969008
-41.753608 , 8.139578
-41.761237 , 8.309979
-41.768867 , 8.480383
-41.776497 , 8.647737
-41.784126 , 8.812433
-41.791756 , 8.981284
-41.799386 , 9.144817
-41.807015 , 9.298709
-41.814645 , 9.447283
-41.822275 , 9.589374
-41.829904 , 9.728806
-41.837534 , 9.869473
-41.845164 , 10.01014
-41.852793 , 10.149476
-41.860423 , 10.291473
-41.868053 , 10.445269
-41.875682 , 10.604385
-41.883312 , 10.76688
-41.890942 , 10.938242
-41.898571 , 11.122011
-41.906201 , 11.314646
-41.913831 , 11.516144
-41.92146 , 11.726507
-41.92909 , 11.944847
-41.93672 , 12.172054
-41.944349 , 12.408123
-41.951979 , 12.653059
-41.959609 , 12.908693
-41.967238 , 13.173193
-41.974868 , 13.441236
-41.982498 , 13.7146
-41.990127 , 13.993114
-41.997757 , 14.276949
-42.005387 , 14.56743
-42.013016 , 14.860575
-42.020646 , 15.15992
-42.028276 , 15.461927
-42.035905 , 15.762602
-42.043535 , 16.06328
-42.051165 , 16.364786
-42.058794 , 16.666296
-42.066424 , 16.967802
-42.074054 , 17.269312
-42.081683 , 17.564531
-42.089313 , 17.859753
-42.096943 , 18.156137
-42.104572 , 18.449863
-42.112202 , 18.752619
-42.119832 , 19.050056
-42.127461 , 19.342119
-42.135091 , 19.628864
-42.142721 , 19.903862
-42.15035 , 20.169998
-42.15798 , 20.42749
-42.16561 , 20.676117
-42.173239 , 20.916323
-42.180869 , 21.147665
-42.188499 , 21.370142
-42.196128 , 21.583755
-42.203758 , 21.788441
-42.211388 , 21.984264
-42.219017 , 22.172995
-42.226647 , 22.349314
-42.234277 , 22.510342
-42.241906 , 22.658962
-42.249536 , 22.79517
-42.257166 , 22.918968
-42.264795 , 23.034567
-42.272425 , 23.137756
-42.280055 , 23.233852
-42.287684 , 23.321085
-42.295314 , 23.398788
-42.302944 , 23.467628
-42.310573 , 23.527603
-42.318203 , 23.578711
-42.325833 , 23.618914
-42.333462 , 23.650257
-42.341092 , 23.672729
-42.348722 , 23.686342
-42.356351 , 23.690424
-42.363981 , 23.685638
-42.371611 , 23.673765
-42.37924 , 23.649481
-42.38687 , 23.613005
-42.3945 , 23.564127
-42.402129 , 23.502831
-42.409759 , 23.429127
-42.417389 , 23.343901
-42.425018 , 23.246262
-42.432648 , 23.136213
-42.440278 , 23.013756
-42.447907 , 22.879074
-42.455537 , 22.731983
-42.463167 , 22.577799
-42.470796 , 22.414753
-42.478426 , 22.242617
-42.486056 , 22.061621
-42.493685 , 21.871979
-42.501315 , 21.673473
-42.508945 , 21.463888
-42.516574 , 21.248983
-42.524204 , 21.028538
-42.531834 , 20.802774
-42.539463 , 20.571915
-42.547093 , 20.335735
-42.554723 , 20.094236
-42.562352 , 19.847422
-42.569982 , 19.591824
-42.577612 , 19.33091
-42.585241 , 19.07415
-42.592871 , 18.814732
-42.600501 , 18.555811
-42.60813 , 18.29689
-42.61576 , 18.03797
-42.62339 , 17.779051
-42.631019 , 17.522512
-42.638649 , 17.268635
-42.646279 , 17.010599
-42.653908 , 16.757885
-42.661538 , 16.520958
-42.669168 , 16.289352
-42.676797 , 16.052427
-42.684427 , 15.82082
-42.692057 , 15.611076
-42.699686 , 15.406652
-42.707316 , 15.198238
-42.714946 , 14.992485
-42.722576 , 14.784069
-42.730205 , 14.578316
-42.737835 , 14.371231
-42.745465 , 14.164148
-42.753094 , 13.971855
-42.760724 , 13.779564
-42.768354 , 13.587273
-42.775983 , 13.394981
-42.783613 , 13.202688
-42.791243 , 13.010399
-42.798872 , 12.818106
-42.806502 , 12.625814
-42.814132 , 12.441681
-42.821761 , 12.257545
-42.829391 , 12.073412
-42.837021 , 11.889277
-42.84465 , 11.705143
-42.85228 , 11.521009
-42.85991 , 11.33704
-42.867539 , 11.153072
-42.875169 , 10.977692
-42.882799 , 10.80497
-42.890428 , 10.628094
-42.898058 , 10.456535
-42.905688 , 10.300768
-42.913317 , 10.150317
-42.920947 , 9.99455
-42.928577 , 9.8441
-42.936206 , 9.708532
-42.943836 , 9.578284
-42.951466 , 9.442718
-42.959095 , 9.312469
-42.966725 , 9.19801
-42.974355 , 9.088871
-42.981984 , 8.975741
-42.989614 , 8.865273
-42.997244 , 8.762892
-43.004873 , 8.66317
-43.012503 , 8.55946
-43.020133 , 8.461068
-43.027762 , 8.37359
-43.035392 , 8.291431
-43.043022 , 8.214813
-43.050651 , 8.143514
-43.058281 , 8.076405
-43.065911 , 8.018163
-43.07354 , 7.970335
-43.08117 , 7.927827
-43.0888 , 7.886038
-43.096429 , 7.849569
-43.104059 , 7.81958
-43.111689 , 7.792253
-43.119318 , 7.766697
-43.126948 , 7.741142
-43.134578 , 7.716916
-43.142207 , 7.690032
-43.149837 , 7.646691
-43.157467 , 7.598034
-43.165096 , 7.554859
-43.172726 , 7.506368
-43.180356 , 7.438851
-43.187985 , 7.366017
-43.195615 , 7.298501
-43.203245 , 7.225667
-43.210874 , 7.137041
-43.218504 , 7.043099
-43.226134 , 6.953144
-43.233763 , 6.860532
-43.241393 , 6.753568
-43.249023 , 6.643947
-43.256652 , 6.536983
-43.264282 , 6.427362
-43.271912 , 6.320564
-43.279541 , 6.211109
-43.287171 , 6.102983
-43.294801 , 5.994857
-43.30243 , 5.881358
-43.31006 , 5.76786
-43.31769 , 5.654361
-43.325319 , 5.540863
-43.332949 , 5.427363
-43.340579 , 5.313866
-43.348208 , 5.200367
-43.355838 , 5.086869
-43.363468 , 4.980905
-43.371097 , 4.874942
-43.378727 , 4.768977
-43.386357 , 4.663013
-43.393986 , 4.557049
-43.401616 , 4.451086
-43.409246 , 4.345121
-43.416875 , 4.239159
-43.424505 , 4.127342
-43.432135 , 4.015528
-43.439764 , 3.902548
-43.447394 , 3.792229
-43.455024 , 3.699027
-43.462653 , 3.611147
-43.470283 , 3.517779
-43.477913 , 3.429732
-43.485542 , 3.359412
-43.493172 , 3.294413
-43.500802 , 3.224092
-43.508431 , 3.159093
-43.516061 , 3.109881
-43.523691 , 3.06599
-43.53132 , 3.017942
-43.53895 , 2.972556
-43.54658 , 2.932413
-43.554209 , 2.89227
-43.561839 , 2.852294
-43.569469 , 2.812317
-43.577098 , 2.772341
-43.584728 , 2.732364
-43.592358 , 2.692388
-43.599987 , 2.652411
-43.607617 , 2.630607
-43.615247 , 2.608802
-43.622876 , 2.586998
-43.630506 , 2.565193
-43.638136 , 2.543389
-43.645765 , 2.521585
-43.653395 , 2.49978
-43.661025 , 2.477976
-43.668654 , 2.466968
-43.676284 , 2.45596
-43.683914 , 2.444952
-43.691543 , 2.433945
-43.699173 , 2.422936
-43.706803 , 2.411928
-43.714432 , 2.400921
-43.722062 , 2.389913
-43.729692 , 2.373863
-43.737321 , 2.357814
-43.744951 , 2.342928
-43.752581 , 2.325382
-43.76021 , 2.290884
-43.76784 , 2.251067
-43.77547 , 2.215405
-43.783099 , 2.177083
-43.790729 , 2.130067
-43.798359 , 2.080393
-43.805988 , 2.032048
-43.813618 , 1.983704
-43.821248 , 1.935192
-43.828877 , 1.886682
-43.836507 , 1.83817
-43.844137 , 1.789659
-43.851766 , 1.747796
-43.859396 , 1.705934
-43.867026 , 1.66407
-43.874655 , 1.622208
-43.882285 , 1.580344
-43.889915 , 1.538482
-43.897544 , 1.496619
-43.905174 , 1.454757
-43.912804 , 1.407928
-43.920433 , 1.3611
-43.928063 , 1.3156
-43.935693 , 1.267444
-43.943322 , 1.222276
-43.950952 , 1.174452
-43.958582 , 1.127955
-43.966212 , 1.08146
-43.973841 , 1.022996
-43.981471 , 0.964534
-43.989101 , 0.904852
-43.99673 , 0.84783
-44.00436 , 0.80848
-44.01199 , 0.773564
-44.019619 , 0.733107
-44.027249 , 0.698856
-44.034879 , 0.684183
-44.042508 , 0.673942
-44.050138 , 0.659269
-44.057768 , 0.649028
-44.065397 , 0.635075
-44.073027 , 0.623782
-44.080657 , 0.611269
-44.088286 , 0.598757
-44.095916 , 0.60281
-44.103546 , 0.606863
-44.111175 , 0.611082
-44.118805 , 0.615302
-44.126435 , 0.618191
-44.134064 , 0.62374
-44.141694 , 0.626463
-44.149324 , 0.631846
-44.156953 , 0.650532
-44.164583 , 0.671878
-44.172213 , 0.691894
-44.179842 , 0.71191
-44.187472 , 0.732092
-44.195102 , 0.752275
-44.202731 , 0.772457
-44.210361 , 0.792639
-44.217991 , 0.817253
-44.22562 , 0.841867
-44.23325 , 0.866482
-44.24088 , 0.891096
-44.248509 , 0.91571
-44.256139 , 0.940325
-44.263769 , 0.96494
-44.271398 , 0.989554
-44.279028 , 1.022506
-44.286658 , 1.055459
-44.294287 , 1.088411
-44.301917 , 1.121364
-44.309547 , 1.154316
-44.317176 , 1.187269
-44.324806 , 1.220055
-44.332436 , 1.252841
-44.340065 , 1.282636
-44.347695 , 1.309771
-44.355325 , 1.340508
-44.362954 , 1.366812
-44.370584 , 1.382035
-44.378214 , 1.391054
-44.385843 , 1.396637
-44.393473 , 1.394243
-44.401103 , 1.387631
-44.408732 , 1.373041
-44.416362 , 1.348811
-44.423992 , 1.316603
-44.431621 , 1.27143
-44.439251 , 1.220053
-44.446881 , 1.163357
-44.45451 , 1.102229
-44.46214 , 1.045367
-44.46977 , 0.985845
-44.477399 , 0.92782
-44.485029 , 0.869794
-44.492659 , 0.804511
-44.500288 , 0.743659
-44.507918 , 0.687185
-44.515548 , 0.638689
-44.523177 , 0.610154
-44.530807 , 0.593144
-44.538437 , 0.589097
-44.546066 , 0.596575
-44.553696 , 0.605272
-44.561326 , 0.623719
-44.568955 , 0.652638
-44.576585 , 0.685988
-44.584215 , 0.72366
-44.591844 , 0.761333
-44.599474 , 0.799116
-44.607104 , 0.836898
-44.614733 , 0.877119
-44.622363 , 0.91468
-44.629993 , 0.955067
-44.637622 , 0.992795
-44.645252 , 1.013936
-44.652882 , 1.032418
-44.660511 , 1.053559
-44.668141 , 1.072042
-44.675771 , 1.093072
-44.6834 , 1.111443
-44.69103 , 1.13336
-44.69866 , 1.150845
-44.706289 , 1.145504
-44.713919 , 1.13573
-44.721549 , 1.129503
-44.729178 , 1.120616
-44.736808 , 1.114444
-44.744438 , 1.105612
-44.752067 , 1.09811
-44.759697 , 1.090608
-44.767327 , 1.074696
-44.774956 , 1.058784
-44.782586 , 1.042872
-44.790216 , 1.026961
-44.797845 , 1.011048
-44.805475 , 0.995137
-44.813105 , 0.979225
-44.820734 , 0.963314
-44.828364 , 0.964243
-44.835994 , 0.965175
-44.843623 , 0.966105
-44.851253 , 0.967036
-44.858883 , 0.967966
-44.866512 , 0.968897
-44.874142 , 0.969827
-44.881772 , 0.970758
-44.889401 , 0.969049
-44.897031 , 0.967342
-44.904661 , 0.965634
-44.91229 , 0.963927
-44.91992 , 0.962218
-44.92755 , 0.960511
-44.935179 , 0.958802
-44.942809 , 0.957095
-44.950439 , 0.939873
-44.958068 , 0.922653
-44.965698 , 0.905432
-44.973328 , 0.888212
-44.980957 , 0.87099
-44.988587 , 0.85377
-44.996217 , 0.836549
-45.003846 , 0.819329
-45.011476 , 0.795043
-45.019106 , 0.77076
-45.026735 , 0.745311
-45.034365 , 0.722523
-45.041995 , 0.716853
-45.049624 , 0.716503
-45.057254 , 0.710667
-45.064884 , 0.710151
-45.072513 , 0.73534
-45.080143 , 0.76585
-45.087773 , 0.790707
-45.095402 , 0.820884
-45.103032 , 0.847126
-45.110662 , 0.873369
-45.118291 , 0.901107
-45.125921 , 0.926187
-45.133551 , 0.950067
-45.14118 , 0.968631
-45.14881 , 0.976721
-45.15644 , 0.975949
-45.164069 , 0.964981
-45.171699 , 0.94515
-45.179329 , 0.922104
-45.186958 , 0.893742
-45.194588 , 0.863383
-45.202218 , 0.833025
-45.209848 , 0.802334
-45.217477 , 0.771645
-45.225107 , 0.740288
-45.232737 , 0.708934
-45.240366 , 0.677577
-45.247996 , 0.646223
-45.255626 , 0.637577
-45.263255 , 0.628932
-45.270885 , 0.620452
-45.278515 , 0.611974
-45.286144 , 0.60233
-45.293774 , 0.595348
-45.301404 , 0.584208
-45.309033 , 0.57839
-45.316663 , 0.593677
-45.324293 , 0.614285
-45.331922 , 0.629573
-45.339552 , 0.650181
-45.347182 , 0.686411
-45.354811 , 0.727961
-45.362441 , 0.766684
-45.370071 , 0.805409
-45.3777 , 0.841867
-45.38533 , 0.875669
-45.39296 , 0.913623
-45.400589 , 0.94626
-45.408219 , 0.963106
-45.415849 , 0.974635
-45.423478 , 0.991481
-45.431108 , 1.00301
-45.438738 , 0.991656
-45.446367 , 0.974985
-45.453997 , 0.962467
-45.461627 , 0.947292
-45.469256 , 0.933279
-45.476886 , 0.919267
-45.484516 , 0.905087
-45.492145 , 0.890909
-45.499775 , 0.87884
-45.507405 , 0.866773
-45.515034 , 0.85487
-45.522664 , 0.842968
-45.530294 , 0.829902
-45.537923 , 0.819497
-45.545553 , 0.804935
-45.553183 , 0.795693
-45.560812 , 0.81199
-45.568442 , 0.833607
-45.576072 , 0.849738
-45.583701 , 0.871189
-45.591331 , 0.888484
-45.598961 , 0.908439
-45.60659 , 0.927229
-45.61422 , 0.946021
-45.62185 , 0.963461
-45.629479 , 0.980902
-45.637109 , 0.998342
-45.644739 , 1.015783
-45.652368 , 1.033223
-45.659998 , 1.050665
-45.667628 , 1.068104
-45.675257 , 1.085546
-45.682887 , 1.094564
-45.690517 , 1.103585
-45.698146 , 1.112437
-45.705776 , 1.121291
-45.713406 , 1.130199
-45.721035 , 1.136449
-45.728665 , 1.146631
-45.736295 , 1.151496
-45.743924 , 1.142064
-45.751554 , 1.123769
-45.759184 , 1.096829
-45.766813 , 1.061027
-45.774443 , 1.014807
-45.782073 , 0.959724
-45.789702 , 0.901261
-45.797332 , 0.83748
-45.804962 , 0.770983
-45.812591 , 0.701828
-45.820221 , 0.634002
-45.827851 , 0.566176
-45.83548 , 0.49702
-45.84311 , 0.430525
-45.85074 , 0.359872
-45.858369 , 0.29454
-45.865999 , 0.245876
-45.873629 , 0.202532
-45.881258 , 0.164727
-45.888888 , 0.132242
-45.896518 , 0.09909
-45.904147 , 0.074805
-45.911777 , 0.05916
-45.919407 , 0.052382
-45.927036 , 0.060228
-45.934666 , 0.076941
-45.942296 , 0.102516
-45.949925 , 0.136958
-45.957555 , 0.179154
-45.965185 , 0.230216
-45.972814 , 0.289919
-45.980444 , 0.358489
-45.988074 , 0.433703
-45.995703 , 0.514238
-46.003333 , 0.592334
-46.010963 , 0.670431
-46.018592 , 0.748526
-46.026222 , 0.826623
-46.033852 , 0.907378
-46.041481 , 0.982815
-46.049111 , 1.050828
-46.056741 , 1.113523
-46.06437 , 1.165579
-46.072 , 1.208772
-46.07963 , 1.244429
-46.087259 , 1.271223
-46.094889 , 1.289151
-46.102519 , 1.298216
-46.110148 , 1.29514
-46.117778 , 1.2832
-46.125408 , 1.262617
-46.133037 , 1.23317
-46.140667 , 1.190203
-46.148297 , 1.14192
-46.155926 , 1.088427
-46.163556 , 1.029617
-46.171186 , 0.97978
-46.178815 , 0.929945
-46.186445 , 0.877339
-46.194075 , 0.830053
-46.201704 , 0.787086
-46.209334 , 0.752986
-46.216964 , 0.727527
-46.224593 , 0.710934
-46.232223 , 0.704288
-46.239853 , 0.70651
-46.247482 , 0.717372
-46.255112 , 0.737101
-46.262742 , 0.770346
-46.270371 , 0.808911
-46.278001 , 0.852849
-46.285631 , 0.902108
-46.29326 , 0.951641
-46.30089 , 1.003836
-46.30852 , 1.054865
-46.316149 , 1.105896
-46.323779 , 1.15759
-46.331409 , 1.209286
-46.339038 , 1.262144
-46.346668 , 1.312344
-46.354298 , 1.357037
-46.361927 , 1.396412
-46.369557 , 1.441271
-46.377187 , 1.480813
-46.384816 , 1.504564
-46.392446 , 1.522997
-46.400076 , 1.545418
-46.407705 , 1.565181
-46.415335 , 1.577241
-46.422965 , 1.586645
-46.430594 , 1.598705
-46.438224 , 1.608108
-46.445854 , 1.620168
-46.453483 , 1.629571
-46.461113 , 1.641632
-46.468743 , 1.651034
-46.476373 , 1.646805
-46.484002 , 1.639918
-46.491632 , 1.634358
-46.499262 , 1.628801
-46.506891 , 1.623075
-46.514521 , 1.617352
-46.522151 , 1.611626
-46.52978 , 1.605902
-46.53741 , 1.604609
-46.54504 , 1.603317
-46.552669 , 1.602024
-46.560299 , 1.600732
-46.567929 , 1.599439
-46.575558 , 1.598147
-46.583188 , 1.596854
-46.590818 , 1.595562
-46.598447 , 1.601091
-46.606077 , 1.606621
-46.613707 , 1.612149
-46.621336 , 1.617679
-46.628966 , 1.623041
-46.636596 , 1.628404
-46.644225 , 1.63493
-46.651855 , 1.638797
-46.659485 , 1.633079
-46.667114 , 1.622044
-46.674744 , 1.616491
-46.682374 , 1.605622
-46.690003 , 1.578961
-46.697633 , 1.546983
-46.705263 , 1.519159
-46.712892 , 1.488677
-46.720522 , 1.450894
-46.728152 , 1.413113
-46.735781 , 1.375164
-46.743411 , 1.337216
-46.751041 , 1.299433
-46.75867 , 1.261652
-46.7663 , 1.222373
-46.77393 , 1.185756
-46.781559 , 1.152516
-46.789189 , 1.119277
-46.796819 , 1.086038
-46.804448 , 1.052799
-46.812078 , 1.020889
-46.819708 , 0.986321
-46.827337 , 0.954577
-46.834967 , 0.920176
-46.842597 , 0.873881
-46.850226 , 0.82493
-46.857856 , 0.777472
-46.865486 , 0.730016
-46.873115 , 0.676409
-46.880745 , 0.625463
-46.888375 , 0.580664
-46.896004 , 0.542073
-46.903634 , 0.512344
-46.911264 , 0.490595
-46.918893 , 0.478374
-46.926523 , 0.474132
-46.934153 , 0.468669
-46.941782 , 0.469414
-46.949412 , 0.475475
-46.957042 , 0.485971
-46.964671 , 0.510755
-46.972301 , 0.538198
-46.979931 , 0.562927
-46.98756 , 0.590315
-46.99519 , 0.617038
-47.00282 , 0.643761
-47.010449 , 0.67065
-47.018079 , 0.69754
-47.025709 , 0.728418
-47.033338 , 0.759296
-47.040968 , 0.790175
-47.048598 , 0.821054
-47.056227 , 0.851766
-47.063857 , 0.882478
-47.071487 , 0.914519
-47.079116 , 0.943902
-47.086746 , 0.956213
-47.094376 , 0.965866
-47.102005 , 0.978343
-47.109635 , 0.988162
-47.117265 , 0.99931
-47.124894 , 1.010458
-47.132524 , 1.021606
-47.140154 , 1.032754
-47.147783 , 1.045786
-47.155413 , 1.061477
-47.163043 , 1.073456
-47.170672 , 1.089867
-47.178302 , 1.1229
-47.185932 , 1.160364
-47.193561 , 1.194116
-47.201191 , 1.230528
-47.208821 , 1.268081
-47.21645 , 1.305633
-47.22408 , 1.343186
-47.23171 , 1.380739
-47.239339 , 1.419621
-47.246969 , 1.455844
-47.254599 , 1.494893
-47.262228 , 1.531281
-47.269858 , 1.545953
-47.277488 , 1.557965
-47.285117 , 1.572636
-47.292747 , 1.584648
-47.300377 , 1.599319
-47.308006 , 1.611331
-47.315636 , 1.626169
-47.323266 , 1.638347
-47.330895 , 1.638275
-47.338525 , 1.638202
-47.346155 , 1.637963
-47.353784 , 1.637724
-47.361414 , 1.637485
-47.369044 , 1.637246
-47.376673 , 1.637007
-47.384303 , 1.636768
-47.391933 , 1.641405
-47.399562 , 1.646041
-47.407192 , 1.650678
-47.414822 , 1.655314
-47.422451 , 1.660782
-47.430081 , 1.66625
-47.437711 , 1.670498
-47.44534 , 1.677406
-47.45297 , 1.690665
-47.4606 , 1.708357
-47.468229 , 1.73037
-47.475859 , 1.760362
-47.483489 , 1.801543
-47.491118 , 1.850704
-47.498748 , 1.910279
-47.506378 , 1.976061
-47.514007 , 2.043171
-47.521637 , 2.112943
-47.529267 , 2.182712
-47.536896 , 2.249824
-47.544526 , 2.310729
-47.552156 , 2.36543
-47.559785 , 2.409715
-47.567415 , 2.446022
-47.575045 , 2.476836
-47.582674 , 2.499675
-47.590304 , 2.519075
-47.597934 , 2.532273
-47.605563 , 2.534389
-47.613193 , 2.532075
-47.620823 , 2.53336
-47.628452 , 2.531986
-47.636082 , 2.529836
-47.643712 , 2.527687
-47.651341 , 2.525371
-47.658971 , 2.523056
-47.666601 , 2.520905
-47.67423 , 2.518757
-47.68186 , 2.515111
-47.68949 , 2.514126
-47.697119 , 2.520634
-47.704749 , 2.527142
-47.712379 , 2.532653
-47.720009 , 2.540823
-47.727638 , 2.566113
-47.735268 , 2.596721
-47.742898 , 2.621678
-47.750527 , 2.651954
-47.758157 , 2.684723
-47.765787 , 2.720151
-47.773416 , 2.754416
-47.781046 , 2.788681
-47.788676 , 2.822946
-47.796305 , 2.857211
-47.803935 , 2.892639
-47.811565 , 2.925408
-47.819194 , 2.940344
-47.826824 , 2.949962
-47.834454 , 2.963901
-47.842083 , 2.975181
-47.849713 , 2.987623
-47.857343 , 3.000067
-47.864972 , 3.012343
-47.872602 , 3.02462
-47.880232 , 3.036898
-47.887861 , 3.049174
-47.895491 , 3.061451
-47.903121 , 3.073728
-47.91075 , 3.086005
-47.91838 , 3.098282
-47.92601 , 3.110559
-47.933639 , 3.122835
-47.941269 , 3.147029
-47.948899 , 3.171225
-47.956528 , 3.194255
-47.964158 , 3.219946
-47.971788 , 3.241481
-47.979417 , 3.268335
-47.987047 , 3.289537
-47.994677 , 3.316059
-48.002306 , 3.360143
-48.009936 , 3.406887
-48.017566 , 3.452466
-48.025195 , 3.498047
-48.032825 , 3.543793
-48.040455 , 3.58954
-48.048084 , 3.635451
-48.055714 , 3.681364
-48.063344 , 3.734166
-48.070973 , 3.78963
-48.078603 , 3.840937
-48.086233 , 3.897563
-48.093862 , 3.969977
-48.101492 , 4.047713
-48.109122 , 4.120128
-48.116751 , 4.197863
-48.124381 , 4.30158
-48.132011 , 4.410618
-48.13964 , 4.515665
-48.14727 , 4.623373
-48.1549 , 4.728586
-48.162529 , 4.836461
-48.170159 , 4.941507
-48.177789 , 5.049216
-48.185418 , 5.163237
-48.193048 , 5.277259
-48.200678 , 5.391279
-48.208307 , 5.505301
-48.215937 , 5.620485
-48.223567 , 5.733012
-48.231196 , 5.849691
-48.238826 , 5.961055
-48.246456 , 6.048371
-48.254085 , 6.13037
-48.261715 , 6.216523
-48.269345 , 6.300019
-48.276974 , 6.384676
-48.284604 , 6.469335
-48.292234 , 6.553992
-48.299863 , 6.638651
-48.307493 , 6.724049
-48.315123 , 6.812108
-48.322752 , 6.89601
-48.330382 , 6.985232
-48.338012 , 7.079827
-48.345641 , 7.179743
-48.353271 , 7.293839
-48.360901 , 7.416802
-48.36853 , 7.543975
-48.37616 , 7.680013
-48.38379 , 7.828238
-48.391419 , 7.985328
-48.399049 , 8.145631
-48.406679 , 8.311254
-48.414308 , 8.474437
-48.421938 , 8.637623
-48.429568 , 8.798645
-48.437197 , 8.959668
-48.444827 , 9.120691
-48.452457 , 9.281713
-48.460086 , 9.442737
-48.467716 , 9.60376
-48.475346 , 9.764616
-48.482975 , 9.925472
-48.490605 , 10.075083
-48.498235 , 10.222033
-48.505864 , 10.373138
-48.513494 , 10.518927
-48.521124 , 10.64909
-48.528753 , 10.773933
-48.536383 , 10.902933
-48.544013 , 11.029274
-48.551642 , 11.160692
-48.559272 , 11.292109
-48.566902 , 11.423525
-48.574531 , 11.554943
-48.582161 , 11.685196
-48.589791 , 11.81811
-48.59742 , 11.946867
-48.60505 , 12.080942
-48.61268 , 12.234354
-48.620309 , 12.393085
-48.627939 , 12.546497
-48.635569 , 12.705229
-48.643198 , 12.879915
-48.650828 , 13.059919
-48.658458 , 13.234274
-48.666087 , 13.413946
-48.673717 , 13.602949
-48.681347 , 13.791954
-48.688976 , 13.981289
-48.696606 , 14.170626
-48.704236 , 14.359962
-48.711865 , 14.549299
-48.719495 , 14.738634
-48.727125 , 14.927971
-48.734754 , 15.119967
-48.742384 , 15.311962
-48.750014 , 15.503958
-48.757643 , 15.695953
-48.765273 , 15.887947
-48.772903 , 16.079945
-48.780532 , 16.271938
-48.788162 , 16.463936
-48.795792 , 16.648085
-48.803421 , 16.832233
-48.811051 , 17.017546
-48.818681 , 17.200199
-48.82631 , 17.391661
-48.83394 , 17.577805
-48.84157 , 17.758795
-48.849199 , 17.934469
-48.856829 , 18.096401
-48.864459 , 18.253016
-48.872088 , 18.393673
-48.879718 , 18.529013
-48.887348 , 18.665016
-48.894977 , 18.795702
-48.902607 , 18.921068
-48.910237 , 19.041119
-48.917866 , 19.160229
-48.925496 , 19.274021
-48.933126 , 19.382494
-48.940755 , 19.485649
-48.948385 , 19.583485
-48.956015 , 19.676003
-48.963645 , 19.763201
-48.971274 , 19.845081
-48.978904 , 19.922085
-48.986534 , 19.993771
-48.994163 , 20.060139
-49.001793 , 20.121187
-49.009423 , 20.177748
-49.017052 , 20.228991
-49.024682 , 20.27375
-49.032312 , 20.315851
-49.039941 , 20.356199
-49.047571 , 20.396549
-49.055201 , 20.436731
-49.06283 , 20.476913
-49.07046 , 20.516432
-49.07809 , 20.55595
-49.085719 , 20.595467
-49.093349 , 20.634985
-49.100979 , 20.673283
-49.108608 , 20.711582
-49.116238 , 20.752319
-49.123868 , 20.787737
-49.131497 , 20.818834
-49.139127 , 20.841066
-49.146757 , 20.852882
-49.154386 , 20.852287
-49.162016 , 20.845133
-49.169646 , 20.825569
-49.177275 , 20.78495
-49.184905 , 20.728376
-49.192535 , 20.651634
-49.200164 , 20.562485
-49.207794 , 20.464247
-49.215424 , 20.353601
-49.223053 , 20.238077
-49.230683 , 20.110146
-49.238313 , 19.971796
-49.245942 , 19.824585
-49.253572 , 19.665403
-49.261202 , 19.500906
-49.268831 , 19.331034
-49.276461 , 19.155844
-49.284091 , 18.976128
-49.29172 , 18.793756
-49.29935 , 18.612547
-49.30698 , 18.431337
-49.314609 , 18.249296
-49.322239 , 18.067257
-49.329869 , 17.885216
-49.337498 , 17.703176
-49.345128 , 17.510941
-49.352758 , 17.318708
-49.360387 , 17.126307
-49.368017 , 16.933907
-49.375647 , 16.742668
-49.383276 , 16.548773
-49.390906 , 16.35903
-49.398536 , 16.163971
-49.406165 , 15.946632
-49.413795 , 15.723972
-49.421425 , 15.50547
-49.429054 , 15.284307
-49.436684 , 15.064308
-49.444314 , 14.844309
-49.451943 , 14.624311
-49.459573 , 14.404312
-49.467203 , 14.184036
-49.474832 , 13.966419
-49.482462 , 13.744646
-49.490092 , 13.528194
-49.497721 , 13.32753
-49.505351 , 13.132185
-49.512981 , 12.931522
-49.52061 , 12.736177
-49.52824 , 12.55541
-49.53587 , 12.379961
-49.543499 , 12.199196
-49.551129 , 12.023746
-49.558759 , 11.864088
-49.566388 , 11.709749
-49.574018 , 11.55142
-49.581648 , 11.39575
-49.589277 , 11.252214
-49.596907 , 11.111336
-49.604537 , 10.9678
-49.612166 , 10.826923
-49.619796 , 10.683554
-49.627426 , 10.542843
-49.635055 , 10.398087
-49.642685 , 10.25865
-49.650315 , 10.134471
-49.657944 , 10.014723
-49.665574 , 9.890488
-49.673204 , 9.770684
-49.680833 , 9.66861
-49.688463 , 9.569195
-49.696093 , 9.467065
-49.703722 , 9.367595
-49.711352 , 9.27167
-49.718982 , 9.175746
-49.726611 , 9.080153
-49.734241 , 8.984561
-49.741871 , 8.887639
-49.7495 , 8.793377
-49.75713 , 8.696289
-49.76476 , 8.60186
-49.772389 , 8.527259
-49.780019 , 8.455317
-49.787649 , 8.380714
-49.795278 , 8.308773
-49.802908 , 8.234282
-49.810538 , 8.162451
-49.818167 , 8.086963
-49.825797 , 8.015907
-49.833427 , 7.961416
-49.841056 , 7.909586
-49.848686 , 7.856536
-49.856316 , 7.803486
-49.863945 , 7.750436
-49.871575 , 7.697387
-49.879205 , 7.645555
-49.886834 , 7.591065
-49.894464 , 7.520183
-49.902094 , 7.444869
-49.909723 , 7.373378
-49.917353 , 7.299228
-49.924983 , 7.22757
-49.932612 , 7.155913
-49.940242 , 7.08298
-49.947872 , 7.012709
-49.955501 , 6.94371
-49.963131 , 6.880919
-49.970761 , 6.828429
-49.97839 , 6.78392
-49.98602 , 6.751597
-49.99365 , 6.725482
-50.001279 , 6.704517
-50.008909 , 6.687986
-50.016539 , 6.67304
-50.024168 , 6.658095
-50.031798 , 6.644645
-50.039428 , 6.628536
-50.047057 , 6.595418
-50.054687 , 6.557868
-50.062317 , 6.525747
-50.069946 , 6.487422
-50.077576 , 6.436463
-50.085206 , 6.379302
-50.092835 , 6.327568
-50.100465 , 6.271403
-50.108095 , 6.197564
-50.115724 , 6.121066
-50.123354 , 6.045786
-50.130984 , 5.970508
-50.138613 , 5.893119
-50.146243 , 5.81573
-50.153873 , 5.738341
-50.161502 , 5.660952
-50.169132 , 5.583563
-50.176762 , 5.506174
-50.184391 , 5.428785
-50.192021 , 5.351397
-50.199651 , 5.264533
-50.20728 , 5.17767
-50.21491 , 5.092137
-50.22254 , 5.003945
-50.23017 , 4.918744
-50.237799 , 4.830884
-50.245429 , 4.744353
-50.253059 , 4.657824
-50.260688 , 4.568834
-50.268318 , 4.479846
-50.275948 , 4.391023
-50.283577 , 4.3022
-50.291207 , 4.212158
-50.298837 , 4.124777
-50.306466 , 4.033682
-50.314096 , 3.947021
-50.321726 , 3.886841
-50.329355 , 3.831094
-50.336985 , 3.770803
-50.344615 , 3.714945
-50.352244 , 3.655375
-50.359874 , 3.598464
-50.367504 , 3.540169
-50.375133 , 3.481873
-50.382763 , 3.419425
-50.390393 , 3.354319
-50.398022 , 3.292037
-50.405652 , 3.227097
-50.413282 , 3.164982
-50.420911 , 3.100207
-50.428541 , 3.036762
-50.436171 , 2.973317
-50.4438 , 2.895081
-50.45143 , 2.816843
-50.45906 , 2.738605
-50.466689 , 2.660368
-50.474319 , 2.582796
-50.481949 , 2.505223
-50.489578 , 2.427817
-50.497208 , 2.35041
-50.504838 , 2.268357
-50.512467 , 2.188964
-50.520097 , 2.11583
-50.527727 , 2.048903
-50.535356 , 1.994938
-50.542986 , 1.950725
-50.550616 , 1.913382
-50.558245 , 1.887563
-50.565875 , 1.87227
-50.573505 , 1.868501
-50.581134 , 1.877807
-50.588764 , 1.898636
-50.596394 , 1.926003
-50.604023 , 1.961349
-50.611653 , 2.001985
-50.619283 , 2.04528
-50.626912 , 2.089906
-50.634542 , 2.133203
-50.642172 , 2.179628
-50.649801 , 2.221623
-50.657431 , 2.247634
-50.665061 , 2.269213
-50.67269 , 2.295223
-50.68032 , 2.316802
-50.68795 , 2.322535
-50.695579 , 2.323836
-50.703209 , 2.328849
-50.710839 , 2.331203
-50.718468 , 2.334775
-50.726098 , 2.338348
-50.733728 , 2.341754
-50.741357 , 2.345161
-50.748987 , 2.342397
-50.756617 , 2.339633
-50.764246 , 2.33745
-50.771876 , 2.333939
-50.779506 , 2.332393
-50.787135 , 2.328189
-50.794765 , 2.327613
-50.802395 , 2.322605
-50.810024 , 2.292444
-50.817654 , 2.257852
-50.825284 , 2.227884
-50.832913 , 2.193486
-50.840543 , 2.16205
-50.848173 , 2.129286
-50.855802 , 2.097158
-50.863432 , 2.065032
-50.871062 , 2.029148
-50.878691 , 1.995925
-50.886321 , 1.959986
-50.893951 , 1.926708
-50.90158 , 1.906393
-50.90921 , 1.890511
-50.91684 , 1.879947
-50.924469 , 1.875589
-50.932099 , 1.874997
-50.939729 , 1.882384
-50.947358 , 1.900186
-50.954988 , 1.924194
-50.962618 , 1.954766
-50.970247 , 1.989772
-50.977877 , 2.02184
-50.985507 , 2.055239
-50.993136 , 2.091732
-51.000766 , 2.126897
-51.008396 , 2.164997
-51.016025 , 2.198666
-51.023655 , 2.216461
-51.031285 , 2.228052
-51.038914 , 2.246955
-51.046544 , 2.257881
-51.054174 , 2.248972
-51.061803 , 2.233859
-51.069433 , 2.22506
-51.077063 , 2.210058
-51.084692 , 2.178379
-51.092322 , 2.144041
-51.099952 , 2.110976
-51.107581 , 2.077912
-51.115211 , 2.054906
-51.122841 , 2.03456
-51.13047 , 2.011388
-51.1381 , 1.990875
-51.14573 , 1.967619
-51.153359 , 1.947023
-51.160989 , 1.924267
-51.168619 , 1.90284
-51.176248 , 1.887507
-51.183878 , 1.870845
-51.191508 , 1.857119
-51.199137 , 1.838961
-51.206767 , 1.80504
-51.214397 , 1.764915
-51.222026 , 1.731216
-51.229656 , 1.691312
-51.237286 , 1.629268
-51.244915 , 1.562792
-51.252545 , 1.499917
-51.260175 , 1.434382
-51.267804 , 1.37015
-51.275434 , 1.305917
-51.283064 , 1.240937
-51.290693 , 1.177286
-51.298323 , 1.121752
-51.305953 , 1.068877
-51.313582 , 1.013259
-51.321212 , 0.960301
-51.328842 , 0.904601
-51.336471 , 0.85156
-51.344101 , 0.796524
-51.351731 , 0.742818
-51.35936 , 0.700052
-51.36699 , 0.658618
-51.37462 , 0.615852
-51.382249 , 0.574418
-51.389879 , 0.531652
-51.397509 , 0.490218
-51.405138 , 0.447452
-51.412768 , 0.406018
-51.420398 , 0.378626
-51.428027 , 0.352566
-51.435657 , 0.324621
-51.443287 , 0.299336
-51.450916 , 0.265656
-51.458546 , 0.236411
-51.466176 , 0.212482
-51.473806 , 0.19476
-51.481435 , 0.191545
-51.489065 , 0.19631
-51.496695 , 0.210602
-51.504324 , 0.232874
-51.511954 , 0.253814
-51.519584 , 0.280962
-51.527213 , 0.314257
-51.534843 , 0.350214
-51.542473 , 0.390101
-51.550102 , 0.429992
-51.557732 , 0.472151
-51.565362 , 0.509881
-51.572991 , 0.532594
-51.580621 , 0.549104
-51.588251 , 0.571983
-51.59588 , 0.58866
-51.60351 , 0.592055
-51.61114 , 0.590131
-51.618769 , 0.593637
-51.626399 , 0.591825
-51.634029 , 0.572726
-51.641658 , 0.550969
-51.649288 , 0.53187
-51.656918 , 0.510112
-51.664547 , 0.483036
-51.672177 , 0.45596
-51.679807 , 0.428717
-51.687436 , 0.401474
-51.695066 , 0.374232
-51.702696 , 0.34699
-51.710325 , 0.319913
-51.717955 , 0.292837
-51.725585 , 0.270864
-51.733214 , 0.251552
-51.740844 , 0.228083
-51.748474 , 0.209934
-51.756103 , 0.207574
-51.763733 , 0.210533
-51.771363 , 0.208173
-51.778992 , 0.211132
-51.786622 , 0.233149
-51.794252 , 0.260485
-51.801881 , 0.282503
-51.809511 , 0.309839
-51.817141 , 0.352133
-51.82477 , 0.399747
-51.8324 , 0.444701
-51.84003 , 0.489655
-51.847659 , 0.541542
-51.855289 , 0.593428
-51.862919 , 0.637115
-51.870548 , 0.675483
-51.878178 , 0.701108
-51.885808 , 0.717869
-51.893437 , 0.725987
-51.901067 , 0.725241
-51.908697 , 0.711198
-51.916326 , 0.688291
-51.923956 , 0.66217
-51.931586 , 0.630731
-51.939215 , 0.608046
-51.946845 , 0.58536
-51.954475 , 0.559682
-51.962104 , 0.539324
-51.969734 , 0.518265
-51.977364 , 0.502526
-51.984993 , 0.497424
-51.992623 , 0.501186
-52.000253 , 0.51204
-52.007882 , 0.531758
-52.015512 , 0.560119
-52.023142 , 0.597344
-52.030771 , 0.634791
-52.038401 , 0.677557
-52.046031 , 0.725697
-52.05366 , 0.779155
-52.06129 , 0.845024
-52.06892 , 0.913552
-52.076549 , 0.97942
-52.084179 , 1.047948
-52.091809 , 1.118654
-52.099438 , 1.189362
-52.107068 , 1.260068
-52.114698 , 1.330776
-52.122327 , 1.401537
-52.129957 , 1.469641
-52.137587 , 1.541898
-52.145216 , 1.608839
-52.152846 , 1.662868
-52.160476 , 1.711581
-52.168105 , 1.749655
-52.175735 , 1.778866
-52.183365 , 1.800984
-52.190994 , 1.814239
-52.198624 , 1.818628
-52.206254 , 1.814154
-52.213883 , 1.800018
-52.221513 , 1.777019
-52.229143 , 1.750638
-52.236772 , 1.718941
-52.244402 , 1.674942
-52.252032 , 1.628286
-52.259661 , 1.581629
-52.267291 , 1.537632
-52.274921 , 1.508593
-52.28255 , 1.484873
-52.29018 , 1.455667
-52.29781 , 1.431782
-52.305439 , 1.423851
-52.313069 , 1.42124
-52.320699 , 1.413309
-52.328328 , 1.410697
-52.335958 , 1.427731
-52.343588 , 1.450084
-52.351217 , 1.46828
-52.358847 , 1.489138
-52.366477 , 1.50883
-52.374106 , 1.528523
-52.381736 , 1.548216
-52.389366 , 1.56791
-52.396995 , 1.590539
-52.404625 , 1.610509
-52.412255 , 1.634634
-52.419884 , 1.653441
-52.427514 , 1.656457
-52.435144 , 1.654156
-52.442773 , 1.657338
-52.450403 , 1.655204
-52.458033 , 1.65155
-52.465662 , 1.64524
-52.473292 , 1.640091
-52.480922 , 1.634943
-52.488551 , 1.629628
-52.496181 , 1.624315
-52.503811 , 1.618999
-52.51144 , 1.613686
-52.51907 , 1.611474
-52.5267 , 1.609262
-52.534329 , 1.60705
-52.541959 , 1.604839
-52.549589 , 1.602626
-52.557218 , 1.600416
-52.564848 , 1.598203
-52.572478 , 1.595992
-52.580107 , 1.580478
-52.587737 , 1.564963
-52.595367 , 1.549448
-52.602996 , 1.533934
-52.610626 , 1.51842
-52.618256 , 1.502905
-52.625885 , 1.487391
-52.633515 , 1.471876
-52.641145 , 1.455032
-52.648774 , 1.438188
-52.656404 , 1.421343
-52.664034 , 1.4045
-52.671663 , 1.387655
-52.679293 , 1.370811
-52.686923 , 1.353967
-52.694552 , 1.337123
-52.702182 , 1.318028
-52.709812 , 1.298933
-52.717442 , 1.279838
-52.725071 , 1.260743
-52.732701 , 1.241648
-52.740331 , 1.222553
-52.74796 , 1.203458
-52.75559 , 1.184364
-52.76322 , 1.155518
-52.770849 , 1.126672
-52.778479 , 1.097826
-52.786109 , 1.068981
-52.793738 , 1.040135
-52.801368 , 1.011289
-52.808998 , 0.982443
-52.816627 , 0.953598
-52.824257 , 0.926024
-52.831887 , 0.898453
-52.839516 , 0.869716
-52.847146 , 0.84364
-52.854776 , 0.813408
-52.862405 , 0.788496
-52.870035 , 0.758097
-52.877665 , 0.733018
-52.885294 , 0.730543
-52.892924 , 0.733387
-52.900554 , 0.730911
-52.908183 , 0.733756
-52.915813 , 0.752388
-52.923443 , 0.776341
-52.931072 , 0.796304
-52.938702 , 0.818927
-52.946332 , 0.852442
-52.953961 , 0.888618
-52.961591 , 0.921968
-52.969221 , 0.957978
-52.97685 , 0.992656
-52.98448 , 1.027337
-52.99211 , 1.062016
-52.999739 , 1.096696
-53.007369 , 1.125446
-53.014999 , 1.151539
-53.022628 , 1.181786
-53.030258 , 1.206715
-53.037888 , 1.215853
-53.045517 , 1.219674
-53.053147 , 1.228812
-53.060777 , 1.232633
-53.068406 , 1.215096
-53.076036 , 1.192241
-53.083666 , 1.173541
-53.091295 , 1.152182
-53.098925 , 1.131986
-53.106555 , 1.11179
-53.114184 , 1.091593
-53.121814 , 1.071397
-53.129444 , 1.053584
-53.137073 , 1.038429
-53.144703 , 1.01912
-53.152333 , 1.005129
-53.159962 , 1.006928
-53.167592 , 1.014045
-53.175222 , 1.015678
-53.182851 , 1.022629
-53.190481 , 1.031499
-53.198111 , 1.043028
-53.20574 , 1.053393
-53.21337 , 1.063759
-53.221 , 1.074291
-53.228629 , 1.084822
-53.236259 , 1.095354
-53.243889 , 1.105886
-53.251518 , 1.113315
-53.259148 , 1.120744
-53.266778 , 1.128173
-53.274407 , 1.135602
-53.282037 , 1.143032
-53.289667 , 1.150461
-53.297296 , 1.15789
-53.304926 , 1.165319
-53.312556 , 1.17517
-53.320185 , 1.185021
-53.327815 , 1.194873
-53.335445 , 1.204724
-53.343074 , 1.214575
-53.350704 , 1.224427
-53.358334 , 1.234278
-53.365963 , 1.244129
-53.373593 , 1.250435
-53.381223 , 1.256741
-53.388852 , 1.263046
-53.396482 , 1.269351
-53.404112 , 1.274992
-53.411741 , 1.280633
-53.419371 , 1.285941
-53.427001 , 1.291249
-53.43463 , 1.295761
-53.44226 , 1.294954
-53.44989 , 1.290934
-53.457519 , 1.278049
-53.465149 , 1.254085
-53.472779 , 1.221255
-53.480408 , 1.179782
-53.488038 , 1.129446
-53.495668 , 1.072405
-53.503297 , 1.010046
-53.510927 , 0.940983
-53.518557 , 0.869261
-53.526186 , 0.803577
-53.533816 , 0.737894
-53.541446 , 0.672044
-53.549075 , 0.606194
-53.556705 , 0.539254
-53.564335 , 0.472314
-53.571964 , 0.40421
-53.579594 , 0.338766
-53.587224 , 0.290441
-53.594853 , 0.247434
-53.602483 , 0.198943
-53.610113 , 0.15577
-53.617742 , 0.119689
-53.625372 , 0.088927
-53.633002 , 0.052846
-53.640631 , 0.022084
-53.648261 , 0.007277
-53.655891 , -0.00221
-53.66352 , -0.017183
-53.67115 , -0.026837
-53.67878 , -0.019641
-53.686409 , -0.009787
-53.694039 , -0.002425
-53.701669 , 0.007596
-53.709298 , 0.014957
-53.716928 , 0.024979
-53.724558 , 0.03234
-53.732187 , 0.042361
-53.739817 , 0.067729
-53.747447 , 0.095756
-53.755076 , 0.122453
-53.762706 , 0.14915
-53.770336 , 0.176013
-53.777965 , 0.202877
-53.785595 , 0.22974
-53.793225 , 0.256604
-53.800854 , 0.278841
-53.808484 , 0.30108
-53.816114 , 0.323317
-53.823743 , 0.345556
-53.831373 , 0.367627
-53.839003 , 0.3897
-53.846632 , 0.412934
-53.854262 , 0.433511
-53.861892 , 0.441399
-53.869521 , 0.44397
-53.877151 , 0.452024
-53.884781 , 0.454762
-53.89241 , 0.441541
-53.90004 , 0.423004
-53.90767 , 0.409783
-53.915299 , 0.391246
-53.922929 , 0.351938
-53.930559 , 0.307312
-53.938188 , 0.268004
-53.945818 , 0.223379
-53.953448 , 0.162962
-53.961077 , 0.097229
-53.968707 , 0.035649
-53.976337 , -0.028589
-53.983967 , -0.091222
-53.991596 , -0.153853
-53.999226 , -0.216486
-54.006856 , -0.279117
-54.014485 , -0.342913
-54.022115 , -0.404048
-54.029745 , -0.46934
-54.037374 , -0.529312
-54.045004 , -0.570344
-54.052634 , -0.606057
-54.060263 , -0.647089
-54.067893 , -0.682802
-54.075523 , -0.707435
-54.083152 , -0.726748
-54.090782 , -0.740522
-54.098412 , -0.748977
-54.106041 , -0.753665
-54.113671 , -0.749487
-54.121301 , -0.736669
-54.12893 , -0.714983
-54.13656 , -0.686209
-54.14419 , -0.648568
-54.151819 , -0.600291
-54.159449 , -0.546694
-54.167079 , -0.492192
-54.174708 , -0.432369
-54.182338 , -0.37554
-54.189968 , -0.318709
-54.197597 , -0.25778
-54.205227 , -0.202168
-54.212857 , -0.140906
-54.220486 , -0.084961
-54.228116 , -0.061374
-54.235746 , -0.043103
-54.243375 , -0.019183
-54.251005 , -0.000579
-54.258635 , 0.020681
-54.266264 , 0.041944
-54.273894 , 0.062872
-54.281524 , 0.083802
-54.289153 , 0.111831
-54.296783 , 0.13986
-54.304413 , 0.167888
-54.312042 , 0.195917
-54.319672 , 0.223945
-54.327302 , 0.251974
-54.334931 , 0.280003
-54.342561 , 0.308031
-54.350191 , 0.331627
-54.35782 , 0.355224
-54.36545 , 0.37882
-54.37308 , 0.402417
-54.380709 , 0.426013
-54.388339 , 0.449609
-54.395969 , 0.473206
-54.403598 , 0.496802
-54.411228 , 0.514214
-54.418858 , 0.531626
-54.426487 , 0.549038
-54.434117 , 0.56645
-54.441747 , 0.583862
-54.449376 , 0.601274
-54.457006 , 0.618686
-54.464636 , 0.636098
-54.472265 , 0.632956
-54.479895 , 0.629814
-54.487525 , 0.627835
-54.495154 , 0.623197
-54.502784 , 0.622714
-54.510414 , 0.616911
-54.518043 , 0.61665
-54.525673 , 0.61107
-54.533303 , 0.582742
-54.540932 , 0.549982
-54.548562 , 0.520712
-54.556192 , 0.488782
-54.563821 , 0.459402
-54.571451 , 0.427361
-54.579081 , 0.397981
-54.58671 , 0.365941
-54.59434 , 0.318111
-54.60197 , 0.267622
-54.609599 , 0.218462
-54.617229 , 0.169302
-54.624859 , 0.120143
-54.632488 , 0.070983
-54.640118 , 0.020494
-54.647748 , -0.027336
-54.655377 , -0.060102
-54.663007 , -0.09021
-54.670637 , -0.122978
-54.678266 , -0.153086
-54.685896 , -0.185742
-54.693526 , -0.215739
-54.701155 , -0.249282
-54.708785 , -0.278393
-54.716415 , -0.287559
-54.724044 , -0.292292
-54.731674 , -0.302344
-54.739304 , -0.306191
-54.746933 , -0.29508
-54.754563 , -0.277763
-54.762193 , -0.266651
-54.769822 , -0.249334
-54.777452 , -0.204054
-54.785082 , -0.15257
-54.792711 , -0.106681
-54.800341 , -0.05636
-54.807971 , -0.008809
-54.8156 , 0.038743
-54.82323 , 0.086294
-54.83086 , 0.133845
-54.838489 , 0.183834
-54.846119 , 0.22939
-54.853749 , 0.270792
-54.861378 , 0.304215
-54.869008 , 0.326447
-54.876638 , 0.340702
-54.884267 , 0.34454
-54.891897 , 0.342173
-54.899527 , 0.342376
-54.907156 , 0.339919
-54.914786 , 0.338736
-54.922416 , 0.337554
-54.930045 , 0.333878
-54.937675 , 0.332862
-54.945305 , 0.328023
-54.952934 , 0.327616
-54.960564 , 0.341558
-54.968194 , 0.35816
-54.975823 , 0.373543
-54.983453 , 0.388926
-54.991083 , 0.404309
-54.998712 , 0.419692
-55.006342 , 0.436404
-55.013972 , 0.450458
-55.021601 , 0.454777
-55.029231 , 0.456439
-55.036861 , 0.460925
-55.04449 , 0.462754
-55.05212 , 0.46591
-55.05975 , 0.469068
-55.067379 , 0.472058
-55.075009 , 0.475049
-55.082639 , 0.462804
-55.090268 , 0.45056
-55.097898 , 0.439644
-55.105528 , 0.42607
-55.113157 , 0.415209
-55.120787 , 0.401691
-55.128417 , 0.391828
-55.136046 , 0.377534
-55.143676 , 0.344034
-55.151306 , 0.307877
-55.158935 , 0.274433
-55.166565 , 0.238331
-55.174195 , 0.203557
-55.181824 , 0.168785
-55.189454 , 0.133845
-55.197084 , 0.098907
-55.204713 , 0.072111
-55.212343 , 0.045317
-55.219973 , 0.017191
-55.227603 , -0.008274
-55.235232 , -0.036731
-55.242862 , -0.062528
-55.250492 , -0.089656
-55.258121 , -0.116783
-55.265751 , -0.135331
-55.273381 , -0.153879
-55.28101 , -0.172427
-55.28864 , -0.190974
-55.29627 , -0.209522
-55.303899 , -0.22807
-55.311529 , -0.246618
-55.319159 , -0.265165
-55.326788 , -0.298949
-55.334418 , -0.332733
-55.342048 , -0.365186
-55.349677 , -0.4003
-55.357307 , -0.432587
-55.364937 , -0.467535
-55.372566 , -0.499656
-55.380196 , -0.534437
-55.387826 , -0.575693
-55.395455 , -0.616949
-55.403085 , -0.658205
-55.410715 , -0.699461
-55.418344 , -0.742046
-55.425974 , -0.781972
-55.433604 , -0.824614
-55.441233 , -0.864595
-55.448863 , -0.89261
-55.456493 , -0.916193
-55.464122 , -0.944318
-55.471752 , -0.968011
-55.479382 , -0.974973
-55.487011 , -0.977502
-55.494641 , -0.983578
-55.502271 , -0.986994
-55.5099 , -0.983633
-55.51753 , -0.977613
-55.52516 , -0.972923
-55.532789 , -0.968233
-55.540419 , -0.96321
-55.548049 , -0.958188
-55.555678 , -0.954495
-55.563308 , -0.948143
-55.570938 , -0.922898
-55.578567 , -0.894994
-55.586197 , -0.86975
-55.593827 , -0.841846
-55.601456 , -0.816767
-55.609086 , -0.78903
-55.616716 , -0.762621
-55.624345 , -0.736213
-55.631975 , -0.710366
-55.639605 , -0.684519
-55.647234 , -0.657342
-55.654864 , -0.632825
-55.662494 , -0.605482
-55.670123 , -0.580798
-55.677753 , -0.553455
-55.685383 , -0.528771
-55.693012 , -0.517717
-55.700642 , -0.509322
-55.708272 , -0.497381
-55.715901 , -0.489872
-55.723531 , -0.493111
-55.731161 , -0.500783
-55.73879 , -0.514549
-55.74642 , -0.532747
-55.75405 , -0.549923
-55.761679 , -0.569757
-55.769309 , -0.588375
-55.776939 , -0.60699
-55.784568 , -0.625607
-55.792198 , -0.644222
-55.799828 , -0.664058
-55.807457 , -0.681233
-55.815087 , -0.685501
-55.822717 , -0.685335
-55.830346 , -0.679186
-55.837976 , -0.668605
-55.845606 , -0.66772
-55.853235 , -0.664174
-55.860865 , -0.662015
-55.868495 , -0.659854
-55.876124 , -0.658769
-55.883754 , -0.660341
-55.891384 , -0.659089
-55.899013 , -0.660495
-55.906643 , -0.659243
-55.914273 , -0.660649
-55.921902 , -0.659231
-55.929532 , -0.660471
-55.937162 , -0.670134
-55.944791 , -0.679794
-55.952421 , -0.689457
-55.960051 , -0.699118
-55.96768 , -0.71011
-55.97531 , -0.718441
-55.98294 , -0.729599
-55.990569 , -0.738097
-55.998199 , -0.726826
-56.005829 , -0.712894
-56.013458 , -0.701789
-56.021088 , -0.688023
-56.028718 , -0.675589
-56.036347 , -0.663153
-56.043977 , -0.650552
-56.051607 , -0.637949
-56.059236 , -0.62269
-56.066866 , -0.607428
-56.074496 , -0.592168
-56.082125 , -0.576906
-56.089755 , -0.561812
-56.097385 , -0.546717
-56.105014 , -0.530293
-56.112644 , -0.516528
-56.120274 , -0.519073
-56.127903 , -0.524275
-56.135533 , -0.52682
-56.143163 , -0.532023
-56.150792 , -0.534402
-56.158422 , -0.539438
-56.166052 , -0.543147
-56.173681 , -0.546854
-56.181311 , -0.558706
-56.188941 , -0.570558
-56.19657 , -0.58241
-56.2042 , -0.594261
-56.21183 , -0.606114
-56.219459 , -0.617965
-56.227089 , -0.629817
-56.234719 , -0.641668
-56.242348 , -0.641108
-56.249978 , -0.640547
-56.257608 , -0.641315
-56.265237 , -0.639425
-56.272867 , -0.645567
-56.280497 , -0.649051
-56.288126 , -0.645443
-56.295756 , -0.637403
-56.303386 , -0.614847
-56.311015 , -0.587859
-56.318645 , -0.554776
-56.326275 , -0.517262
-56.333904 , -0.488778
-56.341534 , -0.457634
-56.349164 , -0.42771
-56.356793 , -0.397786
-56.364423 , -0.362162
-56.372053 , -0.326538
-56.379682 , -0.29108
-56.387312 , -0.255622
-56.394942 , -0.218835
-56.402571 , -0.184707
-56.410201 , -0.147753
-56.417831 , -0.113459
-56.42546 , -0.094511
-56.43309 , -0.078223
-56.44072 , -0.060605
-56.448349 , -0.042987
-56.455979 , -0.025535
-56.463609 , -0.008083
-56.471239 , 0.009202
-56.478868 , 0.026488
-56.486498 , 0.037295
-56.494128 , 0.045443
-56.501757 , 0.057746
-56.509387 , 0.06473
-56.517017 , 0.061908
-56.524646 , 0.053767
-56.532276 , 0.040308
-56.539906 , 0.02153
-56.547535 , -0.003066
-56.555165 , -0.032979
-56.562795 , -0.058738
-56.570424 , -0.087157
-56.578054 , -0.115076
-56.585684 , -0.142995
-56.593313 , -0.171081
-56.600943 , -0.199167
-56.608573 , -0.218021
-56.616202 , -0.236876
-56.623832 , -0.25573
-56.631462 , -0.274584
-56.639091 , -0.294103
-56.646721 , -0.313622
-56.654351 , -0.333307
-56.66198 , -0.352993
-56.66961 , -0.369741
-56.67724 , -0.38915
-56.684869 , -0.41504
-56.692499 , -0.446249
-56.700129 , -0.481115
-56.707758 , -0.521299
-56.715388 , -0.567966
-56.723018 , -0.617291
-56.730647 , -0.665762
-56.738277 , -0.714232
-56.745907 , -0.764032
-56.753536 , -0.811173
-56.761166 , -0.847178
-56.768796 , -0.877864
-56.776425 , -0.903398
-56.784055 , -0.923613
-56.791685 , -0.932747
-56.799314 , -0.936563
-56.806944 , -0.935227
-56.814574 , -0.928572
-56.822203 , -0.93139
-56.829833 , -0.93155
-56.837463 , -0.932872
-56.845092 , -0.934195
-56.852722 , -0.920843
-56.860352 , -0.907491
-56.867981 , -0.894139
-56.875611 , -0.880787
-56.883241 , -0.867435
-56.89087 , -0.854083
-56.8985 , -0.840731
-56.90613 , -0.827378
-56.913759 , -0.798513
-56.921389 , -0.769649
-56.929019 , -0.740784
-56.936648 , -0.711919
-56.944278 , -0.683886
-56.951908 , -0.655852
-56.959537 , -0.626655
-56.967167 , -0.600116
-56.974797 , -0.577481
-56.982426 , -0.560163
-56.990056 , -0.547998
-56.997686 , -0.541151
-57.005315 , -0.538294
-57.012945 , -0.540754
-57.020575 , -0.548535
-57.028204 , -0.561632
-57.035834 , -0.588748
-57.043464 , -0.621181
-57.051093 , -0.649461
-57.058723 , -0.680398
-57.066353 , -0.710008
-57.073982 , -0.739615
-57.081612 , -0.770554
-57.089242 , -0.798832
-57.096871 , -0.823864
-57.104501 , -0.843575
-57.112131 , -0.858136
-57.11976 , -0.867376
-57.12739 , -0.871964
-57.13502 , -0.871232
-57.142649 , -0.865182
-57.150279 , -0.853813
-57.157909 , -0.839342
-57.165538 , -0.819551
-57.173168 , -0.794443
-57.180798 , -0.764015
-57.188427 , -0.727827
-57.196057 , -0.686318
-57.203687 , -0.639271
-57.211316 , -0.586903
-57.218946 , -0.527918
-57.226576 , -0.460069
-57.234205 , -0.383798
-57.241835 , -0.298663
-57.249465 , -0.20965
-57.257094 , -0.115318
-57.264724 , -0.023757
-57.272354 , 0.067805
-57.279983 , 0.162358
-57.287613 , 0.251593
-57.295243 , 0.337615
-57.302872 , 0.414772
-57.310502 , 0.480848
-57.318132 , 0.53806
-57.325761 , 0.586407
-57.333391 , 0.62589
-57.341021 , 0.646821
-57.34865 , 0.658886
-57.35628 , 0.667572
-57.36391 , 0.670939
-57.371539 , 0.683116
-57.379169 , 0.692633
-57.386799 , 0.703314
-57.394428 , 0.713995
-57.402058 , 0.726503
-57.409688 , 0.739012
-57.417317 , 0.751521
-57.424947 , 0.76403
-57.432577 , 0.775874
-57.440206 , 0.787718
-57.447836 , 0.799285
-57.455466 , 0.810853
-57.463095 , 0.82043
-57.470725 , 0.825575
-57.478355 , 0.825679
-57.485984 , 0.819578
-57.493614 , 0.810596
-57.501244 , 0.795409
-57.508873 , 0.77518
-57.516503 , 0.750519
-57.524133 , 0.72486
-57.531762 , 0.699202
-57.539392 , 0.673433
-57.547022 , 0.647664
-57.554651 , 0.6199
-57.562281 , 0.594796
-57.569911 , 0.5667
-57.57754 , 0.541263
-57.58517 , 0.526969
-57.5928 , 0.512675
-57.600429 , 0.498547
-57.608059 , 0.484419
-57.615689 , 0.470624
-57.623318 , 0.456829
-57.630948 , 0.443034
-57.638578 , 0.429238
-57.646207 , 0.419487
-57.653837 , 0.409737
-57.661467 , 0.404086
-57.669096 , 0.401094
-57.676726 , 0.385747
-57.684356 , 0.374833
-57.691985 , 0.370013
-57.699615 , 0.369625
-57.707245 , 0.385546
-57.714874 , 0.405902
-57.722504 , 0.427862
-57.730134 , 0.452483
-57.737764 , 0.473557
-57.745393 , 0.494633
-57.753023 , 0.515872
-57.760653 , 0.537115
-57.768282 , 0.552316
-57.775912 , 0.567518
-57.783542 , 0.584049
-57.791171 , 0.597922
-57.798801 , 0.614786
-57.806431 , 0.628991
-57.81406 , 0.644525
-57.82169 , 0.66006
-57.82932 , 0.669284
-57.836949 , 0.678511
-57.844579 , 0.687901
-57.852209 , 0.697294
-57.859838 , 0.705355
-57.867468 , 0.716077
-57.875098 , 0.723806
-57.882727 , 0.734196
-57.890357 , 0.756551
-57.897987 , 0.778907
-57.905616 , 0.801429
-57.913246 , 0.823952
-57.920876 , 0.84614
-57.928505 , 0.868331
-57.936135 , 0.890354
-57.943765 , 0.912378
-57.951394 , 0.925167
-57.959024 , 0.935297
-57.966654 , 0.942934
-57.974283 , 0.947912
-57.981913 , 0.963748
-57.989543 , 0.976925
-57.997172 , 0.983011
-58.004802 , 0.984664
-58.012432 , 0.97557
-58.020061 , 0.962043
-58.027691 , 0.943308
-58.035321 , 0.918368
-58.04295 , 0.888996
-58.05058 , 0.855192
-58.05821 , 0.814352
-58.065839 , 0.770852
-58.073469 , 0.733744
-58.081099 , 0.696636
-58.088728 , 0.658144
-58.096358 , 0.62231
-58.103988 , 0.576892
-58.111617 , 0.535906
-58.119247 , 0.500128
-58.126877 , 0.470555
-58.134506 , 0.451841
-58.142136 , 0.439332
-58.149766 , 0.431145
-58.157395 , 0.429162
-58.165025 , 0.433884
-58.172655 , 0.443037
-58.180284 , 0.455238
-58.187914 , 0.467439
-58.195544 , 0.480694
-58.203173 , 0.49129
-58.210803 , 0.49496
-58.218433 , 0.494198
-58.226062 , 0.486123
-58.233692 , 0.473616
-58.241322 , 0.459502
-58.248951 , 0.442729
-58.256581 , 0.433214
-58.264211 , 0.423698
-58.27184 , 0.412687
-58.27947 , 0.404335
-58.2871 , 0.392825
-58.294729 , 0.383975
-58.302359 , 0.372298
-58.309989 , 0.363281
-58.317618 , 0.366156
-58.325248 , 0.36903
-58.332878 , 0.37207
-58.340507 , 0.37511
-58.348137 , 0.377984
-58.355767 , 0.380858
-58.363396 , 0.385062
-58.371026 , 0.386606
-58.378656 , 0.372361
-58.386285 , 0.355456
-58.393915 , 0.34121
-58.401545 , 0.324306
-58.409174 , 0.31006
-58.416804 , 0.293156
-58.424434 , 0.279076
-58.432063 , 0.262338
-58.439693 , 0.228568
-58.447323 , 0.1948
-58.454952 , 0.160864
-58.462582 , 0.12693
-58.470212 , 0.092994
-58.477841 , 0.05906
-58.485471 , 0.025124
-58.493101 , -0.00881
-58.50073 , -0.04812
-58.50836 , -0.087429
-58.51599 , -0.127902
-58.523619 , -0.165714
-58.531249 , -0.191062
-58.538879 , -0.211091
-58.546508 , -0.227741
-58.554138 , -0.235525
-58.561768 , -0.241019
-58.569397 , -0.237646
-58.577027 , -0.223804
-58.584657 , -0.204641
-58.592286 , -0.177447
-58.599916 , -0.147592
-58.607546 , -0.119069
-58.615175 , -0.090543
-58.622805 , -0.062684
-58.630435 , -0.037483
-58.638064 , -0.008128
-58.645694 , 0.01591
-58.653324 , 0.024323
-58.660953 , 0.027418
-58.668583 , 0.034501
-58.676213 , 0.038926
-58.683842 , 0.036854
-58.691472 , 0.032124
-58.699102 , 0.028722
-58.706731 , 0.025321
-58.714361 , 0.021753
-58.721991 , 0.018187
-58.72962 , 0.014618
-58.73725 , 0.011052
-58.74488 , 0.014575
-58.752509 , 0.0181
-58.760139 , 0.021623
-58.767769 , 0.025148
-58.775398 , 0.028339
-58.783028 , 0.031532
-58.790658 , 0.034556
-58.798287 , 0.037583
-58.805917 , 0.046058
-58.813547 , 0.051875
-58.821176 , 0.056527
-58.828806 , 0.055862
-58.836436 , 0.048547
-58.844065 , 0.035915
-58.851695 , 0.0168
-58.859325 , -0.004973
-58.866954 , -0.022815
-58.874584 , -0.040655
-58.882214 , -0.058496
-58.889843 , -0.076336
-58.897473 , -0.101324
-58.905103 , -0.123652
-58.912732 , -0.139498
-58.920362 , -0.150025
-58.927992 , -0.151519
-58.935621 , -0.147693
-58.943251 , -0.138716
-58.950881 , -0.124418
-58.95851 , -0.098987
-58.96614 , -0.070894
-58.97377 , -0.044133
-58.9814 , -0.01737
-58.989029 , 0.008727
-58.996659 , 0.032166
-59.004289 , 0.04912
-59.011918 , 0.060758
-59.019548 , 0.068572
-59.027178 , 0.071068
-59.034807 , 0.068411
-59.042437 , 0.060436
-59.050067 , 0.050583
-59.057696 , 0.038073
-59.065326 , 0.026724
-59.072956 , 0.015377
-59.080585 , 0.003197
-59.088215 , -0.008982
-59.095845 , -0.021162
-59.103474 , -0.03334
-59.111104 , -0.046849
-59.118734 , -0.060357
-59.126363 , -0.073867
-59.133993 , -0.087375
-59.141623 , -0.100884
-59.149252 , -0.114392
-59.156882 , -0.127902
-59.164512 , -0.14141
-59.172141 , -0.169923
-59.179771 , -0.198435
-59.187401 , -0.226948
-59.19503 , -0.25546
-59.20266 , -0.283973
-59.21029 , -0.312485
-59.217919 , -0.340998
-59.225549 , -0.36951
-59.233179 , -0.420627
-59.240808 , -0.471743
-59.248438 , -0.522861
-59.256068 , -0.573977
-59.263697 , -0.624762
-59.271327 , -0.675546
-59.278957 , -0.726331
-59.286586 , -0.777114
-59.294216 , -0.837921
-59.301846 , -0.898725
-59.309475 , -0.955376
-59.317105 , -1.009366
-59.324735 , -1.054327
-59.332364 , -1.093968
-59.339994 , -1.13023
-59.347624 , -1.157627
-59.355253 , -1.177269
-59.362883 , -1.188045
-59.370513 , -1.195443
-59.378142 , -1.197521
-59.385772 , -1.190569
-59.393402 , -1.180957
-59.401031 , -1.167191
-59.408661 , -1.153423
-59.416291 , -1.132659
-59.42392 , -1.111896
-59.43155 , -1.09235
-59.43918 , -1.070146
-59.446809 , -1.05653
-59.454439 , -1.03848
-59.462069 , -1.015334
-59.469698 , -0.985982
-59.477328 , -0.942116
-59.484958 , -0.893816
-59.492587 , -0.838481
-59.500217 , -0.780487
-59.507847 , -0.726869
-59.515476 , -0.673252
-59.523106 , -0.623568
-59.530736 , -0.576543
-59.538365 , -0.536284
-59.545995 , -0.500457
-59.553625 , -0.470614
-59.561254 , -0.445204
-59.568884 , -0.410429
-59.576514 , -0.378315
-59.584143 , -0.344982
-59.591773 , -0.311648
-59.599403 , -0.283578
-59.607032 , -0.255508
-59.614662 , -0.227438
-59.622292 , -0.199368
-59.629921 , -0.171298
-59.637551 , -0.143228
-59.645181 , -0.115324
-59.65281 , -0.08742
-59.66044 , -0.069047
-59.66807 , -0.053333
-59.675699 , -0.034794
-59.683329 , -0.018914
-59.690959 , -0.000375
-59.698588 , 0.015505
-59.706218 , 0.034044
-59.713848 , 0.049923
-59.721477 , 0.050014
-59.729107 , 0.047444
-59.736737 , 0.046205
-59.744366 , 0.044965
-59.751996 , 0.043559
-59.759626 , 0.042153
-59.767255 , 0.040748
-59.774885 , 0.039342
-59.782515 , 0.039189
-59.790144 , 0.039037
-59.797774 , 0.038885
-59.805404 , 0.038733
-59.813033 , 0.04074
-59.820663 , 0.042749
-59.828293 , 0.040658
-59.835922 , 0.035907
-59.843552 , 0.018137
-59.851182 , -0.004066
-59.858811 , -0.032252
-59.866441 , -0.064871
-59.874071 , -0.088126
-59.8817 , -0.114041
-59.88933 , -0.13857
-59.89696 , -0.1631
-59.904589 , -0.181601
-59.912219 , -0.197441
-59.919849 , -0.216108
-59.927478 , -0.232114
-59.935108 , -0.250948
-59.942738 , -0.26712
-59.950367 , -0.284624
-59.957997 , -0.302126
-59.965627 , -0.313148
-59.973256 , -0.324168
-59.980886 , -0.335356
-59.988516 , -0.346542
-59.996145 , -0.354184
-60.003775 , -0.364483
-60.011405 , -0.376503
-60.019034 , -0.392952
-60.026664 , -0.41844
-60.034294 , -0.450133
-60.041923 , -0.486037
-60.049553 , -0.528145
-60.057183 , -0.576626
-60.064812 , -0.629537
-60.072442 , -0.685497
-60.080072 , -0.741456
-60.087701 , -0.80002
-60.095331 , -0.855923
-60.102961 , -0.905678
-60.11059 , -0.949226
-60.11822 , -0.980255
-60.12585 , -1.003304
-60.133479 , -1.016826
-60.141109 , -1.022368
-60.148739 , -1.025315
-60.156368 , -1.022055
-60.163998 , -1.013478
-60.171628 , -1.000467
-60.179257 , -0.977652
-60.186887 , -0.952175
-60.194517 , -0.9226
-60.202146 , -0.893024
-60.209776 , -0.863227
-60.217406 , -0.833429
-60.225036 , -0.804963
-60.232665 , -0.773835
-60.240295 , -0.734565
-60.247925 , -0.692634
-60.255554 , -0.65353
-60.263184 , -0.611765
-60.270814 , -0.568679
-60.278443 , -0.525591
-60.286073 , -0.481009
-60.293703 , -0.439085
-60.301332 , -0.399434
-60.308962 , -0.362441
-60.316592 , -0.332429
-60.324221 , -0.306849
-60.331851 , -0.283985
-60.339481 , -0.263779
-60.34711 , -0.247674
-60.35474 , -0.231567
-60.36237 , -0.213302
-60.369999 , -0.195035
-60.377629 , -0.176935
-60.385259 , -0.158834
-60.392888 , -0.153806
-60.400518 , -0.151436
-60.408148 , -0.146242
-60.415777 , -0.143705
-60.423407 , -0.138428
-60.431037 , -0.135809
-60.438666 , -0.131114
-60.446296 , -0.127746
-60.453926 , -0.128231
-60.461555 , -0.128714
-60.469185 , -0.129282
-60.476815 , -0.129848
-60.484444 , -0.130416
-60.492074 , -0.130982
-60.499704 , -0.13155
-60.507333 , -0.132116
-60.514963 , -0.126638
-60.522593 , -0.121158
-60.530222 , -0.11568
-60.537852 , -0.1102
-60.545482 , -0.104806
-60.553111 , -0.099409
-60.560741 , -0.093432
-60.568371 , -0.088784
-60.576 , -0.092918
-60.58363 , -0.09971
-60.59126 , -0.103679
-60.598889 , -0.110304
-60.606519 , -0.114854
-60.614149 , -0.120732
-60.621778 , -0.12603
-60.629408 , -0.131326
-60.637038 , -0.14326
-60.644667 , -0.155193
-60.652297 , -0.167708
-60.659927 , -0.178893
-60.667556 , -0.183735
-60.675186 , -0.185917
-60.682816 , -0.1863
-60.690445 , -0.182249
-60.698075 , -0.175318
-60.705705 , -0.16218
-60.713334 , -0.143948
-60.720964 , -0.121281
-60.728594 , -0.089918
-60.736223 , -0.055894
-60.743853 , -0.017855
-60.751483 , 0.020186
-60.759112 , 0.057706
-60.766742 , 0.093898
-60.774372 , 0.126736
-60.782001 , 0.156917
-60.789631 , 0.178092
-60.797261 , 0.194838
-60.80489 , 0.205488
-60.81252 , 0.211707
-60.82015 , 0.216815
-60.827779 , 0.217494
-60.835409 , 0.212852
-60.843039 , 0.202008
-60.850668 , 0.187283
-60.858298 , 0.166354
-60.865928 , 0.140216
-60.873557 , 0.109648
-60.881187 , 0.075291
-60.888817 , 0.038277
-60.896446 , -0.002673
-60.904076 , -0.043621
-60.911706 , -0.088836
-60.919335 , -0.131391
-60.926965 , -0.167908
-60.934595 , -0.198218
-60.942224 , -0.214126
-60.949854 , -0.223826
-60.957484 , -0.228321
-60.965113 , -0.228382
-60.972743 , -0.237364
-60.980373 , -0.243685
-60.988002 , -0.251226
-60.995632 , -0.258767
-61.003262 , -0.263074
-61.010891 , -0.26738
-61.018521 , -0.271106
-61.026151 , -0.276159
-61.03378 , -0.279137
-61.04141 , -0.284773
-61.04904 , -0.287668
-61.056669 , -0.29322
-61.064299 , -0.307251
-61.071929 , -0.323939
-61.079558 , -0.339133
-61.087188 , -0.354326
-61.094818 , -0.376224
-61.102447 , -0.395461
-61.110077 , -0.407663
-61.117707 , -0.415431
-61.125336 , -0.418956
-61.132966 , -0.416276
-61.140596 , -0.408499
-61.148225 , -0.39629
-61.155855 , -0.374551
-61.163485 , -0.350153
-61.171114 , -0.323068
-61.178744 , -0.293324
-61.186374 , -0.263109
-61.194003 , -0.231564
-61.201633 , -0.200601
-61.209263 , -0.169637
-61.216892 , -0.138258
-61.224522 , -0.10688
-61.232152 , -0.075584
-61.239781 , -0.044289
-61.247411 , -0.020756
-61.255041 , 0.001446
-61.26267 , 0.025726
-61.2703 , 0.047348
-61.27793 , 0.071711
-61.285559 , 0.093415
-61.293189 , 0.117778
-61.300819 , 0.139482
-61.308448 , 0.139912
-61.316078 , 0.137681
-61.323708 , 0.138111
-61.331337 , 0.135881
-61.338967 , 0.136394
-61.346597 , 0.134246
-61.354226 , 0.134177
-61.361856 , 0.132779
-61.369486 , 0.119648
-61.377115 , 0.106519
-61.384745 , 0.093306
-61.392375 , 0.080094
-61.400004 , 0.06688
-61.407634 , 0.053668
-61.415264 , 0.040621
-61.422893 , 0.027575
-61.430523 , 0.016467
-61.438153 , 0.00802
-61.445782 , -0.004584
-61.453412 , -0.011868
-61.461042 , -0.00353
-61.468671 , 0.010129
-61.476301 , 0.01963
-61.483931 , 0.031793
-61.491561 , 0.046939
-61.49919 , 0.062086
-61.50682 , 0.077398
-61.51445 , 0.092712
-61.522079 , 0.108024
-61.529709 , 0.123337
-61.537339 , 0.138649
-61.544968 , 0.153963
-61.552598 , 0.162627
-61.560228 , 0.171292
-61.567857 , 0.179955
-61.575487 , 0.188621
-61.583117 , 0.197285
-61.590746 , 0.20595
-61.598376 , 0.214613
-61.606006 , 0.223279
-61.613635 , 0.220851
-61.621265 , 0.218426
-61.628895 , 0.215999
-61.636524 , 0.213573
-61.644154 , 0.211145
-61.651784 , 0.20872
-61.659413 , 0.206293
-61.667043 , 0.203867
-61.674673 , 0.196564
-61.682302 , 0.189263
-61.689932 , 0.181961
-61.697562 , 0.174659
-61.705191 , 0.167523
-61.712821 , 0.160388
-61.720451 , 0.152088
-61.72808 , 0.146449
-61.73571 , 0.149874
-61.74334 , 0.158618
-61.750969 , 0.161711
-61.758599 , 0.170123
-61.766229 , 0.195653
-61.773858 , 0.223845
-61.781488 , 0.250871
-61.789118 , 0.277899
-61.796747 , 0.304925
-61.804377 , 0.331953
-61.812007 , 0.360143
-61.819636 , 0.385674
-61.827266 , 0.394085
-61.834896 , 0.397179
-61.842525 , 0.405756
-61.850155 , 0.409017
-61.857785 , 0.402027
-61.865414 , 0.389719
-61.873044 , 0.38007
-61.880674 , 0.370421
-61.888303 , 0.360773
-61.895933 , 0.351124
-61.903563 , 0.338816
-61.911192 , 0.331827
-61.918822 , 0.340904
-61.926452 , 0.3553
-61.934081 , 0.364377
-61.941711 , 0.378773
-61.949341 , 0.409125
-61.95697 , 0.444796
-61.9646 , 0.474982
-61.97223 , 0.510487
-61.979859 , 0.56345
-61.987489 , 0.619072
-61.995119 , 0.673199
-62.002748 , 0.727326
-62.010378 , 0.771203
-62.018008 , 0.809762
-62.025637 , 0.837794
-62.033267 , 0.856961
-62.040897 , 0.864162
-62.048526 , 0.858952
-62.056156 , 0.841776
-62.063786 , 0.812189
-62.071415 , 0.780829
-62.079045 , 0.740605
-62.086675 , 0.689688
-62.094304 , 0.633453
-62.101934 , 0.570055
-62.109564 , 0.503997
-62.117193 , 0.439104
-62.124823 , 0.374209
-62.132453 , 0.308042
-62.140082 , 0.241873
-62.147712 , 0.175705
-62.155342 , 0.109537
-62.162971 , 0.049297
-62.170601 , -0.010943
-62.178231 , -0.072347
-62.18586 , -0.131091
-62.19349 , -0.172716
-62.20112 , -0.209022
-62.208749 , -0.250813
-62.216379 , -0.287285
-62.224009 , -0.307795
-62.231638 , -0.322985
-62.239268 , -0.343494
-62.246898 , -0.358685
-62.254527 , -0.358086
-62.262157 , -0.352169
-62.269787 , -0.350406
-62.277416 , -0.345984
-62.285046 , -0.336521
-62.292676 , -0.327057
-62.300305 , -0.317428
-62.307935 , -0.307798
-62.315565 , -0.298168
-62.323194 , -0.288538
-62.330824 , -0.278909
-62.338454 , -0.269279
-62.346083 , -0.265193
-62.353713 , -0.261106
-62.361343 , -0.256854
-62.368972 , -0.252599
-62.376602 , -0.254386
-62.384232 , -0.253512
-62.391861 , -0.245935
-62.399491 , -0.233039
-62.407121 , -0.210781
-62.41475 , -0.179657
-62.42238 , -0.140113
-62.43001 , -0.091703
-62.437639 , -0.044569
-62.445269 , 0.007885
-62.452899 , 0.067041
-62.460528 , 0.128859
-62.468158 , 0.18852
-62.475788 , 0.248184
-62.483417 , 0.310671
-62.491047 , 0.367842
-62.498677 , 0.410052
-62.506306 , 0.446945
-62.513936 , 0.489155
-62.521566 , 0.526048
-62.529195 , 0.538118
-62.536825 , 0.544872
-62.544455 , 0.556943
-62.552084 , 0.563697
-62.559714 , 0.554493
-62.567344 , 0.539973
-62.574973 , 0.530769
-62.582603 , 0.516248
-62.590233 , 0.482473
-62.597862 , 0.44338
-62.605492 , 0.409605
-62.613122 , 0.370512
-62.620751 , 0.316459
-62.628381 , 0.257088
-62.636011 , 0.200709
-62.64364 , 0.14433
-62.65127 , 0.08784
-62.6589 , 0.036669
-62.666529 , -0.01129
-62.674159 , -0.050383
-62.681789 , -0.079061
-62.689418 , -0.098874
-62.697048 , -0.110045
-62.704678 , -0.112351
-62.712307 , -0.108016
-62.719937 , -0.098362
-62.727567 , -0.092641
-62.735197 , -0.084262
-62.742826 , -0.075937
-62.750456 , -0.067613
-62.758086 , -0.059123
-62.765715 , -0.050632
-62.773345 , -0.039261
-62.780975 , -0.027889
-62.788604 , -0.016518
-62.796234 , -0.005147
-62.803864 , 0.006225
-62.811493 , 0.017596
-62.819123 , 0.028967
-62.826753 , 0.040339
-62.834382 , 0.05831
-62.842012 , 0.076282
-62.849642 , 0.094087
-62.857271 , 0.111892
-62.864901 , 0.125098
-62.872531 , 0.135645
-62.88016 , 0.139711
-62.88779 , 0.138457
-62.89542 , 0.13183
-62.903049 , 0.119884
-62.910679 , 0.097521
-62.918309 , 0.066295
-62.925938 , 0.036565
-62.933568 , 0.001515
-62.941198 , -0.040237
-62.948827 , -0.08465
-62.956457 , -0.127642
-62.964087 , -0.170635
-62.971716 , -0.216453
-62.979346 , -0.256952
-62.986976 , -0.282659
-62.994605 , -0.303047
-63.002235 , -0.32759
-63.009865 , -0.349474
-63.017494 , -0.364766
-63.025124 , -0.380057
-63.032754 , -0.395182
-63.040383 , -0.410307
-63.048013 , -0.425432
-63.055643 , -0.440557
-63.063272 , -0.455682
-63.070902 , -0.470807
-63.078532 , -0.481414
-63.086161 , -0.492023
-63.093791 , -0.50263
-63.101421 , -0.513238
-63.10905 , -0.513209
-63.11668 , -0.513179
-63.12431 , -0.512984
-63.131939 , -0.512788
-63.139569 , -0.506
-63.147199 , -0.496552
-63.154828 , -0.491425
-63.162458 , -0.48098
-63.170088 , -0.453415
-63.177717 , -0.423192
-63.185347 , -0.395627
-63.192977 , -0.365403
-63.200606 , -0.338095
-63.208236 , -0.310786
-63.215866 , -0.283312
-63.223495 , -0.255837
-63.231125 , -0.228363
-63.238755 , -0.200888
-63.246384 , -0.173413
-63.254014 , -0.145939
-63.261644 , -0.125722
-63.269273 , -0.105505
-63.276903 , -0.084125
-63.284533 , -0.065404
-63.292162 , -0.063803
-63.299792 , -0.06752
-63.307422 , -0.06542
-63.315051 , -0.068638
-63.322681 , -0.078867
-63.330311 , -0.089096
-63.33794 , -0.099491
-63.34557 , -0.109886
-63.3532 , -0.126319
-63.360829 , -0.140094
-63.368459 , -0.147165
-63.376089 , -0.148917
-63.383718 , -0.143079
-63.391348 , -0.128376
-63.398978 , -0.105252
-63.406607 , -0.073264
-63.414237 , -0.042551
-63.421867 , -0.006518
-63.429496 , 0.036218
-63.437126 , 0.081614
-63.444756 , 0.121892
-63.452385 , 0.162169
-63.460015 , 0.202613
-63.467645 , 0.243058
-63.475274 , 0.284166
-63.482904 , 0.325275
-63.490534 , 0.366384
-63.498163 , 0.407493
-63.505793 , 0.438407
-63.513423 , 0.469322
-63.521052 , 0.500237
-63.528682 , 0.531152
-63.536312 , 0.562067
-63.543941 , 0.592981
-63.551571 , 0.623896
-63.559201 , 0.65481
-63.56683 , 0.687526
-63.57446 , 0.720243
-63.58209 , 0.752958
-63.589719 , 0.785675
-63.597349 , 0.818557
-63.604979 , 0.85144
-63.612608 , 0.883158
-63.620238 , 0.917537
-63.627868 , 0.965488
-63.635497 , 1.01876
-63.643127 , 1.066545
-63.650757 , 1.11965
-63.658386 , 1.188709
-63.666016 , 1.263089
-63.673646 , 1.331816
-63.681275 , 1.405864
-63.688905 , 1.487133
-63.696535 , 1.568403
-63.704164 , 1.651168
-63.711794 , 1.731275
-63.719424 , 1.802461
-63.727053 , 1.868329
-63.734683 , 1.923725
-63.742313 , 1.970258
-63.749942 , 2.014352
-63.757572 , 2.049582
-63.765202 , 2.070629
-63.772831 , 2.079267
-63.780461 , 2.077265
-63.788091 , 2.062855
-63.79572 , 2.03426
-63.80335 , 1.996803
-63.81098 , 1.956414
-63.818609 , 1.907163
-63.826239 , 1.85453
-63.833869 , 1.796581
-63.841498 , 1.725554
-63.849128 , 1.651871
-63.856758 , 1.580512
-63.864387 , 1.506496
-63.872017 , 1.427381
-63.879647 , 1.342949
-63.887276 , 1.264
-63.894906 , 1.179734
-63.902536 , 1.079677
-63.910165 , 0.974302
-63.917795 , 0.873082
-63.925425 , 0.769203
-63.933054 , 0.666757
-63.940684 , 0.564312
-63.948314 , 0.461699
-63.955943 , 0.359088
-63.963573 , 0.256475
-63.971203 , 0.153864
-63.978833 , 0.051418
-63.986462 , -0.051027
-63.994092 , -0.14267
-64.001722 , -0.231652
-64.009351 , -0.324791
-64.016981 , -0.41261
-64.024611 , -0.48464
-64.03224 , -0.55135
-64.03987 , -0.623381
-64.0475 , -0.690091
-64.055129 , -0.748933
-64.062759 , -0.802456
-64.070389 , -0.861299
-64.078018 , -0.914821
-64.085648 , -0.95239
-64.093278 , -0.984637
-64.100907 , -1.022205
-64.108537 , -1.054453
-64.116167 , -1.078282
-64.123796 , -1.09679
-64.131426 , -1.120618
-64.139056 , -1.139126
-64.146685 , -1.141846
-64.154315 , -1.139246
-64.161945 , -1.140802
-64.169574 , -1.139698
-64.177204 , -1.145042
-64.184834 , -1.150385
-64.192463 , -1.155563
-64.200093 , -1.16074
-64.207723 , -1.165918
-64.215352 , -1.171095
-64.222982 , -1.176274
-64.230612 , -1.18145
-64.238241 , -1.19505
-64.245871 , -1.208648
-64.253501 , -1.222248
-64.26113 , -1.235846
-64.26876 , -1.249445
-64.27639 , -1.263043
-64.284019 , -1.276643
-64.291649 , -1.29024
-64.299279 , -1.297926
-64.306908 , -1.30561
-64.314538 , -1.313877
-64.322168 , -1.320812
-64.329797 , -1.329717
-64.337427 , -1.33596
-64.345057 , -1.345834
-64.352686 , -1.351274
-64.360316 , -1.340427
-64.367946 , -1.325146
-64.375575 , -1.31441
-64.383205 , -1.29924
-64.390835 , -1.266343
-64.398464 , -1.230785
-64.406094 , -1.197943
-64.413724 , -1.16244
-64.421353 , -1.129343
-64.428983 , -1.096242
-64.436613 , -1.062979
-64.444242 , -1.029713
-64.451872 , -0.996449
-64.459502 , -0.963182
-64.467131 , -0.929918
-64.474761 , -0.896653
-64.482391 , -0.866491
-64.49002 , -0.836328
-64.49765 , -0.806166
-64.50528 , -0.776003
-64.512909 , -0.745924
-64.520539 , -0.715844
-64.528169 , -0.685184
-64.535798 , -0.655852
-64.543428 , -0.634573
-64.551058 , -0.615953
-64.558687 , -0.594426
-64.566317 , -0.575556
-64.573947 , -0.555192
-64.581576 , -0.534826
-64.589206 , -0.515958
-64.596836 , -0.494429
-64.604465 , -0.465533
-64.612095 , -0.433976
-64.619725 , -0.405246
-64.627354 , -0.373855
-64.634984 , -0.343962
-64.642614 , -0.314067
-64.650243 , -0.282789
-64.657873 , -0.254168
-64.665503 , -0.232177
-64.673132 , -0.214616
-64.680762 , -0.191516
-64.688392 , -0.17462
-64.696021 , -0.173571
-64.703651 , -0.176952
-64.711281 , -0.176014
-64.71891 , -0.179506
-64.72654 , -0.202834
-64.73417 , -0.230592
-64.741799 , -0.254807
-64.749429 , -0.281679
-64.757059 , -0.305838
-64.764688 , -0.332654
-64.772318 , -0.357977
-64.779948 , -0.383298
-64.787577 , -0.406948
-64.795207 , -0.427937
-64.802837 , -0.451836
-64.810466 , -0.473074
-64.818096 , -0.496392
-64.825726 , -0.518378
-64.833355 , -0.540948
-64.840985 , -0.563516
-64.848615 , -0.574396
-64.856244 , -0.585274
-64.863874 , -0.596735
-64.871504 , -0.606865
-64.879133 , -0.619075
-64.886763 , -0.628623
-64.894393 , -0.640915
-64.902022 , -0.650547
-64.909652 , -0.647029
-64.917282 , -0.64085
-64.924911 , -0.63675
-64.932541 , -0.631319
-64.940171 , -0.626748
-64.9478 , -0.622175
-64.95543 , -0.615417
-64.96306 , -0.613088
-64.970689 , -0.621121
-64.978319 , -0.635358
-64.985949 , -0.643059
-64.993578 , -0.656963
-65.001208 , -0.687545
-65.008838 , -0.720785
-65.016467 , -0.752642
-65.024097 , -0.784497
-65.031727 , -0.805638
-65.039356 , -0.822345
-65.046986 , -0.84465
-65.054616 , -0.860748
-65.062245 , -0.862
-65.069875 , -0.857045
-65.077505 , -0.857521
-65.085134 , -0.853563
-65.092764 , -0.840798
-65.100394 , -0.825372
-65.108023 , -0.811166
-65.115653 , -0.796959
-65.123283 , -0.782504
-65.130912 , -0.768047
-65.138542 , -0.754174
-65.146172 , -0.738969
-65.153801 , -0.710795
-65.161431 , -0.67996
-65.169061 , -0.651759
-65.17669 , -0.620896
-65.18432 , -0.593581
-65.19195 , -0.561831
-65.199579 , -0.534738
-65.207209 , -0.50321
-65.214839 , -0.456338
-65.222468 , -0.406804
-65.230098 , -0.358657
-65.237728 , -0.310509
-65.245358 , -0.262196
-65.252987 , -0.216541
-65.260617 , -0.166455
-65.268247 , -0.122573
-65.275876 , -0.098916
-65.283506 , -0.084123
-65.291136 , -0.077807
-65.298765 , -0.080356
-65.306395 , -0.080966
-65.314025 , -0.086894
-65.321654 , -0.099525
-65.329284 , -0.114816
-65.336914 , -0.127171
-65.344543 , -0.139526
-65.352173 , -0.152047
-65.359803 , -0.164568
-65.367432 , -0.177754
-65.375062 , -0.19094
-65.382692 , -0.204125
-65.390321 , -0.217311
-65.397951 , -0.239272
-65.405581 , -0.261232
-65.41321 , -0.283192
-65.42084 , -0.305152
-65.42847 , -0.327113
-65.436099 , -0.349073
-65.443729 , -0.371033
-65.451359 , -0.392993
-65.458988 , -0.406976
-65.466618 , -0.420958
-65.474248 , -0.43494
-65.481877 , -0.448923
-65.489507 , -0.462905
-65.497137 , -0.476887
-65.504766 , -0.490869
-65.512396 , -0.504851
-65.520026 , -0.510596
-65.527655 , -0.516341
-65.535285 , -0.521919
-65.542915 , -0.527497
-65.550544 , -0.534239
-65.558174 , -0.538321
-65.565804 , -0.546559
-65.573433 , -0.549479
-65.581063 , -0.531732
-65.588693 , -0.508667
-65.596322 , -0.490921
-65.603952 , -0.467856
-65.611582 , -0.428835
-65.619211 , -0.384496
-65.626841 , -0.345475
-65.634471 , -0.301136
-65.6421 , -0.231664
-65.64973 , -0.156874
-65.65736 , -0.087569
-65.664989 , -0.012945
-65.672619 , 0.057524
-65.680249 , 0.130652
-65.687878 , 0.202451
-65.695508 , 0.274249
-65.703138 , 0.351367
-65.710767 , 0.425824
-65.718397 , 0.504437
-65.726027 , 0.577732
-65.733656 , 0.635236
-65.741286 , 0.687422
-65.748916 , 0.744926
-65.756545 , 0.797112
-65.764175 , 0.830032
-65.771805 , 0.857635
-65.779434 , 0.890554
-65.787064 , 0.918157
-65.794694 , 0.929802
-65.802323 , 0.93613
-65.809953 , 0.947775
-65.817583 , 0.954103
-65.825212 , 0.937825
-65.832842 , 0.91623
-65.840472 , 0.899952
-65.848101 , 0.878357
-65.855731 , 0.840971
-65.863361 , 0.798267
-65.87099 , 0.759717
-65.87862 , 0.71851
-65.88625 , 0.681324
-65.893879 , 0.64414
-65.901509 , 0.605625
-65.909139 , 0.569771
-65.916768 , 0.52976
-65.924398 , 0.495069
-65.932028 , 0.454892
-65.939657 , 0.420034
-65.947287 , 0.408224
-65.954917 , 0.401732
-65.962546 , 0.389922
-65.970176 , 0.38343
-65.977806 , 0.392728
-65.985435 , 0.407346
-65.993065 , 0.417806
-66.000695 , 0.430928
-66.008324 , 0.440227
-66.015954 , 0.449528
-66.023584 , 0.458993
-66.031213 , 0.46846
-66.038843 , 0.477925
-66.046473 , 0.487392
-66.054102 , 0.496857
-66.061732 , 0.506324
-66.069362 , 0.528643
-66.076991 , 0.550963
-66.084621 , 0.573282
-66.092251 , 0.595603
-66.09988 , 0.617921
-66.10751 , 0.640241
-66.11514 , 0.66256
-66.122769 , 0.68488
-66.130399 , 0.705336
-66.138029 , 0.725793
-66.145658 , 0.747413
-66.153288 , 0.766374
-66.160918 , 0.789489
-66.168547 , 0.807288
-66.176177 , 0.830569
-66.183807 , 0.848533
-66.191436 , 0.849653
-66.199066 , 0.845457
-66.206696 , 0.846577
-66.214325 , 0.84238
-66.221955 , 0.822226
-66.229585 , 0.796754
-66.237214 , 0.776599
-66.244844 , 0.751128
-66.252474 , 0.708468
-66.260103 , 0.66049
-66.267733 , 0.617829
-66.275363 , 0.56985
-66.282992 , 0.506248
-66.290622 , 0.437327
-66.298252 , 0.371232
-66.305881 , 0.305136
-66.313511 , 0.237545
-66.321141 , 0.172613
-66.32877 , 0.103526
-66.3364 , 0.039757
-66.34403 , -0.008222
-66.351659 , -0.050881
-66.359289 , -0.099027
-66.366919 , -0.141853
-66.374548 , -0.174215
-66.382178 , -0.203918
-66.389808 , -0.234784
-66.397437 , -0.26565
-66.405067 , -0.29635
-66.412697 , -0.32705
-66.420326 , -0.35775
-66.427956 , -0.388451
-66.435586 , -0.424469
-66.443215 , -0.460488
-66.450845 , -0.496507
-66.458475 , -0.532525
-66.466104 , -0.568544
-66.473734 , -0.604563
-66.481364 , -0.640581
-66.488994 , -0.6766
-66.496623 , -0.724139
-66.504253 , -0.771678
-66.511883 , -0.82038
-66.519512 , -0.866424
-66.527142 , -0.900001
-66.534772 , -0.92826
-66.542401 , -0.953139
-66.550031 , -0.969154
-66.557661 , -0.972759
-66.56529 , -0.967499
-66.57292 , -0.953374
-66.58055 , -0.930386
-66.588179 , -0.900084
-66.595809 , -0.860918
-66.603439 , -0.813275
-66.611068 , -0.756768
-66.618698 , -0.697442
-66.626328 , -0.635457
-66.633957 , -0.574746
-66.641587 , -0.514034
-66.649217 , -0.444736
-66.656846 , -0.380756
-66.664476 , -0.31999
-66.672106 , -0.268088
-66.679735 , -0.234801
-66.687365 , -0.210379
-66.694995 , -0.194821
-66.702624 , -0.188128
-66.710254 , -0.188526
-66.717884 , -0.197789
-66.725513 , -0.217523
-66.733143 , -0.242575
-66.740773 , -0.271178
-66.748402 , -0.302439
-66.756032 , -0.332373
-66.763662 , -0.362304
-66.771291 , -0.39955
-66.778921 , -0.434135
-66.786551 , -0.462018
-66.79418 , -0.484581
-66.80181 , -0.498226
-66.80944 , -0.503004
-66.817069 , -0.499363
-66.824699 , -0.486856
-66.832329 , -0.475625
-66.839958 , -0.459073
-66.847588 , -0.43582
-66.855218 , -0.409905
-66.862847 , -0.382752
-66.870477 , -0.355598
-66.878107 , -0.32562
-66.885736 , -0.300959
-66.893366 , -0.291258
-66.900996 , -0.286875
-66.908625 , -0.277174
-66.916255 , -0.27279
-66.923885 , -0.280929
-66.931514 , -0.294385
-66.939144 , -0.305017
-66.946774 , -0.315648
-66.954403 , -0.327776
-66.962033 , -0.337243
-66.969663 , -0.350867
-66.977292 , -0.35917
-66.984922 , -0.357349
-66.992552 , -0.350209
-67.000181 , -0.348387
-67.007811 , -0.341247
-67.015441 , -0.318317
-67.02307 , -0.290069
-67.0307 , -0.26581
-67.03833 , -0.238891
-67.045959 , -0.200725
-67.053589 , -0.1599
-67.061219 , -0.121901
-67.068848 , -0.081242
-67.076478 , -0.041914
-67.084108 , -0.002584
-67.091737 , 0.036911
-67.099367 , 0.076406
-67.106997 , 0.109454
-67.114626 , 0.142501
-67.122256 , 0.176713
-67.129886 , 0.208265
-67.137515 , 0.243972
-67.145145 , 0.27436
-67.152775 , 0.3104
-67.160404 , 0.34112
-67.168034 , 0.348351
-67.175664 , 0.352921
-67.183293 , 0.359985
-67.190923 , 0.364389
-67.198553 , 0.371453
-67.206182 , 0.375858
-67.213812 , 0.382922
-67.221442 , 0.387326
-67.229071 , 0.376857
-67.236701 , 0.363728
-67.244331 , 0.353425
-67.25196 , 0.340462
-67.25959 , 0.32883
-67.26722 , 0.317197
-67.274849 , 0.305398
-67.282479 , 0.293599
-67.290109 , 0.27914
-67.297738 , 0.264682
-67.305368 , 0.25039
-67.312998 , 0.236097
-67.320627 , 0.220476
-67.328257 , 0.207513
-67.335887 , 0.191725
-67.343516 , 0.178596
-67.351146 , 0.182386
-67.358776 , 0.188836
-67.366405 , 0.192626
-67.374035 , 0.199075
-67.381665 , 0.202865
-67.389294 , 0.209314
-67.396924 , 0.213104
-67.404554 , 0.219553
-67.412183 , 0.241958
-67.419813 , 0.267023
-67.427443 , 0.289262
-67.435072 , 0.31416
-67.442702 , 0.337729
-67.450332 , 0.361297
-67.457961 , 0.384866
-67.465591 , 0.408435
-67.473221 , 0.417306
-67.48085 , 0.42352
-67.48848 , 0.433555
-67.49611 , 0.439159
-67.503739 , 0.448584
-67.511369 , 0.455352
-67.518999 , 0.463337
-67.526628 , 0.471323
-67.534258 , 0.468062
-67.541888 , 0.464802
-67.549517 , 0.46154
-67.557147 , 0.45828
-67.564777 , 0.454852
-67.572406 , 0.451426
-67.580036 , 0.449216
-67.587666 , 0.444349
-67.595295 , 0.433228
-67.602925 , 0.417675
-67.610555 , 0.406663
-67.618184 , 0.391222
-67.625814 , 0.359046
-67.633444 , 0.322441
-67.641073 , 0.289546
-67.648703 , 0.253993
-67.656333 , 0.212565
-67.663962 , 0.17114
-67.671592 , 0.129823
-67.679222 , 0.088508
-67.686851 , 0.050848
-67.694481 , 0.017622
-67.702111 , -0.010564
-67.70974 , -0.032543
-67.71737 , -0.046856
-67.725 , -0.054962
-67.73263 , -0.052544
-67.740259 , -0.042145
-67.747889 , -0.033078
-67.755519 , -0.017805
-67.763148 , 0.00262
-67.770778 , 0.027479
-67.778408 , 0.053056
-67.786037 , 0.078634
-67.793667 , 0.106483
-67.801297 , 0.129901
-67.808926 , 0.147943
-67.816556 , 0.158009
-67.824186 , 0.159431
-67.831815 , 0.151103
-67.839445 , 0.131728
-67.847075 , 0.102603
-67.854704 , 0.064834
-67.862334 , 0.019089
-67.869964 , -0.032032
-67.877593 , -0.087584
-67.885223 , -0.140977
-67.892853 , -0.194368
-67.900482 , -0.248924
-67.908112 , -0.300819
-67.915742 , -0.346566
-67.923371 , -0.386106
-67.931001 , -0.426978
-67.938631 , -0.45987
-67.94626 , -0.483123
-67.95389 , -0.498397
-67.96152 , -0.505108
-67.969149 , -0.50384
-67.976779 , -0.498251
-67.984409 , -0.488231
-67.992038 , -0.465301
-67.999668 , -0.439712
-68.007298 , -0.415341
-68.014927 , -0.390971
-68.022557 , -0.373748
-68.030187 , -0.356524
-68.037816 , -0.339301
-68.045446 , -0.322078
-68.053076 , -0.304854
-68.060705 , -0.287632
-68.068335 , -0.270408
-68.075965 , -0.253185
-68.083594 , -0.230151
-68.091224 , -0.207117
-68.098854 , -0.184083
-68.106483 , -0.16105
-68.114113 , -0.138016
-68.121743 , -0.114983
-68.129372 , -0.091949
-68.137002 , -0.068915
-68.144632 , -0.05386
-68.152261 , -0.038804
-68.159891 , -0.023914
-68.167521 , -0.009025
-68.17515 , 0.007195
-68.18278 , 0.020754
-68.19041 , 0.037306
-68.198039 , 0.051198
-68.205669 , 0.049541
-68.213299 , 0.047884
-68.220928 , 0.046061
-68.228558 , 0.044238
-68.236188 , 0.042415
-68.243817 , 0.040592
-68.251447 , 0.038602
-68.259077 , 0.036613
-68.266706 , 0.024485
-68.274336 , 0.009698
-68.281966 , -0.000934
-68.289595 , -0.016885
-68.297225 , -0.048625
-68.304855 , -0.085685
-68.312484 , -0.117425
-68.320114 , -0.154485
-68.327744 , -0.210734
-68.335373 , -0.272302
-68.343003 , -0.330878
-68.350633 , -0.389454
-68.358262 , -0.445039
-68.365892 , -0.495305
-68.373522 , -0.542357
-68.381151 , -0.580545
-68.388781 , -0.605659
-68.396411 , -0.621907
-68.40404 , -0.629291
-68.41167 , -0.627811
-68.4193 , -0.61525
-68.426929 , -0.593825
-68.434559 , -0.56902
-68.442189 , -0.538897
-68.449818 , -0.4978
-68.457448 , -0.454042
-68.465078 , -0.411449
-68.472707 , -0.368855
-68.480337 , -0.325431
-68.487967 , -0.282006
-68.495596 , -0.238749
-68.503226 , -0.195489
-68.510856 , -0.15262
-68.518485 , -0.112408
-68.526115 , -0.068043
-68.533745 , -0.028994
-68.541374 , -0.005737
-68.549004 , 0.012203
-68.556634 , 0.03546
-68.564263 , 0.0534
-68.571893 , 0.049253
-68.579523 , 0.03979
-68.587152 , 0.03581
-68.594782 , 0.026513
-68.602412 , 0.010731
-68.610041 , -0.007707
-68.617671 , -0.024984
-68.625301 , -0.04226
-68.63293 , -0.054384
-68.64056 , -0.066507
-68.64819 , -0.078631
-68.655819 , -0.090754
-68.663449 , -0.102879
-68.671079 , -0.115002
-68.678708 , -0.127126
-68.686338 , -0.139249
-68.693968 , -0.141765
-68.701597 , -0.144279
-68.709227 , -0.146794
-68.716857 , -0.149308
-68.724486 , -0.141186
-68.732116 , -0.133063
-68.739746 , -0.124941
-68.747375 , -0.116818
-68.755005 , -0.102879
-68.762635 , -0.088938
-68.770264 , -0.073836
-68.777894 , -0.061391
-68.785524 , -0.066067
-68.793153 , -0.07606
-68.800783 , -0.080571
-68.808413 , -0.090398
-68.816042 , -0.113391
-68.823672 , -0.141702
-68.831302 , -0.167356
-68.838931 , -0.193007
-68.846561 , -0.218993
-68.854191 , -0.244977
-68.86182 , -0.270962
-68.86945 , -0.296946
-68.87708 , -0.315175
-68.884709 , -0.333403
-68.892339 , -0.351632
-68.899969 , -0.369859
-68.907598 , -0.388421
-68.915228 , -0.406981
-68.922858 , -0.422883
-68.930487 , -0.444102
-68.938117 , -0.477547
-68.945747 , -0.516309
-68.953376 , -0.549587
-68.961006 , -0.588184
-68.968636 , -0.633263
-68.976265 , -0.681001
-68.983895 , -0.727409
-68.991525 , -0.773818
-68.999155 , -0.817124
-69.006784 , -0.85777
-69.014414 , -0.902572
-69.022044 , -0.942055
-69.029673 , -0.974391
-69.037303 , -1.001409
-69.044933 , -1.017789
-69.052562 , -1.025305
-69.060192 , -1.029046
-69.067822 , -1.023923
-69.075451 , -1.008162
-69.083081 , -0.987084
-69.090711 , -0.958858
-69.09834 , -0.925313
-69.10597 , -0.895924
-69.1136 , -0.863875
-69.121229 , -0.827449
-69.128859 , -0.791024
-69.136489 , -0.754432
-69.144118 , -0.71784
-69.151748 , -0.681249
-69.159378 , -0.644657
-69.167007 , -0.608065
-69.174637 , -0.571473
-69.182267 , -0.541334
-69.189896 , -0.511193
-69.197526 , -0.481054
-69.205156 , -0.450913
-69.212785 , -0.420774
-69.220415 , -0.390634
-69.228045 , -0.360495
-69.235674 , -0.330354
-69.243304 , -0.291793
-69.250934 , -0.253232
-69.258563 , -0.214671
-69.266193 , -0.176109
-69.273823 , -0.138214
-69.281452 , -0.100317
-69.289082 , -0.062587
-69.296712 , -0.024856
-69.304341 , 0.016634
-69.311971 , 0.055466
-69.319601 , 0.087814
-69.32723 , 0.114845
-69.33486 , 0.137387
-69.34249 , 0.154612
-69.350119 , 0.166517
-69.357749 , 0.173105
-69.365379 , 0.179691
-69.373008 , 0.18096
-69.380638 , 0.176908
-69.388268 , 0.16754
-69.395897 , 0.156619
-69.403527 , 0.140381
-69.411157 , 0.113725
-69.418786 , 0.078207
-69.426416 , 0.034676
-69.434046 , -0.014172
-69.441675 , -0.068396
-69.449305 , -0.127936
-69.456935 , -0.196066
-69.464564 , -0.266853
-69.472194 , -0.341631
-69.479824 , -0.416408
-69.487453 , -0.488859
-69.495083 , -0.558649
-69.502713 , -0.621959
-69.510342 , -0.679948
-69.517972 , -0.737552
-69.525602 , -0.789834
-69.533231 , -0.831703
-69.540861 , -0.864706
-69.548491 , -0.89226
-69.55612 , -0.914494
-69.56375 , -0.931189
-69.57138 , -0.942564
-69.579009 , -0.948179
-69.586639 , -0.948473
-69.594269 , -0.94345
-69.601898 , -0.933107
-69.609528 , -0.917891
-69.617158 , -0.897354
-69.624787 , -0.8715
-69.632417 , -0.840325
-69.640047 , -0.803834
-69.647676 , -0.762022
-69.655306 , -0.714894
-69.662936 , -0.662445
-69.670565 , -0.602798
-69.678195 , -0.537833
-69.685825 , -0.466386
-69.693454 , -0.39228
-69.701084 , -0.325487
-69.708714 , -0.258694
-69.716343 , -0.190571
-69.723973 , -0.125107
-69.731603 , -0.065461
-69.739232 , -0.011134
-69.746862 , 0.038042
-69.754492 , 0.081898
-69.762121 , 0.121433
-69.769751 , 0.155649
-69.777381 , 0.184713
-69.78501 , 0.208458
-69.79264 , 0.225147
-69.80027 , 0.239176
-69.807899 , 0.24905
-69.815529 , 0.258924
-69.823159 , 0.270958
-69.830788 , 0.282992
-69.838418 , 0.295027
-69.846048 , 0.307062
-69.853677 , 0.309456
-69.861307 , 0.311851
-69.868937 , 0.314245
-69.876566 , 0.316639
-69.884196 , 0.319034
-69.891826 , 0.321428
-69.899455 , 0.323822
-69.907085 , 0.326217
-69.914715 , 0.332327
-69.922344 , 0.338439
-69.929974 , 0.344548
-69.937604 , 0.35066
-69.945233 , 0.356105
-69.952863 , 0.361552
-69.960493 , 0.366831
-69.968122 , 0.372111
-69.975752 , 0.376116
-69.983382 , 0.377463
-69.991011 , 0.372326
-69.998641 , 0.361872
-70.006271 , 0.34776
-70.0139 , 0.328331
-70.02153 , 0.302418
-70.02916 , 0.273848
-70.036789 , 0.249146
-70.044419 , 0.224447
-70.052049 , 0.198417
-70.059678 , 0.175047
-70.067308 , 0.151842
-70.074938 , 0.133957
-70.082567 , 0.121058
-70.090197 , 0.113478
-70.097827 , 0.108057
-70.105456 , 0.105297
-70.113086 , 0.106524
-70.120716 , 0.107754
-70.128345 , 0.113303
-70.135975 , 0.116194
-70.143605 , 0.112601
-70.151234 , 0.103692
-70.158864 , 0.084152
-70.166494 , 0.059294
-70.174123 , 0.029449
-70.181753 , -0.005714
-70.189383 , -0.042706
-70.197012 , -0.079698
-70.204642 , -0.118186
-70.212272 , -0.154014
-70.219901 , -0.187792
-70.227531 , -0.216252
-70.235161 , -0.239559
-70.242791 , -0.257547
-70.25042 , -0.270882
-70.25805 , -0.278898
-70.26568 , -0.281596
-70.273309 , -0.278975
-70.280939 , -0.278438
-70.288569 , -0.272583
-70.296198 , -0.261575
-70.303828 , -0.245248
-70.311458 , -0.219946
-70.319087 , -0.191986
-70.326717 , -0.161199
-70.334347 , -0.127753
-70.341976 , -0.093254
-70.349606 , -0.056097
-70.357236 , -0.020268
-70.364865 , 0.01556
-70.372495 , 0.051887
-70.380125 , 0.088214
-70.387754 , 0.124541
-70.395384 , 0.160868
-70.403014 , 0.19395
-70.410643 , 0.227032
-70.418273 , 0.260115
-70.425903 , 0.293197
-70.433532 , 0.326279
-70.441162 , 0.359362
-70.448792 , 0.392444
-70.456421 , 0.425527
-70.464051 , 0.451572
-70.471681 , 0.477619
-70.47931 , 0.504828
-70.48694 , 0.529379
-70.49457 , 0.563403
-70.502199 , 0.592109
-70.509829 , 0.615662
-70.517459 , 0.633896
-70.525088 , 0.636001
-70.532718 , 0.632788
-70.540348 , 0.623093
-70.547977 , 0.610738
-70.555607 , 0.604865
-70.563237 , 0.598992
-70.570866 , 0.592953
-70.578496 , 0.586915
-70.586126 , 0.584643
-70.593755 , 0.582372
-70.601385 , 0.5801
-70.609015 , 0.577828
-70.616644 , 0.575557
-70.624274 , 0.573286
-70.631904 , 0.571014
-70.639533 , 0.568742
-70.647163 , 0.571629
-70.654793 , 0.574515
-70.662422 , 0.577401
-70.670052 , 0.580287
-70.677682 , 0.583173
-70.685311 , 0.586059
-70.692941 , 0.588945
-70.700571 , 0.591832
-70.7082 , 0.597488
-70.71583 , 0.603144
-70.72346 , 0.6088
-70.731089 , 0.614457
-70.738719 , 0.622273
-70.746349 , 0.630091
-70.753978 , 0.633752
-70.761608 , 0.634755
-70.769238 , 0.634449
-70.776867 , 0.628823
-70.784497 , 0.618046
-70.792127 , 0.601949
-70.799756 , 0.578706
-70.807386 , 0.550144
-70.815016 , 0.520419
-70.822645 , 0.488035
-70.830275 , 0.456038
-70.837905 , 0.424041
-70.845534 , 0.391878
-70.853164 , 0.359715
-70.860794 , 0.327219
-70.868423 , 0.294724
-70.876053 , 0.262228
-70.883683 , 0.229733
-70.891312 , 0.212243
-70.898942 , 0.194753
-70.906572 , 0.177263
-70.914201 , 0.159775
-70.921831 , 0.142285
-70.929461 , 0.124795
-70.93709 , 0.107305
-70.94472 , 0.089817
-70.95235 , 0.062133
-70.959979 , 0.034449
-70.967609 , 0.006765
-70.975239 , -0.020917
-70.982868 , -0.047771
-70.990498 , -0.074624
-70.998128 , -0.10264
-71.005757 , -0.127995
-71.013387 , -0.156323
-71.021017 , -0.179333
-71.028646 , -0.19719
-71.036276 , -0.209726
-71.043906 , -0.21545
-71.051535 , -0.215855
-71.059165 , -0.215097
-71.066795 , -0.211678
-71.074424 , -0.208648
-71.082054 , -0.205618
-71.089684 , -0.202422
-71.097313 , -0.199224
-71.104943 , -0.195696
-71.112573 , -0.192167
-71.120202 , -0.188639
-71.127832 , -0.185109
-71.135462 , -0.184876
-71.143091 , -0.184643
-71.150721 , -0.184409
-71.158351 , -0.184175
-71.16598 , -0.183943
-71.17361 , -0.18371
-71.18124 , -0.183476
-71.188869 , -0.183242
-71.196499 , -0.182733
-71.204129 , -0.182222
-71.211758 , -0.180493
-71.219388 , -0.181423
-71.227018 , -0.199917
-71.234647 , -0.222841
-71.242277 , -0.241112
-71.249907 , -0.263815
-71.257536 , -0.293874
-71.265166 , -0.326591
-71.272796 , -0.357924
-71.280425 , -0.389256
-71.288055 , -0.422085
-71.295685 , -0.452253
-71.303314 , -0.485248
-71.310944 , -0.515582
-71.318574 , -0.531292
-71.326203 , -0.544342
-71.333833 , -0.560216
-71.341463 , -0.573431
-71.349092 , -0.587978
-71.356722 , -0.602523
-71.364352 , -0.616735
-71.371981 , -0.630948
-71.379611 , -0.627295
-71.387241 , -0.620983
-71.39487 , -0.617496
-71.4025 , -0.61135
-71.41013 , -0.608029
-71.417759 , -0.602049
-71.425389 , -0.597398
-71.433019 , -0.592748
-71.440648 , -0.576407
-71.448278 , -0.560067
-71.455908 , -0.543727
-71.463537 , -0.527387
-71.471167 , -0.51088
-71.478797 , -0.494373
-71.486426 , -0.479197
-71.494056 , -0.46136
-71.501686 , -0.430823
-71.509316 , -0.397626
-71.516945 , -0.367255
-71.524575 , -0.334225
-71.532205 , -0.302524
-71.539834 , -0.270823
-71.547464 , -0.238956
-71.555094 , -0.207089
-71.562723 , -0.171455
-71.570353 , -0.135821
-71.577983 , -0.100186
-71.585612 , -0.064552
-71.593242 , -0.028918
-71.600872 , 0.006716
-71.608501 , 0.042351
-71.616131 , 0.077985
-71.623761 , 0.111244
-71.63139 , 0.144503
-71.63902 , 0.178981
-71.64665 , 0.210799
-71.654279 , 0.235693
-71.661909 , 0.256154
-71.669539 , 0.281157
-71.677168 , 0.301729
-71.684798 , 0.307674
-71.692428 , 0.309187
-71.700057 , 0.315133
-71.707687 , 0.316646
-71.715317 , 0.301317
-71.722946 , 0.281556
-71.730576 , 0.266226
-71.738206 , 0.246465
-71.745835 , 0.215166
-71.753465 , 0.179434
-71.761095 , 0.147249
-71.768724 , 0.112404
-71.776354 , 0.070302
-71.783984 , 0.025539
-71.791613 , -0.017726
-71.799243 , -0.060993
-71.806873 , -0.103981
-71.814502 , -0.144311
-71.822132 , -0.17838
-71.829762 , -0.206244
-71.837391 , -0.221699
-71.845021 , -0.227402
-71.852651 , -0.225348
-71.86028 , -0.213544
-71.86791 , -0.194449
-71.87554 , -0.165603
-71.883169 , -0.127228
-71.890799 , -0.082648
-71.898429 , -0.030866
-71.906058 , 0.023576
-71.913688 , 0.078018
-71.921318 , 0.1298
-71.928947 , 0.178481
-71.936577 , 0.220955
-71.944207 , 0.260106
-71.951836 , 0.291279
-71.959466 , 0.311149
-71.967096 , 0.323042
-71.974725 , 0.324408
-71.982355 , 0.319569
-71.989985 , 0.307624
-71.997614 , 0.291247
-72.005244 , 0.278472
-72.012874 , 0.263037
-72.020503 , 0.247713
-72.028133 , 0.232389
-72.035763 , 0.217065
-72.043392 , 0.201741
-72.051022 , 0.194395
-72.058652 , 0.189708
-72.066281 , 0.182196
-72.073911 , 0.177343
-72.081541 , 0.169831
-72.08917 , 0.164978
-72.0968 , 0.157465
-72.10443 , 0.152613
-72.112059 , 0.163349
-72.119689 , 0.176744
-72.127319 , 0.188809
-72.134948 , 0.200875
-72.142578 , 0.213107
-72.150208 , 0.225339
-72.157837 , 0.237571
-72.165467 , 0.249803
-72.173097 , 0.262035
-72.180726 , 0.274267
-72.188356 , 0.286499
-72.195986 , 0.29873
-72.203615 , 0.310962
-72.211245 , 0.323194
-72.218875 , 0.335426
-72.226504 , 0.347658
-72.234134 , 0.359211
-72.241764 , 0.370764
-72.249393 , 0.382318
-72.257023 , 0.393871
-72.264653 , 0.405258
-72.272282 , 0.416645
-72.279912 , 0.429361
-72.287542 , 0.439419
-72.295171 , 0.441997
-72.302801 , 0.441915
-72.310431 , 0.44538
-72.31806 , 0.444412
-72.32569 , 0.426823
-72.33332 , 0.404802
-72.340949 , 0.386493
-72.348579 , 0.365525
-72.356209 , 0.338558
-72.363838 , 0.311591
-72.371468 , 0.284457
-72.379098 , 0.257324
-72.386727 , 0.231021
-72.394357 , 0.204719
-72.401987 , 0.177197
-72.409616 , 0.152336
-72.417246 , 0.130631
-72.424876 , 0.11336
-72.432505 , 0.10041
-72.440135 , 0.095437
-72.447765 , 0.101767
-72.455394 , 0.116075
-72.463024 , 0.139912
-72.470654 , 0.171727
-72.478283 , 0.213251
-72.485913 , 0.259207
-72.493543 , 0.303003
-72.501172 , 0.346799
-72.508802 , 0.393199
-72.516432 , 0.436939
-72.524061 , 0.484392
-72.531691 , 0.527412
-72.539321 , 0.551595
-72.54695 , 0.571346
-72.55458 , 0.594643
-72.56221 , 0.615281
-72.569839 , 0.638467
-72.577469 , 0.658993
-72.585099 , 0.682346
-72.592728 , 0.703039
-72.600358 , 0.709292
-72.607988 , 0.715546
-72.615617 , 0.721633
-72.623247 , 0.727721
-72.630877 , 0.733808
-72.638506 , 0.739895
-72.646136 , 0.745983
-72.653766 , 0.75207
-72.661395 , 0.756828
-72.669025 , 0.761585
-72.676655 , 0.766343
-72.684284 , 0.771101
-72.691914 , 0.775692
-72.699544 , 0.780284
-72.707173 , 0.786094
-72.714803 , 0.789245
-72.722433 , 0.78302
-72.730062 , 0.772361
-72.737692 , 0.766357
-72.745322 , 0.75592
-72.752952 , 0.727755
-72.760581 , 0.69693
-72.768211 , 0.66882
-72.775841 , 0.638051
-72.78347 , 0.60019
-72.7911 , 0.56233
-72.79873 , 0.524137
-72.806359 , 0.485943
-72.813989 , 0.44908
-72.821619 , 0.409556
-72.829248 , 0.372859
-72.836878 , 0.333502
-72.844508 , 0.278419
-72.852137 , 0.220675
-72.859767 , 0.165757
-72.867397 , 0.10818
-72.875026 , 0.052098
-72.882656 , -0.003983
-72.890286 , -0.061339
-72.897915 , -0.116035
-72.905545 , -0.156271
-72.913175 , -0.190302
-72.920804 , -0.230761
-72.928434 , -0.265013
-72.936064 , -0.284307
-72.943693 , -0.297396
-72.951323 , -0.316081
-72.958953 , -0.330333
-72.966582 , -0.335873
-72.974212 , -0.341413
-72.981842 , -0.346677
-72.989471 , -0.35194
-72.997101 , -0.357203
-73.004731 , -0.362466
-73.01236 , -0.367564
-73.01999 , -0.372661
-73.02762 , -0.36978
-73.035249 , -0.364239
-73.042879 , -0.361525
-73.050509 , -0.356151
-73.058138 , -0.353436
-73.065768 , -0.348062
-73.073398 , -0.345513
-73.081027 , -0.340305
-73.088657 , -0.31507
-73.096287 , -0.289834
-73.103916 , -0.264431
-73.111546 , -0.239029
-73.119176 , -0.213627
-73.126805 , -0.188225
-73.134435 , -0.162823
-73.142065 , -0.137421
-73.149694 , -0.101824
-73.157324 , -0.066228
-73.164954 , -0.030632
-73.172583 , 0.004964
-73.180213 , 0.03973
-73.187843 , 0.074495
-73.195472 , 0.110424
-73.203102 , 0.143693
-73.210732 , 0.171602
-73.218361 , 0.194192
-73.225991 , 0.21163
-73.233621 , 0.22375
-73.24125 , 0.23188
-73.24888 , 0.234692
-73.25651 , 0.232351
-73.264139 , 0.224691
-73.271769 , 0.206339
-73.279399 , 0.185328
-73.287028 , 0.16548
-73.294658 , 0.145632
-73.302288 , 0.124953
-73.309917 , 0.104274
-73.317547 , 0.083595
-73.325177 , 0.062916
-73.332806 , 0.050735
-73.340436 , 0.038556
-73.348066 , 0.025212
-73.355695 , 0.014528
-73.363325 , 0.005451
-73.370955 , 0.001692
-73.378584 , 0.003307
-73.386214 , 0.010242
-73.393844 , 0.019835
-73.401473 , 0.038292
-73.409103 , 0.065172
-73.416733 , 0.100915
-73.424362 , 0.149734
-73.431992 , 0.20387
-73.439622 , 0.263216
-73.447251 , 0.327879
-73.454881 , 0.393637
-73.462511 , 0.459395
-73.47014 , 0.526649
-73.47777 , 0.591243
-73.4854 , 0.647582
-73.493029 , 0.698603
-73.500659 , 0.738931
-73.508289 , 0.770394
-73.515918 , 0.792994
-73.523548 , 0.803183
-73.531178 , 0.801404
-73.538807 , 0.787216
-73.546437 , 0.767266
-73.554067 , 0.738451
-73.561696 , 0.706036
-73.569326 , 0.668301
-73.576956 , 0.622056
-73.584585 , 0.573151
-73.592215 , 0.525409
-73.599845 , 0.477667
-73.607474 , 0.429926
-73.615104 , 0.382184
-73.622734 , 0.333279
-73.630363 , 0.287034
-73.637993 , 0.24461
-73.645623 , 0.207506
-73.653252 , 0.175388
-73.660882 , 0.148589
-73.668512 , 0.133092
-73.676141 , 0.120254
-73.683771 , 0.104923
-73.691401 , 0.092251
-73.69903 , 0.085439
-73.70666 , 0.081285
-73.71429 , 0.074472
-73.721919 , 0.070319
-73.729549 , 0.074143
-73.737179 , 0.080627
-73.744808 , 0.084285
-73.752438 , 0.090603
-73.760068 , 0.100688
-73.767697 , 0.110773
-73.775327 , 0.121025
-73.782957 , 0.131276
-73.790586 , 0.141527
-73.798216 , 0.151778
-73.805846 , 0.162029
-73.813475 , 0.172281
-73.821105 , 0.164382
-73.828735 , 0.156484
-73.836364 , 0.148585
-73.843994 , 0.140687
-73.851624 , 0.132789
-73.859253 , 0.12489
-73.866883 , 0.116992
-73.874513 , 0.109094
-73.882142 , 0.091444
-73.889772 , 0.073795
-73.897402 , 0.056146
-73.905031 , 0.038497
-73.912661 , 0.020848
-73.920291 , 0.003198
-73.92792 , -0.014451
-73.93555 , -0.0321
-73.94318 , -0.05137
-73.950809 , -0.07064
-73.958439 , -0.08991
-73.966069 , -0.109179
-73.973698 , -0.128449
-73.981328 , -0.147718
-73.988958 , -0.166988
-73.996588 , -0.186258
-74.004217 , -0.204863
-74.011847 , -0.223468
-74.019477 , -0.241907
-74.027106 , -0.260345
-74.034736 , -0.285266
-74.042366 , -0.307528
-74.049995 , -0.323362
-74.057625 , -0.333879
-74.065255 , -0.33467
-74.072884 , -0.331029
-74.080514 , -0.320407
-74.088144 , -0.307126
-74.095773 , -0.300383
-74.103403 , -0.293639
-74.111033 , -0.286729
-74.118662 , -0.279819
-74.126292 , -0.281996
-74.133922 , -0.284172
-74.141551 , -0.286348
-74.149181 , -0.288525
-74.156811 , -0.290701
-74.16444 , -0.292877
-74.17207 , -0.295053
-74.1797 , -0.29723
-74.187329 , -0.306733
-74.194959 , -0.316236
-74.202589 , -0.32574
-74.210218 , -0.335243
-74.217848 , -0.344746
-74.225478 , -0.354249
-74.233107 , -0.363753
-74.240737 , -0.373256
-74.248367 , -0.36769
-74.255996 , -0.362123
-74.263626 , -0.356557
-74.271256 , -0.350991
-74.278885 , -0.345425
-74.286515 , -0.339859
-74.294145 , -0.334292
-74.301774 , -0.328726
-74.309404 , -0.324902
-74.317034 , -0.321077
-74.324663 , -0.317253
-74.332293 , -0.313428
-74.339923 , -0.309604
-74.347552 , -0.305779
-74.355182 , -0.301955
-74.362812 , -0.29813
-74.370441 , -0.309375
-74.378071 , -0.32062
-74.385701 , -0.331865
-74.39333 , -0.34311
-74.40096 , -0.354355
-74.40859 , -0.3656
-74.416219 , -0.376845
-74.423849 , -0.38809
-74.431479 , -0.404391
-74.439108 , -0.420691
-74.446738 , -0.436992
-74.454368 , -0.453292
-74.461997 , -0.469593
-74.469627 , -0.485893
-74.477257 , -0.502194
-74.484886 , -0.518495
-74.492516 , -0.526817
-74.500146 , -0.53514
-74.507775 , -0.543462
-74.515405 , -0.551785
-74.523035 , -0.560107
-74.530664 , -0.568429
-74.538294 , -0.576752
-74.545924 , -0.585074
-74.553553 , -0.593575
-74.561183 , -0.602077
-74.568813 , -0.610411
-74.576442 , -0.618746
-74.584072 , -0.634283
-74.591702 , -0.647161
-74.599331 , -0.653112
-74.606961 , -0.654633
-74.614591 , -0.641748
-74.62222 , -0.624431
-74.62985 , -0.610826
-74.63748 , -0.594563
-74.645109 , -0.579683
-74.652739 , -0.564804
-74.660369 , -0.54854
-74.667998 , -0.534935
-74.675628 , -0.521898
-74.683258 , -0.513293
-74.690887 , -0.510672
-74.698517 , -0.512483
-74.706147 , -0.514571
-74.713776 , -0.519319
-74.721406 , -0.52257
-74.729036 , -0.525821
-74.736665 , -0.526802
-74.744295 , -0.523349
-74.751925 , -0.515742
-74.759554 , -0.500156
-74.767184 , -0.473269
-74.774814 , -0.438403
-74.782443 , -0.394008
-74.790073 , -0.341635
-74.797703 , -0.282316
-74.805332 , -0.218565
-74.812962 , -0.156974
-74.820592 , -0.095384
-74.828221 , -0.031854
-74.835851 , 0.029016
-74.843481 , 0.093598
-74.85111 , 0.153749
-74.85874 , 0.209134
-74.86637 , 0.260087
-74.873999 , 0.304835
-74.881629 , 0.345151
-74.889259 , 0.379927
-74.896888 , 0.41027
-74.904518 , 0.434408
-74.912148 , 0.454114
-74.919777 , 0.477851
-74.927407 , 0.497155
-74.935037 , 0.510254
-74.942666 , 0.518921
-74.950296 , 0.522159
-74.957926 , 0.520965
-74.965555 , 0.512678
-74.973185 , 0.501733
-74.980815 , 0.487795
-74.988444 , 0.471199
-74.996074 , 0.457262
-75.003704 , 0.440665
-75.011333 , 0.415426
-75.018963 , 0.387527
-75.026593 , 0.362288
-75.034222 , 0.334389
-75.041852 , 0.2985
-75.049482 , 0.259952
-75.057111 , 0.222733
-75.064741 , 0.185515
-75.072371 , 0.148296
-75.08 , 0.111078
-75.08763 , 0.07253
-75.09526 , 0.036641
-75.102889 , 0.014104
-75.110519 , -0.005774
-75.118149 , -0.028476
-75.125778 , -0.04852
-75.133408 , -0.069893
-75.141038 , -0.091267
-75.148667 , -0.112474
-75.156297 , -0.133681
-75.163927 , -0.154902
-75.171556 , -0.176123
-75.179186 , -0.197344
-75.186816 , -0.218565
-75.194445 , -0.238955
-75.202075 , -0.259345
-75.209705 , -0.281065
-75.217334 , -0.300125
-75.224964 , -0.319794
-75.232594 , -0.336805
-75.240223 , -0.346724
-75.247853 , -0.35221
-75.255483 , -0.350051
-75.263113 , -0.34346
-75.270742 , -0.335262
-75.278372 , -0.324405
-75.286002 , -0.314588
-75.293631 , -0.304771
-75.301261 , -0.294955
-75.308891 , -0.285138
-75.31652 , -0.279089
-75.32415 , -0.275699
-75.33178 , -0.279234
-75.339409 , -0.287202
-75.347039 , -0.295945
-75.354669 , -0.309121
-75.362298 , -0.328224
-75.369928 , -0.35176
-75.377558 , -0.377567
-75.385187 , -0.403375
-75.392817 , -0.430677
-75.400447 , -0.455321
-75.408076 , -0.477901
-75.415706 , -0.496049
-75.423336 , -0.509876
-75.430965 , -0.515724
-75.438595 , -0.506392
-75.446225 , -0.489082
-75.453854 , -0.468449
-75.461484 , -0.441609
-75.469114 , -0.412388
-75.476743 , -0.380507
-75.484373 , -0.349734
-75.492003 , -0.318962
-75.499632 , -0.287524
-75.507262 , -0.256086
-75.514892 , -0.223319
-75.522521 , -0.193211
-75.530151 , -0.172099
-75.537781 , -0.153647
-75.54541 , -0.133864
-75.55304 , -0.114082
-75.56067 , -0.0943
-75.568299 , -0.074518
-75.575929 , -0.056231
-75.583559 , -0.035286
-75.591188 , -0.011293
-75.598818 , 0.0127
-75.606448 , 0.036859
-75.614077 , 0.061018
-75.621707 , 0.087227
-75.629337 , 0.113436
-75.636966 , 0.136542
-75.644596 , 0.155217
-75.652226 , 0.167506
-75.659855 , 0.175362
-75.667485 , 0.178011
-75.675115 , 0.174455
-75.682744 , 0.166799
-75.690374 , 0.154711
-75.698004 , 0.135587
-75.705633 , 0.113803
-75.713263 , 0.093404
-75.720893 , 0.073006
-75.728522 , 0.051222
-75.736152 , 0.032098
-75.743782 , 0.014469
-75.751411 , 0.001273
-75.759041 , -0.006605
-75.766671 , -0.008277
-75.7743 , -0.001028
-75.78193 , 0.014199
-75.78956 , 0.039842
-75.797189 , 0.07169
-75.804819 , 0.10387
-75.812449 , 0.140483
-75.820078 , 0.184132
-75.827708 , 0.23044
-75.835338 , 0.279241
-75.842967 , 0.328042
-75.850597 , 0.37291
-75.858227 , 0.415118
-75.865856 , 0.448184
-75.873486 , 0.476819
-75.881116 , 0.500246
-75.888745 , 0.517467
-75.896375 , 0.538387
-75.904005 , 0.553102
-75.911634 , 0.557179
-75.919264 , 0.553278
-75.926894 , 0.537078
-75.934523 , 0.5129
-75.942153 , 0.485287
-75.949783 , 0.451469
-75.957412 , 0.407789
-75.965042 , 0.359677
-75.972672 , 0.309847
-75.980301 , 0.257359
-75.987931 , 0.208415
-75.995561 , 0.159472
-76.00319 , 0.110529
-76.01082 , 0.061586
-76.01845 , 0.017383
-76.026079 , -0.02416
-76.033709 , -0.068696
-76.041339 , -0.110571
-76.048968 , -0.153777
-76.056598 , -0.196982
-76.064228 , -0.240021
-76.071857 , -0.283061
-76.079487 , -0.325656
-76.087117 , -0.368253
-76.094746 , -0.410683
-76.102376 , -0.453112
-76.110006 , -0.491332
-76.117635 , -0.526891
-76.125265 , -0.556412
-76.132895 , -0.579728
-76.140524 , -0.594221
-76.148154 , -0.602509
-76.155784 , -0.606365
-76.163413 , -0.604015
-76.171043 , -0.597234
-76.178673 , -0.584247
-76.186302 , -0.566939
-76.193932 , -0.543426
-76.201562 , -0.510383
-76.209191 , -0.472908
-76.216821 , -0.429228
-76.224451 , -0.381116
-76.23208 , -0.331398
-76.23971 , -0.27902
-76.24734 , -0.22786
-76.254969 , -0.176701
-76.262599 , -0.127258
-76.270229 , -0.077814
-76.277858 , -0.028537
-76.285488 , 0.02074
-76.293118 , 0.073563
-76.300747 , 0.123727
-76.308377 , 0.172284
-76.316007 , 0.216409
-76.323636 , 0.255326
-76.331266 , 0.289811
-76.338896 , 0.31809
-76.346525 , 0.341938
-76.354155 , 0.357696
-76.361785 , 0.369022
-76.369414 , 0.378576
-76.377044 , 0.38547
-76.384674 , 0.386561
-76.392303 , 0.384993
-76.399933 , 0.384753
-76.407563 , 0.384514
-76.415192 , 0.383611
-76.422822 , 0.382707
-76.430452 , 0.383133
-76.438081 , 0.380899
-76.445711 , 0.367087
-76.453341 , 0.350615
-76.46097 , 0.336968
-76.4686 , 0.320663
-76.47623 , 0.295714
-76.483859 , 0.270766
-76.491489 , 0.245928
-76.499119 , 0.22109
-76.506749 , 0.200084
-76.514378 , 0.18351
-76.522008 , 0.172864
-76.529638 , 0.16665
-76.537267 , 0.165312
-76.544897 , 0.168406
-76.552527 , 0.177594
-76.560156 , 0.191215
-76.567786 , 0.205444
-76.575416 , 0.222333
-76.583045 , 0.237837
-76.590675 , 0.253342
-76.598305 , 0.273222
-76.605934 , 0.290444
-76.613564 , 0.305948
-76.621194 , 0.31702
-76.628823 , 0.323286
-76.636453 , 0.323347
-76.644083 , 0.31831
-76.651712 , 0.308841
-76.659342 , 0.290674
-76.666972 , 0.269848
-76.674601 , 0.245089
-76.682231 , 0.220328
-76.689861 , 0.194738
-76.69749 , 0.171806
-76.70512 , 0.151479
-76.71275 , 0.133811
-76.720379 , 0.125228
-76.728009 , 0.121078
-76.735639 , 0.123023
-76.743268 , 0.129399
-76.750898 , 0.129717
-76.758528 , 0.134468
-76.766157 , 0.14631
-76.773787 , 0.160812
-76.781417 , 0.177918
-76.789046 , 0.197683
-76.796676 , 0.216118
-76.804306 , 0.234553
-76.811935 , 0.254983
-76.819565 , 0.275413
-76.827195 , 0.297172
-76.834824 , 0.316272
-76.842454 , 0.32756
-76.850084 , 0.336189
-76.857713 , 0.347478
-76.865343 , 0.356107
-76.872973 , 0.352727
-76.880602 , 0.346688
-76.888232 , 0.341979
-76.895862 , 0.33727
-76.903491 , 0.332395
-76.911121 , 0.327519
-76.918751 , 0.322644
-76.92638 , 0.317768
-76.93401 , 0.310233
-76.94164 , 0.302699
-76.949269 , 0.295164
-76.956899 , 0.287629
-76.964529 , 0.280094
-76.972158 , 0.27256
-76.979788 , 0.265025
-76.987418 , 0.25749
-76.995047 , 0.253605
-77.002677 , 0.24972
-77.010307 , 0.246001
-77.017936 , 0.242282
-77.025566 , 0.242718
-77.033196 , 0.245814
-77.040825 , 0.255392
-77.048455 , 0.270288
-77.056085 , 0.28258
-77.063714 , 0.300191
-77.071344 , 0.322955
-77.078974 , 0.351038
-77.086603 , 0.390921
-77.094233 , 0.433463
-77.101863 , 0.474842
-77.109492 , 0.516221
-77.117122 , 0.556118
-77.124752 , 0.596014
-77.132381 , 0.635911
-77.140011 , 0.675808
-77.147641 , 0.715705
-77.15527 , 0.755602
-77.1629 , 0.795499
-77.17053 , 0.835396
-77.178159 , 0.86942
-77.185789 , 0.903444
-77.193419 , 0.940128
-77.201048 , 0.971492
-77.208678 , 0.991888
-77.216308 , 1.006964
-77.223937 , 1.018495
-77.231567 , 1.021161
-77.239197 , 1.015619
-77.246826 , 1.001213
-77.254456 , 0.978163
-77.262086 , 0.946249
-77.269715 , 0.916275
-77.277345 , 0.880982
-77.284975 , 0.838985
-77.292604 , 0.794329
-77.300234 , 0.74873
-77.307864 , 0.703132
-77.315493 , 0.665346
-77.323123 , 0.632878
-77.330753 , 0.603402
-77.338382 , 0.579245
-77.346012 , 0.56024
-77.353642 , 0.546554
-77.361271 , 0.543436
-77.368901 , 0.542977
-77.376531 , 0.541022
-77.38416 , 0.539067
-77.39179 , 0.535285
-77.39942 , 0.526183
-77.407049 , 0.512095
-77.414679 , 0.492688
-77.422309 , 0.465913
-77.429938 , 0.433819
-77.437568 , 0.395244
-77.445198 , 0.354008
-77.452827 , 0.320086
-77.460457 , 0.286164
-77.468087 , 0.250913
-77.475716 , 0.21832
-77.483346 , 0.187693
-77.490976 , 0.162384
-77.498605 , 0.142062
-77.506235 , 0.127058
-77.513865 , 0.111888
-77.521494 , 0.099378
-77.529124 , 0.085371
-77.536754 , 0.071364
-77.544383 , 0.055973
-77.552013 , 0.035263
-77.559643 , 0.009566
-77.567272 , -0.021449
-77.574902 , -0.056453
-77.582532 , -0.096776
-77.590161 , -0.142085
-77.597791 , -0.192713
-77.605421 , -0.244794
-77.61305 , -0.296876
-77.62068 , -0.350454
-77.62831 , -0.401373
-77.635939 , -0.451793
-77.643569 , -0.496894
-77.651199 , -0.536843
-77.658828 , -0.571473
-77.666458 , -0.598568
-77.674088 , -0.620346
-77.681717 , -0.636804
-77.689347 , -0.647943
-77.696977 , -0.654428
-77.704606 , -0.655595
-77.712236 , -0.65161
-77.719866 , -0.642306
-77.727495 , -0.628782
-77.735125 , -0.612599
-77.742755 , -0.59758
-77.750385 , -0.582561
-77.758014 , -0.56671
-77.765644 , -0.55086
-77.773274 , -0.53501
-77.780903 , -0.519159
-77.788533 , -0.517049
-77.796163 , -0.514938
-77.803792 , -0.512828
-77.811422 , -0.510717
-77.819052 , -0.508607
-77.826681 , -0.506496
-77.834311 , -0.504386
-77.841941 , -0.502275
-77.84957 , -0.500428
-77.8572 , -0.49858
-77.86483 , -0.496733
-77.872459 , -0.494886
-77.880089 , -0.493039
-77.887719 , -0.491191
-77.895348 , -0.489344
-77.902978 , -0.487496
-77.910608 , -0.488308
-77.918237 , -0.48912
-77.925867 , -0.489933
-77.933497 , -0.490745
-77.941126 , -0.491557
-77.948756 , -0.492369
-77.956386 , -0.493014
-77.964015 , -0.49366
-77.971645 , -0.482136
-77.979275 , -0.467953
-77.986904 , -0.456596
-77.994534 , -0.442579
-78.002164 , -0.431221
-78.009793 , -0.417204
-78.017423 , -0.405847
-78.025053 , -0.39183
-78.032682 , -0.363796
-78.040312 , -0.333103
-78.047942 , -0.30374
-78.055571 , -0.274376
-78.063201 , -0.244846
-78.070831 , -0.215317
-78.07846 , -0.185787
-78.08609 , -0.156258
-78.09372 , -0.131174
-78.101349 , -0.106091
-78.108979 , -0.081173
-78.116609 , -0.056256
-78.124238 , -0.030009
-78.131868 , -0.006421
-78.139498 , 0.019992
-78.147127 , 0.043746
-78.154757 , 0.051544
-78.162387 , 0.056683
-78.170016 , 0.064481
-78.177646 , 0.069619
-78.185276 , 0.077417
-78.192905 , 0.082556
-78.200535 , 0.09052
-78.208165 , 0.095825
-78.215794 , 0.086687
-78.223424 , 0.077549
-78.231054 , 0.068244
-78.238683 , 0.05894
-78.246313 , 0.04947
-78.253943 , 0.039999
-78.261572 , 0.031859
-78.269202 , 0.021059
-78.276832 , 0.00217
-78.284461 , -0.019378
-78.292091 , -0.039597
-78.299721 , -0.059815
-78.30735 , -0.078815
-78.31498 , -0.097815
-78.32261 , -0.11892
-78.330239 , -0.135592
-78.337869 , -0.149592
-78.345499 , -0.157386
-78.353128 , -0.154765
-78.360758 , -0.144166
-78.368388 , -0.121378
-78.376017 , -0.092385
-78.383647 , -0.058074
-78.391277 , -0.01933
-78.398906 , 0.01958
-78.406536 , 0.06115
-78.414166 , 0.1015
-78.421795 , 0.14185
-78.429425 , 0.183032
-78.437055 , 0.224214
-78.444684 , 0.265395
-78.452314 , 0.306577
-78.459944 , 0.348491
-78.467573 , 0.390405
-78.475203 , 0.432152
-78.482833 , 0.4739
-78.490462 , 0.505564
-78.498092 , 0.534569
-78.505722 , 0.567175
-78.513351 , 0.59535
-78.520981 , 0.616653
-78.528611 , 0.631752
-78.53624 , 0.643416
-78.54387 , 0.647103
-78.5515 , 0.638268
-78.559129 , 0.621455
-78.566759 , 0.594891
-78.574389 , 0.560349
-78.582018 , 0.519865
-78.589648 , 0.471403
-78.597278 , 0.412415
-78.604907 , 0.347221
-78.612537 , 0.275768
-78.620167 , 0.199882
-78.627796 , 0.126267
-78.635426 , 0.052652
-78.643056 , -0.027777
-78.650685 , -0.105547
-78.658315 , -0.17628
-78.665945 , -0.242582
-78.673574 , -0.30434
-78.681204 , -0.359894
-78.688834 , -0.411126
-78.696463 , -0.456152
-78.704093 , -0.493063
-78.711723 , -0.523768
-78.719352 , -0.549265
-78.726982 , -0.570331
-78.734612 , -0.589678
-78.742241 , -0.606367
-78.749871 , -0.624274
-78.757501 , -0.642181
-78.76513 , -0.652387
-78.77276 , -0.662593
-78.78039 , -0.6728
-78.788019 , -0.683006
-78.795649 , -0.693212
-78.803279 , -0.703418
-78.810908 , -0.713624
-78.818538 , -0.723831
-78.826168 , -0.739702
-78.833797 , -0.755573
-78.841427 , -0.770226
-78.849057 , -0.787537
-78.856686 , -0.795153
-78.864316 , -0.807201
-78.871946 , -0.825233
-78.879575 , -0.847697
-78.887205 , -0.877973
-78.894835 , -0.910908
-78.902464 , -0.942459
-78.910094 , -0.974009
-78.917724 , -1.012484
-78.925353 , -1.0483
-78.932983 , -1.076914
-78.940613 , -1.101096
-78.948242 , -1.117746
-78.955872 , -1.125532
-78.963502 , -1.12473
-78.971131 , -1.115064
-78.978761 , -1.098085
-78.986391 , -1.072241
-78.99402 , -1.037755
-79.00165 , -0.994404
-79.00928 , -0.941856
-79.01691 , -0.88399
-79.024539 , -0.828893
-79.032169 , -0.773797
-79.039799 , -0.726789
-79.047428 , -0.685101
-79.055058 , -0.653495
-79.062688 , -0.630754
-79.070317 , -0.613373
-79.077947 , -0.601311
-79.085577 , -0.595953
-79.093206 , -0.593254
-79.100836 , -0.584183
-79.108466 , -0.575112
-79.116095 , -0.568868
-79.123725 , -0.557304
-79.131355 , -0.534937
-79.138984 , -0.507251
-79.146614 , -0.483721
-79.154244 , -0.45753
-79.161873 , -0.432504
-79.169503 , -0.407478
-79.177133 , -0.382285
-79.184762 , -0.357092
-79.192392 , -0.320094
-79.200022 , -0.283095
-79.207651 , -0.246097
-79.215281 , -0.209098
-79.222911 , -0.172099
-79.23054 , -0.135101
-79.23817 , -0.098102
-79.2458 , -0.061103
-79.253429 , -0.012581
-79.261059 , 0.035942
-79.268689 , 0.084464
-79.276318 , 0.132986
-79.283948 , 0.181509
-79.291578 , 0.230031
-79.299207 , 0.278553
-79.306837 , 0.327076
-79.314467 , 0.378105
-79.322096 , 0.429134
-79.329726 , 0.479831
-79.337356 , 0.530529
-79.344985 , 0.58876
-79.352615 , 0.641673
-79.360245 , 0.689378
-79.367874 , 0.731765
-79.375504 , 0.757087
-79.383134 , 0.773546
-79.390763 , 0.781361
-79.398393 , 0.780312
-79.406023 , 0.771285
-79.413652 , 0.753393
-79.421282 , 0.726858
-79.428912 , 0.69146
-79.436541 , 0.651256
-79.444171 , 0.605734
-79.451801 , 0.554838
-79.45943 , 0.498623
-79.46706 , 0.429998
-79.47469 , 0.358714
-79.482319 , 0.290089
-79.489949 , 0.218805
-79.497579 , 0.145969
-79.505208 , 0.073134
-79.512838 , 0.000132
-79.520468 , -0.07287
-79.528097 , -0.14504
-79.535727 , -0.217211
-79.543357 , -0.290545
-79.550986 , -0.36122
-79.558616 , -0.423294
-79.566246 , -0.480048
-79.573875 , -0.531651
-79.581505 , -0.577935
-79.589135 , -0.623332
-79.596764 , -0.663411
-79.604394 , -0.693074
-79.612024 , -0.713872
-79.619653 , -0.728909
-79.627283 , -0.738627
-79.634913 , -0.742805
-79.642542 , -0.741663
-79.650172 , -0.729608
-79.657802 , -0.712234
-79.665431 , -0.699016
-79.673061 , -0.683137
-79.680691 , -0.666721
-79.68832 , -0.650304
-79.69595 , -0.633722
-79.70358 , -0.617139
-79.711209 , -0.600556
-79.718839 , -0.583973
-79.726469 , -0.567391
-79.734098 , -0.550808
-79.741728 , -0.52669
-79.749358 , -0.502573
-79.756987 , -0.478456
-79.764617 , -0.454338
-79.772247 , -0.430221
-79.779876 , -0.406103
-79.787506 , -0.381986
-79.795136 , -0.357868
-79.802765 , -0.343626
-79.810395 , -0.329384
-79.818025 , -0.315142
-79.825654 , -0.3009
-79.833284 , -0.286658
-79.840914 , -0.272416
-79.848543 , -0.258174
-79.856173 , -0.243932
-79.863803 , -0.23235
-79.871432 , -0.220767
-79.879062 , -0.209185
-79.886692 , -0.197602
-79.894321 , -0.186019
-79.901951 , -0.174437
-79.909581 , -0.162854
-79.91721 , -0.151271
-79.92484 , -0.123263
-79.93247 , -0.095256
-79.940099 , -0.067248
-79.947729 , -0.03924
-79.955359 , -0.011232
-79.962988 , 0.016776
-79.970618 , 0.044783
-79.978248 , 0.072791
-79.985877 , 0.098472
-79.993507 , 0.124153
-80.001137 , 0.152272
-80.008766 , 0.175071
-80.016396 , 0.193328
-80.024026 , 0.202721
-80.031655 , 0.203471
-80.039285 , 0.195356
-80.046915 , 0.177919
-80.054544 , 0.151619
-80.062174 , 0.121939
-80.069804 , 0.08694
-80.077433 , 0.039475
-80.085063 , -0.010649
-80.092693 , -0.059609
-80.100322 , -0.10857
-80.107952 , -0.149054
-80.115582 , -0.189538
-80.123211 , -0.230021
-80.130841 , -0.270505
-80.138471 , -0.310989
-80.1461 , -0.351472
-80.15373 , -0.39179
-80.16136 , -0.432108
-80.168989 , -0.458751
-80.176619 , -0.482736
-80.184249 , -0.510875
-80.191878 , -0.533696
-80.199508 , -0.54538
-80.207138 , -0.551746
-80.214767 , -0.554567
-80.222397 , -0.548522
-80.230027 , -0.533171
-80.237656 , -0.508955
-80.245286 , -0.476096
-80.252916 , -0.434372
-80.260546 , -0.393923
-80.268175 , -0.348155
-80.275805 , -0.295684
-80.283435 , -0.240553
-80.291064 , -0.186793
-80.298694 , -0.133033
-80.306324 , -0.07944
-80.313953 , -0.025846
-80.321583 , 0.035946
-80.329213 , 0.092421
-80.336842 , 0.143688
-80.344472 , 0.189635
-80.352102 , 0.220736
-80.359731 , 0.242971
-80.367361 , 0.256785
-80.374991 , 0.261735
-80.38262 , 0.267793
-80.39025 , 0.268532
-80.39788 , 0.263897
-80.405509 , 0.253944
-80.413139 , 0.237754
-80.420769 , 0.218905
-80.428398 , 0.20122
-80.436028 , 0.183534
-80.443658 , 0.165018
-80.451287 , 0.146501
-80.458917 , 0.127985
-80.466547 , 0.109468
-80.474176 , 0.092281
-80.481806 , 0.075094
-80.489436 , 0.057907
-80.497065 , 0.04072
-80.504695 , 0.023533
-80.512325 , 0.006346
-80.519954 , -0.010841
-80.527584 , -0.028028
-80.535214 , -0.032265
-80.542843 , -0.036501
-80.550473 , -0.041901
-80.558103 , -0.044642
-80.565732 , -0.051538
-80.573362 , -0.053115
-80.580992 , -0.060343
-80.588621 , -0.062253
-80.596251 , -0.043775
-80.603881 , -0.022636
-80.61151 , -0.004158
-80.61914 , 0.01698
-80.62677 , 0.036622
-80.634399 , 0.056264
-80.642029 , 0.077235
-80.649659 , 0.095548
-80.657288 , 0.102129
-80.664918 , 0.103391
-80.672548 , 0.110138
-80.680177 , 0.111566
-80.687807 , 0.097038
-80.695437 , 0.077192
-80.703066 , 0.062831
-80.710696 , 0.04315
-80.718326 , 0.015215
-80.725955 , -0.015379
-80.733585 , -0.044477
-80.741215 , -0.073576
-80.748844 , -0.1055
-80.756474 , -0.132105
-80.764104 , -0.164362
-80.771733 , -0.1913
-80.779363 , -0.191187
-80.786993 , -0.185756
-80.794622 , -0.185644
-80.802252 , -0.180212
-80.809882 , -0.159158
-80.817511 , -0.132784
-80.825141 , -0.109236
-80.832771 , -0.085689
-80.8404 , -0.064633
-80.84803 , -0.046238
-80.85566 , -0.023687
-80.863289 , -0.006455
-80.870919 , -0.005013
-80.878549 , -0.00889
-80.886178 , -0.007448
-80.893808 , -0.011324
-80.901438 , -0.034188
-80.909067 , -0.062371
-80.916697 , -0.085235
-80.924327 , -0.113418
-80.931956 , -0.157556
-80.939586 , -0.207014
-80.947216 , -0.250986
-80.954845 , -0.300277
-80.962475 , -0.355164
-80.970105 , -0.41271
-80.977734 , -0.468926
-80.985364 , -0.525143
-80.992994 , -0.582689
-81.000623 , -0.637576
-81.008253 , -0.696618
-81.015883 , -0.750341
-81.023512 , -0.776155
-81.031142 , -0.796651
-81.038772 , -0.822631
-81.046401 , -0.843293
-81.054031 , -0.86811
-81.061661 , -0.890267
-81.06929 , -0.913589
-81.07692 , -0.93691
-81.08455 , -0.955632
-81.092179 , -0.974355
-81.099809 , -0.993078
-81.107439 , -1.0118
-81.115068 , -1.030523
-81.122698 , -1.049245
-81.130328 , -1.067968
-81.137957 , -1.086691
-81.145587 , -1.101009
-81.153217 , -1.115327
-81.160846 , -1.129645
-81.168476 , -1.143963
-81.176106 , -1.158282
-81.183735 , -1.1726
-81.191365 , -1.186918
-81.198995 , -1.201236
-81.206624 , -1.204031
-81.214254 , -1.206825
-81.221884 , -1.209619
-81.229513 , -1.212413
-81.237143 , -1.215208
-81.244773 , -1.218002
-81.252402 , -1.220797
-81.260032 , -1.223591
-81.267662 , -1.236206
-81.275291 , -1.24882
-81.282921 , -1.261435
-81.290551 , -1.274049
-81.29818 , -1.286331
-81.30581 , -1.298613
-81.31344 , -1.313555
-81.321069 , -1.323177
-81.328699 , -1.315404
-81.336329 , -1.302311
-81.343958 , -1.294538
-81.351588 , -1.281446
-81.359218 , -1.252563
-81.366847 , -1.218362
-81.374477 , -1.188317
-81.382107 , -1.155612
-81.389736 , -1.113568
-81.397366 , -1.071525
-81.404996 , -1.028151
-81.412625 , -0.987437
-81.420255 , -0.958967
-81.427885 , -0.935815
-81.435514 , -0.918038
-81.443144 , -0.90558
-81.450774 , -0.896445
-81.458403 , -0.896175
-81.466033 , -0.906321
-81.473663 , -0.921785
-81.481292 , -0.943121
-81.488922 , -0.969777
-81.496552 , -0.993441
-81.504182 , -1.017105
-81.511811 , -1.049536
-81.519441 , -1.076649
-81.527071 , -1.098554
-81.5347 , -1.11514
-81.54233 , -1.118873
-81.54996 , -1.113741
-81.557589 , -1.098194
-81.565219 , -1.077328
-81.572849 , -1.047597
-81.580478 , -1.012548
-81.588108 , -0.972347
-81.595738 , -0.926826
-81.603367 , -0.890171
-81.610997 , -0.850855
-81.618627 , -0.814199
-81.626256 , -0.774884
-81.633886 , -0.723026
-81.641516 , -0.671167
-81.649145 , -0.619142
-81.656775 , -0.567117
-81.664405 , -0.515092
-81.672034 , -0.463068
-81.679664 , -0.411209
-81.687294 , -0.35935
-81.694923 , -0.320068
-81.702553 , -0.283445
-81.710183 , -0.242667
-81.717812 , -0.207207
-81.725442 , -0.187538
-81.733072 , -0.173187
-81.740701 , -0.153351
-81.748331 , -0.138834
-81.755961 , -0.133693
-81.76359 , -0.131212
-81.77122 , -0.127568
-81.77885 , -0.123923
-81.786479 , -0.120445
-81.794109 , -0.116967
-81.801739 , -0.113488
-81.809368 , -0.11001
-81.816998 , -0.101656
-81.824628 , -0.093303
-81.832257 , -0.084949
-81.839887 , -0.076595
-81.847517 , -0.068242
-81.855146 , -0.059888
-81.862776 , -0.051867
-81.870406 , -0.043846
-81.878035 , -0.057663
-81.885665 , -0.0768
-81.893295 , -0.091615
-81.900924 , -0.109089
-81.908554 , -0.123904
-81.916184 , -0.141378
-81.923813 , -0.157523
-81.931443 , -0.173668
-81.939073 , -0.193081
-81.946702 , -0.212495
-81.954332 , -0.231908
-81.961962 , -0.251322
-81.969591 , -0.270735
-81.977221 , -0.290149
-81.984851 , -0.309562
-81.99248 , -0.328976
-82.00011 , -0.344608
-82.00774 , -0.36024
-82.015369 , -0.377036
-82.022999 , -0.391172
-82.030629 , -0.396389
-82.038258 , -0.396286
-82.045888 , -0.385491
-82.053518 , -0.365832
-82.061147 , -0.340189
-82.068777 , -0.302136
-82.076407 , -0.250122
-82.084036 , -0.189243
-82.091666 , -0.120774
-82.099296 , -0.04344
-82.106925 , 0.038602
-82.114555 , 0.123304
-82.122185 , 0.20637
-82.129814 , 0.289436
-82.137444 , 0.375328
-82.145074 , 0.455901
-82.152703 , 0.52085
-82.160333 , 0.580481
-82.167963 , 0.64543
-82.175592 , 0.705061
-82.183222 , 0.751616
-82.190852 , 0.792853
-82.198481 , 0.830544
-82.206111 , 0.859371
-82.213741 , 0.876674
-82.22137 , 0.885113
-82.229 , 0.884687
-82.23663 , 0.875396
-82.244259 , 0.853765
-82.251889 , 0.823269
-82.259519 , 0.782136
-82.267148 , 0.735685
-82.274778 , 0.682252
-82.282408 , 0.623501
-82.290037 , 0.56741
-82.297667 , 0.511318
-82.305297 , 0.463702
-82.312926 , 0.416087
-82.320556 , 0.367309
-82.328186 , 0.321189
-82.335815 , 0.270915
-82.343445 , 0.225959
-82.351075 , 0.175352
-82.358704 , 0.130064
-82.366334 , 0.108524
-82.373964 , 0.089644
-82.381593 , 0.068271
-82.389223 , 0.049557
-82.396853 , 0.028017
-82.404482 , 0.009137
-82.412112 , -0.011073
-82.419742 , -0.031283
-82.427371 , -0.041576
-82.435001 , -0.051868
-82.442631 , -0.062161
-82.45026 , -0.072454
-82.45789 , -0.082747
-82.46552 , -0.09304
-82.473149 , -0.103333
-82.480779 , -0.113625
-82.488409 , -0.126369
-82.496038 , -0.139114
-82.503668 , -0.151858
-82.511298 , -0.164603
-82.518927 , -0.177347
-82.526557 , -0.190091
-82.534187 , -0.202836
-82.541816 , -0.21558
-82.549446 , -0.234308
-82.557076 , -0.253036
-82.564705 , -0.271431
-82.572335 , -0.289826
-82.579965 , -0.315757
-82.587594 , -0.336369
-82.595224 , -0.351772
-82.602854 , -0.361857
-82.610483 , -0.359307
-82.618113 , -0.347892
-82.625743 , -0.326062
-82.633372 , -0.298913
-82.641002 , -0.271043
-82.648632 , -0.237855
-82.656261 , -0.198185
-82.663891 , -0.155856
-82.671521 , -0.112474
-82.67915 , -0.069092
-82.68678 , -0.02571
-82.69441 , 0.017673
-82.702039 , 0.062883
-82.709669 , 0.105434
-82.717299 , 0.15214
-82.724928 , 0.193528
-82.732558 , 0.212242
-82.740188 , 0.225637
-82.747817 , 0.244351
-82.755447 , 0.257746
-82.763077 , 0.255186
-82.770707 , 0.247306
-82.778336 , 0.244912
-82.785966 , 0.237199
-82.793596 , 0.217685
-82.801225 , 0.195512
-82.808855 , 0.174834
-82.816485 , 0.154157
-82.824114 , 0.131984
-82.831744 , 0.115129
-82.839374 , 0.092845
-82.847003 , 0.07588
-82.854633 , 0.077138
-82.862263 , 0.087262
-82.869892 , 0.109352
-82.877522 , 0.140306
-82.885152 , 0.173477
-82.892781 , 0.211966
-82.900411 , 0.245192
-82.908041 , 0.283737
-82.91567 , 0.344609
-82.9233 , 0.40814
-82.93093 , 0.467683
-82.938559 , 0.532544
-82.946189 , 0.591753
-82.953819 , 0.653623
-82.961448 , 0.713996
-82.969078 , 0.77437
-82.976708 , 0.844785
-82.984337 , 0.909881
-82.991967 , 0.960684
-82.999597 , 1.002622
-83.007226 , 1.038133
-83.014856 , 1.057689
-83.022486 , 1.058407
-83.030115 , 1.04317
-83.037745 , 1.013971
-83.045375 , 0.972362
-83.053004 , 0.920281
-83.060634 , 0.859337
-83.068264 , 0.792741
-83.075893 , 0.723485
-83.083523 , 0.654009
-83.091153 , 0.587192
-83.098782 , 0.527848
-83.106412 , 0.473824
-83.114042 , 0.414314
-83.121671 , 0.360124
-83.129301 , 0.321723
-83.136931 , 0.28864
-83.14456 , 0.251402
-83.15219 , 0.216825
-83.15982 , 0.184628
-83.167449 , 0.152432
-83.175079 , 0.120403
-83.182709 , 0.088373
-83.190338 , 0.056344
-83.197968 , 0.024314
-83.205598 , -0.007716
-83.213227 , -0.039746
-83.220857 , -0.056083
-83.228487 , -0.07242
-83.236116 , -0.088756
-83.243746 , -0.105093
-83.251376 , -0.121264
-83.259005 , -0.137434
-83.266635 , -0.154768
-83.274265 , -0.169444
-83.281894 , -0.17409
-83.289524 , -0.173419
-83.297154 , -0.178398
-83.304783 , -0.178059
-83.312413 , -0.1606
-83.320043 , -0.140481
-83.327672 , -0.121693
-83.335302 , -0.102905
-83.342932 , -0.090289
-83.350561 , -0.080332
-83.358191 , -0.066219
-83.365821 , -0.057426
-83.37345 , -0.06409
-83.38108 , -0.076073
-83.38871 , -0.085396
-83.396339 , -0.094719
-83.403969 , -0.095344
-83.411599 , -0.095969
-83.419228 , -0.097757
-83.426858 , -0.096887
-83.434488 , -0.100337
-83.442117 , -0.098469
-83.449747 , -0.100923
-83.457377 , -0.100717
-83.465006 , -0.085344
-83.472636 , -0.069971
-83.480266 , -0.054432
-83.487895 , -0.038894
-83.495525 , -0.023355
-83.503155 , -0.007816
-83.510784 , 0.007722
-83.518414 , 0.023261
-83.526044 , 0.027719
-83.533673 , 0.032177
-83.541303 , 0.036469
-83.548933 , 0.040761
-83.556562 , 0.046217
-83.564192 , 0.049013
-83.571822 , 0.055964
-83.579451 , 0.057597
-83.587081 , 0.038404
-83.594711 , 0.013891
-83.60234 , -0.005136
-83.60997 , -0.029482
-83.6176 , -0.070948
-83.625229 , -0.115073
-83.632859 , -0.158034
-83.640489 , -0.200995
-83.648118 , -0.238361
-83.655748 , -0.275727
-83.663378 , -0.313092
-83.671007 , -0.350458
-83.678637 , -0.387824
-83.686267 , -0.425189
-83.693896 , -0.462555
-83.701526 , -0.499921
-83.709156 , -0.526386
-83.716785 , -0.552851
-83.724415 , -0.57915
-83.732045 , -0.605449
-83.739674 , -0.632911
-83.747304 , -0.657714
-83.754934 , -0.686673
-83.762563 , -0.710312
-83.770193 , -0.713065
-83.777823 , -0.710499
-83.785452 , -0.715025
-83.793082 , -0.710687
-83.800712 , -0.691943
-83.808341 , -0.664335
-83.815971 , -0.624539
-83.823601 , -0.575878
-83.83123 , -0.518287
-83.83886 , -0.455377
-83.84649 , -0.397564
-83.854119 , -0.334433
-83.861749 , -0.254016
-83.869379 , -0.16828
-83.877008 , -0.088029
-83.884638 , -0.00246
-83.892268 , 0.088263
-83.899897 , 0.181643
-83.907527 , 0.273529
-83.915157 , 0.365415
-83.922786 , 0.458574
-83.930416 , 0.546415
-83.938046 , 0.641459
-83.945675 , 0.727637
-83.953305 , 0.790035
-83.960935 , 0.840022
-83.968564 , 0.881366
-83.976194 , 0.9103
-83.983824 , 0.926159
-83.991453 , 0.929608
-83.999083 , 0.922641
-84.006713 , 0.90681
-84.014343 , 0.877793
-84.021972 , 0.843457
-84.029602 , 0.811725
-84.037232 , 0.779993
-84.044861 , 0.746765
-84.052491 , 0.716197
-84.060121 , 0.681473
-84.06775 , 0.652068
-84.07538 , 0.628679
-84.08301 , 0.61061
-84.090639 , 0.606723
-84.098269 , 0.611701
-84.105899 , 0.630861
-84.113528 , 0.658886
-84.121158 , 0.679654
-84.128788 , 0.705739
-84.136417 , 0.738086
-84.144047 , 0.773092
-84.151677 , 0.806602
-84.159306 , 0.840112
-84.166936 , 0.874896
-84.174566 , 0.904362
-84.182195 , 0.941251
-84.189825 , 0.969276
-84.197455 , 0.982772
-84.205084 , 0.987403
-84.212714 , 0.979625
-84.220344 , 0.962981
-84.227973 , 0.931933
-84.235603 , 0.892021
-84.243233 , 0.859366
-84.250862 , 0.821393
-84.258492 , 0.767241
-84.266122 , 0.710432
-84.273751 , 0.656281
-84.281381 , 0.59947
-84.289011 , 0.54399
-84.29664 , 0.488509
-84.30427 , 0.433028
-84.3119 , 0.377548
-84.319529 , 0.323629
-84.327159 , 0.272369
-84.334789 , 0.216954
-84.342418 , 0.166858
-84.350048 , 0.122136
-84.357678 , 0.082733
-84.365307 , 0.057512
-84.372937 , 0.041156
-84.380567 , 0.025243
-84.388196 , 0.018195
-84.395826 , 0.02533
-84.403456 , 0.037784
-84.411085 , 0.055611
-84.418715 , 0.078757
-84.426345 , 0.097748
-84.433974 , 0.119399
-84.441604 , 0.149844
-84.449234 , 0.18029
-84.456863 , 0.210901
-84.464493 , 0.241513
-84.472123 , 0.272125
-84.479752 , 0.302737
-84.487382 , 0.333348
-84.495012 , 0.36396
-84.502641 , 0.389697
-84.510271 , 0.415433
-84.517901 , 0.441169
-84.52553 , 0.466905
-84.53316 , 0.492641
-84.54079 , 0.518378
-84.548419 , 0.544114
-84.556049 , 0.56985
-84.563679 , 0.598144
-84.571308 , 0.626438
-84.578938 , 0.654731
-84.586568 , 0.683024
-84.594197 , 0.711318
-84.601827 , 0.739611
-84.609457 , 0.767739
-84.617086 , 0.795866
-84.624716 , 0.826043
-84.632346 , 0.853561
-84.639975 , 0.885234
-84.647605 , 0.911588
-84.655235 , 0.922153
-84.662864 , 0.927399
-84.670494 , 0.937963
-84.678124 , 0.94321
-84.685753 , 0.924868
-84.693383 , 0.901207
-84.701013 , 0.882865
-84.708642 , 0.859205
-84.716272 , 0.819755
-84.723902 , 0.774986
-84.731531 , 0.734372
-84.739161 , 0.691099
-84.746791 , 0.638796
-84.75442 , 0.586492
-84.76205 , 0.534022
-84.76968 , 0.481553
-84.777309 , 0.429082
-84.784939 , 0.376613
-84.792569 , 0.324143
-84.800198 , 0.271673
-84.807828 , 0.219583
-84.815458 , 0.167492
-84.823087 , 0.114237
-84.830717 , 0.063643
-84.838347 , 0.025292
-84.845976 , -0.00774
-84.853606 , -0.035398
-84.861236 , -0.057738
-84.868865 , -0.080299
-84.876495 , -0.093995
-84.884125 , -0.099271
-84.891754 , -0.095682
-84.899384 , -0.078353
-84.907014 , -0.055705
-84.914643 , -0.027517
-84.922273 , 0.005989
-84.929903 , 0.047765
-84.937532 , 0.094859
-84.945162 , 0.148435
-84.952792 , 0.20467
-84.960421 , 0.253592
-84.968051 , 0.302515
-84.975681 , 0.352767
-84.98331 , 0.40036
-84.99094 , 0.443465
-84.99857 , 0.481251
-85.006199 , 0.513885
-85.013829 , 0.5412
-85.021459 , 0.563862
-85.029088 , 0.581204
-85.036718 , 0.593229
-85.044348 , 0.599934
-85.051977 , 0.591072
-85.059607 , 0.57689
-85.067237 , 0.55739
-85.074866 , 0.532571
-85.082496 , 0.497448
-85.090126 , 0.457006
-85.097755 , 0.419223
-85.105385 , 0.38144
-85.113015 , 0.348865
-85.120644 , 0.316289
-85.128274 , 0.283714
-85.135904 , 0.251139
-85.143533 , 0.218565
-85.151163 , 0.185989
-85.158793 , 0.153414
-85.166422 , 0.120839
-85.174052 , 0.104345
-85.181682 , 0.08785
-85.189311 , 0.071522
-85.196941 , 0.055194
-85.204571 , 0.032383
-85.2122 , 0.012232
-85.21983 , -0.001436
-85.22746 , -0.009787
-85.235089 , -0.004785
-85.242719 , 0.005536
-85.250349 , 0.021175
-85.257979 , 0.042133
-85.265608 , 0.067578
-85.273238 , 0.098342
-85.280868 , 0.135588
-85.288497 , 0.175494
-85.296127 , 0.21453
-85.303757 , 0.253567
-85.311386 , 0.293933
-85.319016 , 0.33164
-85.326646 , 0.358211
-85.334275 , 0.379463
-85.341905 , 0.395562
-85.349535 , 0.406343
-85.357164 , 0.425102
-85.364794 , 0.438542
-85.372424 , 0.446664
-85.380053 , 0.449467
-85.387683 , 0.441799
-85.395313 , 0.428813
-85.402942 , 0.419815
-85.410572 , 0.408158
-85.418202 , 0.388813
-85.425831 , 0.36681
-85.433461 , 0.346136
-85.441091 , 0.325462
-85.44872 , 0.305287
-85.45635 , 0.285111
-85.46398 , 0.265102
-85.471609 , 0.245093
-85.479239 , 0.222813
-85.486869 , 0.203192
-85.494498 , 0.190053
-85.502128 , 0.182232
-85.509758 , 0.184052
-85.517387 , 0.19119
-85.525017 , 0.194339
-85.532647 , 0.200148
-85.540276 , 0.212266
-85.547906 , 0.227043
-85.555536 , 0.237831
-85.563165 , 0.253937
-85.570795 , 0.279684
-85.578425 , 0.310749
-85.586054 , 0.348297
-85.593684 , 0.388504
-85.601314 , 0.420455
-85.608943 , 0.452407
-85.616573 , 0.484193
-85.624203 , 0.515978
-85.631832 , 0.556406
-85.639462 , 0.591516
-85.647092 , 0.62164
-85.654721 , 0.646445
-85.662351 , 0.661789
-85.669981 , 0.671816
-85.67761 , 0.67669
-85.68524 , 0.676244
-85.69287 , 0.663999
-85.700499 , 0.649094
-85.708129 , 0.635518
-85.715759 , 0.621943
-85.723388 , 0.61147
-85.731018 , 0.603656
-85.738648 , 0.591688
-85.746277 , 0.585038
-85.753907 , 0.588194
-85.761537 , 0.596669
-85.769166 , 0.610462
-85.776796 , 0.629575
-85.784426 , 0.659624
-85.792055 , 0.694992
-85.799685 , 0.726204
-85.807315 , 0.760076
-85.814944 , 0.792784
-85.822574 , 0.825492
-85.830204 , 0.858201
-85.837833 , 0.890909
-85.845463 , 0.928327
-85.853093 , 0.963085
-85.860722 , 0.991361
-85.868352 , 1.014319
-85.875982 , 1.032789
-85.883611 , 1.04594
-85.891241 , 1.053772
-85.898871 , 1.056286
-85.9065 , 1.045989
-85.91413 , 1.030372
-85.92176 , 1.008273
-85.929389 , 0.983515
-85.937019 , 0.965239
-85.944649 , 0.946963
-85.952278 , 0.928521
-85.959908 , 0.910079
-85.967538 , 0.884767
-85.975167 , 0.859454
-85.982797 , 0.834142
-85.990427 , 0.80883
-85.998056 , 0.783518
-86.005686 , 0.758206
-86.013316 , 0.732894
-86.020945 , 0.707582
-86.028575 , 0.686844
-86.036205 , 0.666106
-86.043834 , 0.644205
-86.051464 , 0.624962
-86.059094 , 0.617521
-86.066723 , 0.615398
-86.074353 , 0.618428
-86.081983 , 0.626777
-86.089612 , 0.637175
-86.097242 , 0.652892
-86.104872 , 0.675258
-86.112501 , 0.700282
-86.120131 , 0.716664
-86.127761 , 0.735705
-86.13539 , 0.753251
-86.14302 , 0.770796
-86.15065 , 0.7965
-86.158279 , 0.819544
-86.165909 , 0.836105
-86.173539 , 0.847349
-86.181168 , 0.854105
-86.188798 , 0.855542
-86.196428 , 0.85166
-86.204057 , 0.84246
-86.211687 , 0.822124
-86.219317 , 0.796468
-86.226946 , 0.764165
-86.234576 , 0.729203
-86.242206 , 0.702052
-86.249835 , 0.672242
-86.257465 , 0.645091
-86.265095 , 0.615281
-86.272724 , 0.574892
-86.280354 , 0.531844
-86.287984 , 0.490292
-86.295613 , 0.44874
-86.303243 , 0.400983
-86.310873 , 0.355885
-86.318502 , 0.317491
-86.326132 , 0.284416
-86.333762 , 0.261811
-86.341391 , 0.248072
-86.349021 , 0.244747
-86.356651 , 0.246742
-86.36428 , 0.249456
-86.37191 , 0.25749
-86.37954 , 0.272006
-86.387169 , 0.28918
-86.394799 , 0.312546
-86.402429 , 0.335913
-86.410058 , 0.359445
-86.417688 , 0.382977
-86.425318 , 0.407174
-86.432947 , 0.431371
-86.440577 , 0.455568
-86.448207 , 0.479765
-86.455836 , 0.511941
-86.463466 , 0.544116
-86.471096 , 0.576291
-86.478725 , 0.608466
-86.486355 , 0.639977
-86.493985 , 0.671487
-86.501614 , 0.702831
-86.509244 , 0.734175
-86.516874 , 0.762768
-86.524504 , 0.788702
-86.532133 , 0.807931
-86.539763 , 0.821845
-86.547393 , 0.836587
-86.555022 , 0.842465
-86.562652 , 0.8397
-86.570282 , 0.828072
-86.577911 , 0.805806
-86.585541 , 0.774674
-86.593171 , 0.734679
-86.6008 , 0.685821
-86.60843 , 0.625437
-86.61606 , 0.556189
-86.623689 , 0.483561
-86.631319 , 0.405616
-86.638949 , 0.327766
-86.646578 , 0.247258
-86.654208 , 0.168245
-86.661838 , 0.089233
-86.669467 , 0.001855
-86.677097 , -0.080205
-86.684727 , -0.157057
-86.692356 , -0.22859
-86.699986 , -0.28461
-86.707616 , -0.331767
-86.715245 , -0.368507
-86.722875 , -0.399928
-86.730505 , -0.430463
-86.738134 , -0.45568
-86.745764 , -0.475744
-86.753394 , -0.490489
-86.761023 , -0.499756
-86.768653 , -0.506365
-86.776283 , -0.514137
-86.783912 , -0.521907
-86.791542 , -0.528848
-86.799172 , -0.535789
-86.806801 , -0.54273
-86.814431 , -0.549669
-86.822061 , -0.560876
-86.82969 , -0.572083
-86.83732 , -0.584508
-86.84495 , -0.594273
-86.852579 , -0.586477
-86.860209 , -0.574249
-86.867839 , -0.566563
-86.875468 , -0.554444
-86.883098 , -0.523178
-86.890728 , -0.487479
-86.898357 , -0.456324
-86.905987 , -0.420734
-86.913617 , -0.388859
-86.921246 , -0.354324
-86.928876 , -0.321008
-86.936506 , -0.28769
-86.944135 , -0.251715
-86.951765 , -0.215739
-86.959395 , -0.178434
-86.967024 , -0.143787
-86.974654 , -0.106316
-86.982284 , -0.071504
-86.989913 , -0.034032
-86.997543 , 0.000782
-87.005173 , 0.01707
-87.012802 , 0.030699
-87.020432 , 0.046876
-87.028062 , 0.060395
-87.035691 , 0.077459
-87.043321 , 0.090091
-87.050951 , 0.107155
-87.05858 , 0.119786
-87.06621 , 0.109814
-87.07384 , 0.093637
-87.081469 , 0.083886
-87.089099 , 0.06793
-87.096729 , 0.036017
-87.104358 , -0.000327
-87.111988 , -0.032238
-87.119618 , -0.068583
-87.127247 , -0.108923
-87.134877 , -0.151922
-87.142507 , -0.193537
-87.150136 , -0.235151
-87.157766 , -0.278261
-87.165396 , -0.318712
-87.173025 , -0.361878
-87.180655 , -0.402384
-87.188285 , -0.432253
-87.195914 , -0.45769
-87.203544 , -0.48767
-87.211174 , -0.513217
-87.218803 , -0.521923
-87.226433 , -0.526196
-87.234063 , -0.534901
-87.241692 , -0.539174
-87.249322 , -0.526103
-87.256952 , -0.508602
-87.264581 , -0.494645
-87.272211 , -0.47803
-87.279841 , -0.464129
-87.28747 , -0.447568
-87.2951 , -0.432504
-87.30273 , -0.41744
-87.310359 , -0.403317
-87.317989 , -0.391854
-87.325619 , -0.375793
-87.333248 , -0.365936
-87.340878 , -0.370706
-87.348508 , -0.381681
-87.356137 , -0.388057
-87.363767 , -0.397093
-87.371397 , -0.414488
-87.379026 , -0.431883
-87.386656 , -0.451549
-87.394286 , -0.466783
-87.401915 , -0.466338
-87.409545 , -0.459688
-87.417175 , -0.459354
-87.424804 , -0.452815
-87.432434 , -0.424336
-87.440064 , -0.389652
-87.447693 , -0.359567
-87.455323 , -0.326822
-87.462953 , -0.295352
-87.470582 , -0.263881
-87.478212 , -0.231025
-87.485842 , -0.200829
-87.493471 , -0.182451
-87.501101 , -0.168505
-87.508731 , -0.149905
-87.51636 , -0.135738
-87.52399 , -0.117858
-87.53162 , -0.102638
-87.539249 , -0.086199
-87.546879 , -0.06976
-87.554509 , -0.053321
-87.562138 , -0.036882
-87.569768 , -0.021773
-87.577398 , -0.004004
-87.585027 , 0.010939
-87.592657 , 0.028542
-87.600287 , 0.043485
-87.607916 , 0.061087
-87.615546 , 0.094528
-87.623176 , 0.130628
-87.630805 , 0.165399
-87.638435 , 0.200169
-87.646065 , 0.234939
-87.653694 , 0.26971
-87.661324 , 0.30581
-87.668954 , 0.339251
-87.676583 , 0.353356
-87.684213 , 0.364801
-87.691843 , 0.378907
-87.699472 , 0.390353
-87.707102 , 0.404458
-87.714732 , 0.415904
-87.722361 , 0.430175
-87.729991 , 0.441787
-87.737621 , 0.429493
-87.74525 , 0.417201
-87.75288 , 0.405903
-87.76051 , 0.391949
-87.76814 , 0.382148
-87.775769 , 0.36703
-87.783399 , 0.357395
-87.791029 , 0.342443
-87.798658 , 0.30134
-87.806288 , 0.254919
-87.813918 , 0.213815
-87.821547 , 0.167395
-87.829177 , 0.105016
-87.836807 , 0.037321
-87.844436 , -0.024891
-87.852066 , -0.09242
-87.859696 , -0.1736
-87.867325 , -0.257439
-87.874955 , -0.339949
-87.882585 , -0.422457
-87.890214 , -0.511173
-87.897844 , -0.597227
-87.905474 , -0.676579
-87.913103 , -0.750611
-87.920733 , -0.819714
-87.928363 , -0.879951
-87.935992 , -0.931324
-87.943622 , -0.973832
-87.951252 , -1.000164
-87.958881 , -1.014084
-87.966511 , -1.014266
-87.974141 , -1.005581
-87.98177 , -0.991841
-87.9894 , -0.972781
-87.99703 , -0.947185
-88.004659 , -0.918928
-88.012289 , -0.889786
-88.019919 , -0.863302
-88.027548 , -0.843135
-88.035178 , -0.828286
-88.042808 , -0.815266
-88.050437 , -0.807563
-88.058067 , -0.805181
-88.065697 , -0.808115
-88.073326 , -0.821357
-88.080956 , -0.839915
-88.088586 , -0.855815
-88.096215 , -0.871715
-88.103845 , -0.890129
-88.111475 , -0.908542
-88.119104 , -0.92812
-88.126734 , -0.945036
-88.134364 , -0.953922
-88.141993 , -0.957487
-88.149623 , -0.950582
-88.157253 , -0.934811
-88.164882 , -0.905303
-88.172512 , -0.866927
-88.180142 , -0.825341
-88.187771 , -0.778434
-88.195401 , -0.738842
-88.203031 , -0.699247
-88.21066 , -0.659323
-88.21829 , -0.619397
-88.22592 , -0.582912
-88.233549 , -0.546428
-88.241179 , -0.509943
-88.248809 , -0.473459
-88.256438 , -0.436975
-88.264068 , -0.40049
-88.271698 , -0.364006
-88.279327 , -0.327521
-88.286957 , -0.306107
-88.294587 , -0.284691
-88.302216 , -0.263277
-88.309846 , -0.241862
-88.317476 , -0.220447
-88.325105 , -0.199032
-88.332735 , -0.177617
-88.340365 , -0.156202
-88.347994 , -0.144268
-88.355624 , -0.132334
-88.363254 , -0.1204
-88.370883 , -0.108466
-88.378513 , -0.096532
-88.386143 , -0.084598
-88.393772 , -0.07283
-88.401402 , -0.061062
-88.409032 , -0.054779
-88.416661 , -0.051155
-88.424291 , -0.043376
-88.431921 , -0.040916
-88.43955 , -0.054245
-88.44718 , -0.072894
-88.45481 , -0.086057
-88.462439 , -0.104539
-88.470069 , -0.130738
-88.477699 , -0.159595
-88.485328 , -0.187124
-88.492958 , -0.214652
-88.500588 , -0.24351
-88.508217 , -0.269709
-88.515847 , -0.300062
-88.523477 , -0.325098
-88.531106 , -0.333899
-88.538736 , -0.337383
-88.546366 , -0.346351
-88.553995 , -0.350001
-88.561625 , -0.336531
-88.569255 , -0.320402
-88.576884 , -0.305603
-88.584514 , -0.290803
-88.592144 , -0.277493
-88.599773 , -0.266841
-88.607403 , -0.251869
-88.615033 , -0.242215
-88.622662 , -0.249681
-88.630292 , -0.259805
-88.637922 , -0.267437
-88.645551 , -0.277728
-88.653181 , -0.295997
-88.660811 , -0.316926
-88.66844 , -0.335195
-88.67607 , -0.356123
-88.6837 , -0.374392
-88.691329 , -0.39532
-88.698959 , -0.413423
-88.706589 , -0.434186
-88.714218 , -0.457294
-88.721848 , -0.4804
-88.729478 , -0.503342
-88.737107 , -0.526282
-88.744737 , -0.551883
-88.752367 , -0.572164
-88.759996 , -0.598098
-88.767626 , -0.618711
-88.775256 , -0.618661
-88.782885 , -0.61329
-88.790515 , -0.612077
-88.798145 , -0.608202
-88.805774 , -0.605492
-88.813404 , -0.602781
-88.821034 , -0.600071
-88.828663 , -0.59736
-88.836293 , -0.597594
-88.843923 , -0.600485
-88.851552 , -0.599057
-88.859182 , -0.602945
-88.866812 , -0.623955
-88.874441 , -0.647623
-88.882071 , -0.668633
-88.889701 , -0.6923
-88.89733 , -0.715969
-88.90496 , -0.739636
-88.91259 , -0.763472
-88.920219 , -0.787305
-88.927849 , -0.81114
-88.935479 , -0.834974
-88.943108 , -0.858809
-88.950738 , -0.882643
-88.958368 , -0.892925
-88.965997 , -0.903206
-88.973627 , -0.913322
-88.981257 , -0.923436
-88.988886 , -0.939591
-88.996516 , -0.953085
-89.004146 , -0.960099
-89.011776 , -0.961792
-89.019405 , -0.953016
-89.027035 , -0.93892
-89.034665 , -0.914187
-89.042294 , -0.880589
-89.049924 , -0.838793
-89.057554 , -0.788131
-89.065183 , -0.728606
-89.072813 , -0.660214
-89.080443 , -0.573161
-89.088072 , -0.477242
-89.095702 , -0.371019
-89.103332 , -0.259476
-89.110961 , -0.160511
-89.118591 , -0.061545
-89.126221 , 0.038916
-89.13385 , 0.136719
-89.14148 , 0.236459
-89.14911 , 0.330883
-89.156739 , 0.414834
-89.164369 , 0.489922
-89.171999 , 0.557473
-89.179628 , 0.616162
-89.187258 , 0.665985
-89.194888 , 0.706944
-89.202517 , 0.736909
-89.210147 , 0.758008
-89.217777 , 0.770465
-89.225406 , 0.774058
-89.233036 , 0.77765
-89.240666 , 0.775924
-89.248295 , 0.768658
-89.255925 , 0.756073
-89.263555 , 0.737947
-89.271184 , 0.714503
-89.278814 , 0.685907
-89.286444 , 0.651992
-89.294073 , 0.60611
-89.301703 , 0.557569
-89.309333 , 0.511686
-89.316962 , 0.463145
-89.324592 , 0.415192
-89.332222 , 0.367239
-89.339851 , 0.31912
-89.347481 , 0.271001
-89.355111 , 0.222882
-89.36274 , 0.174763
-89.37037 , 0.126644
-89.378 , 0.078525
-89.385629 , 0.045476
-89.393259 , 0.012426
-89.400889 , -0.020623
-89.408518 , -0.053672
-89.416148 , -0.086556
-89.423778 , -0.119439
-89.431407 , -0.153486
-89.439037 , -0.184873
-89.446667 , -0.203608
-89.454296 , -0.217024
-89.461926 , -0.235925
-89.469556 , -0.249507
-89.477185 , -0.247134
-89.484815 , -0.239441
-89.492445 , -0.237068
-89.500074 , -0.229375
-89.507704 , -0.206336
-89.515334 , -0.177979
-89.522963 , -0.153777
-89.530593 , -0.126915
-89.538223 , -0.101217
-89.545852 , -0.075519
-89.553482 , -0.049654
-89.561112 , -0.02379
-89.568741 , -0.007157
-89.576371 , 0.009476
-89.584001 , 0.026109
-89.59163 , 0.042742
-89.59926 , 0.059375
-89.60689 , 0.076008
-89.614519 , 0.092641
-89.622149 , 0.109274
-89.629779 , 0.127236
-89.637408 , 0.145199
-89.645038 , 0.163162
-89.652668 , 0.181124
-89.660297 , 0.199087
-89.667927 , 0.21705
-89.675557 , 0.23468
-89.683186 , 0.25231
-89.690816 , 0.263944
-89.698446 , 0.270262
-89.706075 , 0.282229
-89.713705 , 0.288879
-89.721335 , 0.279572
-89.728964 , 0.264947
-89.736594 , 0.255639
-89.744224 , 0.241014
-89.751853 , 0.212427
-89.759483 , 0.178522
-89.767113 , 0.151929
-89.774742 , 0.116473
-89.782372 , 0.05287
-89.790002 , -0.016049
-89.797631 , -0.07954
-89.805261 , -0.148349
-89.812891 , -0.224077
-89.82052 , -0.299804
-89.82815 , -0.377029
-89.83578 , -0.451592
-89.843409 , -0.517681
-89.851039 , -0.578449
-89.858669 , -0.628747
-89.866298 , -0.67018
-89.873928 , -0.705188
-89.881558 , -0.731329
-89.889187 , -0.746835
-89.896817 , -0.75702
-89.904447 , -0.766044
-89.912076 , -0.769748
-89.919706 , -0.766971
-89.927336 , -0.761532
-89.934965 , -0.755819
-89.942595 , -0.750105
-89.950225 , -0.744226
-89.957854 , -0.738346
-89.965484 , -0.731802
-89.973114 , -0.725257
-89.980743 , -0.718713
-89.988373 , -0.712169
-89.996003 , -0.711663
-90.003632 , -0.711157
-90.011262 , -0.711815
-90.018892 , -0.709814
-90.026521 , -0.690859
-90.034151 , -0.666586
-90.041781 , -0.646634
-90.04941 , -0.624023
-90.05704 , -0.600491
-90.06467 , -0.576958
-90.072299 , -0.55326
-90.079929 , -0.529561
-90.087559 , -0.505863
-90.095188 , -0.482164
-90.102818 , -0.458466
-90.110448 , -0.434767
-90.118077 , -0.41949
-90.125707 , -0.404212
-90.133337 , -0.388935
-90.140966 , -0.373658
-90.148596 , -0.358381
-90.156226 , -0.343103
-90.163855 , -0.327826
-90.171485 , -0.312549
-90.179115 , -0.291304
-90.186744 , -0.270057
-90.194374 , -0.248811
-90.202004 , -0.227564
-90.209633 , -0.206319
-90.217263 , -0.185072
-90.224893 , -0.163827
-90.232522 , -0.14258
-90.240152 , -0.106265
-90.247782 , -0.069949
-90.255411 , -0.033634
-90.263041 , 0.002682
-90.270671 , 0.038997
-90.278301 , 0.075314
-90.28593 , 0.111629
-90.29356 , 0.147945
-90.30119 , 0.177452
-90.308819 , 0.206961
-90.316449 , 0.236468
-90.324079 , 0.265977
-90.331708 , 0.295484
-90.339338 , 0.324993
-90.346968 , 0.3545
-90.354597 , 0.384009
-90.362227 , 0.400219
-90.369857 , 0.416432
-90.377486 , 0.432642
-90.385116 , 0.448854
-90.392746 , 0.465065
-90.400375 , 0.481277
-90.408005 , 0.497488
-90.415635 , 0.5137
-90.423264 , 0.526657
-90.430894 , 0.539616
-90.438524 , 0.552407
-90.446153 , 0.5652
-90.453783 , 0.579154
-90.461413 , 0.590452
-90.469042 , 0.605902
-90.476672 , 0.616035
-90.484302 , 0.604339
-90.491931 , 0.587325
-90.499561 , 0.574298
-90.507191 , 0.558614
-90.51482 , 0.545421
-90.52245 , 0.529571
-90.53008 , 0.516378
-90.537709 , 0.500528
-90.545339 , 0.462979
-90.552969 , 0.422772
-90.560598 , 0.385222
-90.568228 , 0.345016
-90.575858 , 0.307467
-90.583487 , 0.26726
-90.591117 , 0.229877
-90.598747 , 0.189837
-90.606376 , 0.144918
-90.614006 , 0.100002
-90.621636 , 0.055251
-90.629265 , 0.010501
-90.636895 , -0.03691
-90.644525 , -0.079
-90.652154 , -0.126799
-90.659784 , -0.169277
-90.667414 , -0.18965
-90.675043 , -0.20559
-90.682673 , -0.225187
-90.690303 , -0.242125
-90.697932 , -0.260282
-90.705562 , -0.278438
-90.713192 , -0.296428
-90.720821 , -0.314418
-90.728451 , -0.335068
-90.736081 , -0.355718
-90.74371 , -0.376368
-90.75134 , -0.397017
-90.75897 , -0.4175
-90.766599 , -0.437984
-90.774229 , -0.459797
-90.781859 , -0.478951
-90.789488 , -0.488056
-90.797118 , -0.494502
-90.804748 , -0.503773
-90.812377 , -0.510385
-90.820007 , -0.518326
-90.827637 , -0.526268
-90.835266 , -0.534043
-90.842896 , -0.541819
-90.850526 , -0.546935
-90.858155 , -0.552051
-90.865785 , -0.557167
-90.873415 , -0.562284
-90.881044 , -0.5674
-90.888674 , -0.572515
-90.896304 , -0.577631
-90.903933 , -0.582748
-90.911563 , -0.586552
-90.919193 , -0.590355
-90.926822 , -0.594159
-90.934452 , -0.597963
-90.942082 , -0.601767
-90.949711 , -0.60557
-90.957341 , -0.609374
-90.964971 , -0.613178
-90.9726 , -0.607231
-90.98023 , -0.601284
-90.98786 , -0.595336
-90.995489 , -0.589389
-91.003119 , -0.583442
-91.010749 , -0.577495
-91.018378 , -0.571548
-91.026008 , -0.5656
-91.033638 , -0.552957
-91.041267 , -0.540313
-91.048897 , -0.527669
-91.056527 , -0.515025
-91.064156 , -0.502381
-91.071786 , -0.489737
-91.079416 , -0.477093
-91.087045 , -0.464449
-91.094675 , -0.447373
-91.102305 , -0.430297
-91.109934 , -0.41322
-91.117564 , -0.396144
-91.125194 , -0.379068
-91.132823 , -0.361992
-91.140453 , -0.344916
-91.148083 , -0.32784
-91.155712 , -0.313274
-91.163342 , -0.298708
-91.170972 , -0.284142
-91.178601 , -0.269577
-91.186231 , -0.255011
-91.193861 , -0.240446
-91.20149 , -0.22588
-91.20912 , -0.211314
-91.21675 , -0.20118
-91.224379 , -0.191047
-91.232009 , -0.18108
-91.239639 , -0.171113
-91.247268 , -0.159815
-91.254898 , -0.151178
-91.262528 , -0.139715
-91.270157 , -0.130911
-91.277787 , -0.140231
-91.285417 , -0.15221
-91.293046 , -0.16153
-91.300676 , -0.173509
-91.308306 , -0.182828
-91.315935 , -0.194808
-91.323565 , -0.203961
-91.331195 , -0.215774
-91.338824 , -0.237449
-91.346454 , -0.259123
-91.354084 , -0.280797
-91.361713 , -0.302472
-91.369343 , -0.327804
-91.376973 , -0.350475
-91.384602 , -0.371541
-91.392232 , -0.388174
-91.399862 , -0.388788
-91.407491 , -0.384969
-91.415121 , -0.37683
-91.422751 , -0.364257
-91.43038 , -0.360051
-91.43801 , -0.353185
-91.44564 , -0.347539
-91.453269 , -0.341891
-91.460899 , -0.327547
-91.468529 , -0.313201
-91.476158 , -0.298857
-91.483788 , -0.284512
-91.491418 , -0.270167
-91.499047 , -0.255822
-91.506677 , -0.241477
-91.514307 , -0.227131
-91.521937 , -0.216257
-91.529566 , -0.205381
-91.537196 , -0.194506
-91.544826 , -0.18363
-91.552455 , -0.172755
-91.560085 , -0.161879
-91.567715 , -0.150838
-91.575344 , -0.139796
-91.582974 , -0.115016
-91.590604 , -0.087574
-91.598233 , -0.062959
-91.605863 , -0.035684
-91.613493 , -0.01107
-91.621122 , 0.016206
-91.628752 , 0.040654
-91.636382 , 0.067763
-91.644011 , 0.110565
-91.651641 , 0.153368
-91.659271 , 0.196336
-91.6669 , 0.239304
-91.67453 , 0.282272
-91.68216 , 0.325241
-91.689789 , 0.368209
-91.697419 , 0.411177
-91.705049 , 0.461126
-91.712678 , 0.511075
-91.720308 , 0.560858
-91.727938 , 0.610641
-91.735567 , 0.653553
-91.743197 , 0.693807
-91.750827 , 0.731457
-91.758456 , 0.766447
-91.766086 , 0.80186
-91.773716 , 0.83284
-91.781345 , 0.859499
-91.788975 , 0.881726
-91.796605 , 0.895864
-91.804234 , 0.90557
-91.811864 , 0.91173
-91.819494 , 0.911685
-91.827123 , 0.908981
-91.834753 , 0.900072
-91.842383 , 0.884181
-91.850012 , 0.863859
-91.857642 , 0.835281
-91.865272 , 0.804045
-91.872901 , 0.768708
-91.880531 , 0.733372
-91.888161 , 0.70364
-91.89579 , 0.673909
-91.90342 , 0.644176
-91.91105 , 0.614446
-91.918679 , 0.584382
-91.926309 , 0.554319
-91.933939 , 0.524254
-91.941568 , 0.494191
-91.949198 , 0.472714
-91.956828 , 0.451239
-91.964457 , 0.428432
-91.972087 , 0.408286
-91.979717 , 0.385313
-91.987346 , 0.365001
-91.994976 , 0.342028
-92.002606 , 0.321715
-92.010235 , 0.314332
-92.017865 , 0.309608
-92.025495 , 0.303554
-92.033124 , 0.297501
-92.040754 , 0.291613
-92.048384 , 0.285726
-92.056013 , 0.279838
-92.063643 , 0.273952
-92.071273 , 0.276041
-92.078902 , 0.278132
-92.086532 , 0.280222
-92.094162 , 0.282314
-92.101791 , 0.28457
-92.109421 , 0.286828
-92.117051 , 0.287588
-92.12468 , 0.291008
-92.13231 , 0.303305
-92.13994 , 0.3156
-92.147569 , 0.328063
-92.155199 , 0.340525
-92.162829 , 0.352821
-92.170458 , 0.365117
-92.178088 , 0.378742
-92.185718 , 0.389709
-92.193347 , 0.384885
-92.200977 , 0.377402
-92.208607 , 0.372579
-92.216236 , 0.365096
-92.223866 , 0.360272
-92.231496 , 0.352789
-92.239125 , 0.348132
-92.246755 , 0.340816
-92.254385 , 0.320223
-92.262014 , 0.299631
-92.269644 , 0.278872
-92.277274 , 0.258113
-92.284903 , 0.237354
-92.292533 , 0.216596
-92.300163 , 0.195837
-92.307792 , 0.175078
-92.315422 , 0.166009
-92.323052 , 0.156941
-92.330681 , 0.146376
-92.338311 , 0.138471
-92.345941 , 0.12907
-92.35357 , 0.119669
-92.3612 , 0.110434
-92.36883 , 0.101199
-92.376459 , 0.095352
-92.384089 , 0.089507
-92.391719 , 0.083494
-92.399348 , 0.077483
-92.406978 , 0.0728
-92.414608 , 0.065459
-92.422237 , 0.061108
-92.429867 , 0.0541
-92.437497 , 0.038668
-92.445126 , 0.023239
-92.452756 , 0.007807
-92.460386 , -0.007622
-92.468015 , -0.024384
-92.475645 , -0.038484
-92.483275 , -0.055411
-92.490904 , -0.069677
-92.498534 , -0.067358
-92.506164 , -0.062379
-92.513793 , -0.060227
-92.521423 , -0.055414
-92.529053 , -0.051932
-92.536682 , -0.048449
-92.544312 , -0.044801
-92.551942 , -0.041152
-92.559571 , -0.033072
-92.567201 , -0.02499
-92.574831 , -0.016909
-92.58246 , -0.008828
-92.59009 , -0.000747
-92.59772 , 0.007335
-92.605349 , 0.015415
-92.612979 , 0.023497
-92.620609 , 0.022594
-92.628238 , 0.021694
-92.635868 , 0.020792
-92.643498 , 0.019892
-92.651127 , 0.01899
-92.658757 , 0.01809
-92.666387 , 0.017188
-92.674016 , 0.016287
-92.681646 , 0.000316
-92.689276 , -0.015654
-92.696905 , -0.031626
-92.704535 , -0.047596
-92.712165 , -0.063567
-92.719794 , -0.079537
-92.727424 , -0.095509
-92.735054 , -0.111478
-92.742683 , -0.117138
-92.750313 , -0.122796
-92.757943 , -0.128456
-92.765573 , -0.134114
-92.773202 , -0.139773
-92.780832 , -0.145432
-92.788462 , -0.151091
-92.796091 , -0.156749
-92.803721 , -0.150442
-92.811351 , -0.144133
-92.81898 , -0.137826
-92.82661 , -0.131517
-92.83424 , -0.125542
-92.841869 , -0.119565
-92.849499 , -0.113591
-92.857129 , -0.107614
-92.864758 , -0.097004
-92.872388 , -0.086395
-92.880018 , -0.079885
-92.887647 , -0.076035
-92.895277 , -0.081104
-92.902907 , -0.090605
-92.910536 , -0.106201
-92.918166 , -0.126229
-92.925796 , -0.149581
-92.933425 , -0.177366
-92.941055 , -0.206757
-92.948685 , -0.238808
-92.956314 , -0.269362
-92.963944 , -0.299917
-92.971574 , -0.327425
-92.979203 , -0.3505
-92.986833 , -0.374565
-92.994463 , -0.392426
-93.002092 , -0.406851
-93.009722 , -0.413299
-93.017352 , -0.40379
-93.024981 , -0.386303
-93.032611 , -0.365382
-93.040241 , -0.338255
-93.04787 , -0.303705
-93.0555 , -0.264722
-93.06313 , -0.224022
-93.070759 , -0.180663
-93.078389 , -0.140849
-93.086019 , -0.101035
-93.093648 , -0.061055
-93.101278 , -0.021075
-93.108908 , 0.024459
-93.116537 , 0.069995
-93.124167 , 0.115363
-93.131797 , 0.160733
-93.139426 , 0.201447
-93.147056 , 0.239503
-93.154686 , 0.271408
-93.162315 , 0.29711
-93.169945 , 0.315275
-93.177575 , 0.325464
-93.185204 , 0.326122
-93.192834 , 0.318803
-93.200464 , 0.313146
-93.208093 , 0.301284
-93.215723 , 0.283271
-93.223353 , 0.262601
-93.230982 , 0.240273
-93.238612 , 0.217948
-93.246242 , 0.199554
-93.253871 , 0.183822
-93.261501 , 0.165262
-93.269131 , 0.151136
-93.27676 , 0.143823
-93.28439 , 0.139171
-93.29202 , 0.135403
-93.299649 , 0.131638
-93.307279 , 0.128036
-93.314909 , 0.124437
-93.322538 , 0.1215
-93.330168 , 0.118566
-93.337798 , 0.11563
-93.345427 , 0.112695
-93.353057 , 0.11266
-93.360687 , 0.112628
-93.368316 , 0.112593
-93.375946 , 0.11256
-93.383576 , 0.112525
-93.391205 , 0.112493
-93.398835 , 0.112458
-93.406465 , 0.112425
-93.414094 , 0.116822
-93.421724 , 0.121222
-93.429354 , 0.125619
-93.436983 , 0.130019
-93.444613 , 0.134416
-93.452243 , 0.138815
-93.459872 , 0.143213
-93.467502 , 0.147613
-93.475132 , 0.140673
-93.482761 , 0.133736
-93.490391 , 0.126797
-93.498021 , 0.119859
-93.50565 , 0.11292
-93.51328 , 0.105982
-93.52091 , 0.099043
-93.528539 , 0.092106
-93.536169 , 0.096691
-93.543799 , 0.101277
-93.551428 , 0.105861
-93.559058 , 0.110448
-93.566688 , 0.115032
-93.574317 , 0.119618
-93.581947 , 0.124203
-93.589577 , 0.128789
-93.597206 , 0.140143
-93.604836 , 0.151499
-93.612466 , 0.162853
-93.620095 , 0.174209
-93.627725 , 0.185564
-93.635355 , 0.196919
-93.642984 , 0.208273
-93.650614 , 0.219629
-93.658244 , 0.228324
-93.665873 , 0.23702
-93.673503 , 0.245715
-93.681133 , 0.254412
-93.688762 , 0.263106
-93.696392 , 0.271803
-93.704022 , 0.280498
-93.711651 , 0.289194
-93.719281 , 0.295416
-93.726911 , 0.301641
-93.73454 , 0.307697
-93.74217 , 0.313755
-93.7498 , 0.321141
-93.757429 , 0.325869
-93.765059 , 0.333421
-93.772689 , 0.338315
-93.780318 , 0.329191
-93.787948 , 0.31741
-93.795578 , 0.306956
-93.803207 , 0.296504
-93.810837 , 0.285884
-93.818467 , 0.275266
-93.826096 , 0.264646
-93.833726 , 0.254027
-93.841356 , 0.242074
-93.848985 , 0.230121
-93.856615 , 0.218168
-93.864245 , 0.206215
-93.871874 , 0.194262
-93.879504 , 0.182309
-93.887134 , 0.170355
-93.894763 , 0.158402
-93.902393 , 0.13559
-93.910023 , 0.112778
-93.917652 , 0.089966
-93.925282 , 0.067154
-93.932912 , 0.044342
-93.940541 , 0.02153
-93.948171 , -0.001282
-93.955801 , -0.024095
-93.96343 , -0.045653
-93.97106 , -0.067212
-93.97869 , -0.0901
-93.986319 , -0.110329
-93.993949 , -0.124962
-94.001579 , -0.136936
-94.009208 , -0.147137
-94.016838 , -0.152906
-94.024468 , -0.160558
-94.032098 , -0.163778
-94.039727 , -0.160794
-94.047357 , -0.153377
-94.054987 , -0.137871
-94.062616 , -0.117933
-94.070246 , -0.096388
-94.077876 , -0.072184
-94.085505 , -0.043679
-94.093135 , -0.015174
-94.100765 , 0.013496
-94.108394 , 0.042167
-94.116024 , 0.071171
-94.123654 , 0.100174
-94.131283 , 0.129177
-94.138913 , 0.158181
-94.146543 , 0.194829
-94.154172 , 0.231478
-94.161802 , 0.268127
-94.169432 , 0.304776
-94.177061 , 0.343475
-94.184691 , 0.382174
-94.192321 , 0.41777
-94.19995 , 0.448934
-94.20758 , 0.474578
-94.21521 , 0.495791
-94.222839 , 0.511796
-94.230469 , 0.521595
-94.238099 , 0.527294
-94.245728 , 0.528562
-94.253358 , 0.522793
-94.260988 , 0.514365
-94.268617 , 0.50228
-94.276247 , 0.490195
-94.283877 , 0.477944
-94.291506 , 0.465693
-94.299136 , 0.452777
-94.306766 , 0.439862
-94.314395 , 0.426946
-94.322025 , 0.414031
-94.329655 , 0.394049
-94.337284 , 0.374068
-94.344914 , 0.354086
-94.352544 , 0.334105
-94.360173 , 0.314124
-94.367803 , 0.294142
-94.375433 , 0.274161
-94.383062 , 0.254179
-94.390692 , 0.235528
-94.398322 , 0.216877
-94.405951 , 0.198225
-94.413581 , 0.179573
-94.421211 , 0.161253
-94.42884 , 0.142934
-94.43647 , 0.124782
-94.4441 , 0.106628
-94.451729 , 0.085075
-94.459359 , 0.066181
-94.466989 , 0.049004
-94.474618 , 0.03626
-94.482248 , 0.03105
-94.489878 , 0.032046
-94.497507 , 0.037252
-94.505137 , 0.048663
-94.512767 , 0.06362
-94.520396 , 0.083009
-94.528026 , 0.109435
-94.535656 , 0.138519
-94.543285 , 0.171704
-94.550915 , 0.204888
-94.558545 , 0.238156
-94.566174 , 0.271424
-94.573804 , 0.306134
-94.581434 , 0.339515
-94.589063 , 0.374862
-94.596693 , 0.407552
-94.604323 , 0.422482
-94.611952 , 0.432983
-94.619582 , 0.448912
-94.627212 , 0.458636
-94.634841 , 0.453622
-94.642471 , 0.442405
-94.650101 , 0.437502
-94.65773 , 0.426395
-94.66536 , 0.399525
-94.67299 , 0.368225
-94.680619 , 0.339942
-94.688249 , 0.31033
-94.695879 , 0.28229
-94.703508 , 0.25691
-94.711138 , 0.227734
-94.718768 , 0.202991
-94.726397 , 0.194978
-94.734027 , 0.1914
-94.741657 , 0.183276
-94.749286 , 0.179587
-94.756916 , 0.182821
-94.764546 , 0.188716
-94.772175 , 0.193224
-94.779805 , 0.197735
-94.787435 , 0.203739
-94.795064 , 0.207086
-94.802694 , 0.213256
-94.810324 , 0.216769
-94.817953 , 0.207344
-94.825583 , 0.195261
-94.833213 , 0.185254
-94.840842 , 0.173918
-94.848472 , 0.163247
-94.856102 , 0.152576
-94.863731 , 0.14124
-94.871361 , 0.131234
-94.878991 , 0.124025
-94.88662 , 0.119477
-94.89425 , 0.112295
-94.90188 , 0.107774
-94.909509 , 0.12087
-94.917139 , 0.1384
-94.924769 , 0.152272
-94.932398 , 0.168804
-94.940028 , 0.193112
-94.947658 , 0.220081
-94.955287 , 0.245054
-94.962917 , 0.271358
-94.970547 , 0.296497
-94.978176 , 0.322968
-94.985806 , 0.347358
-94.993436 , 0.374411
-95.001065 , 0.409051
-95.008695 , 0.445023
-95.016325 , 0.480329
-95.023954 , 0.515635
-95.031584 , 0.550941
-95.039214 , 0.584918
-95.046843 , 0.620861
-95.054473 , 0.654146
-95.062103 , 0.681257
-95.069732 , 0.703936
-95.077362 , 0.720409
-95.084992 , 0.73245
-95.092621 , 0.743716
-95.100251 , 0.748777
-95.107881 , 0.743422
-95.11551 , 0.730089
-95.12314 , 0.711659
-95.13077 , 0.687024
-95.138399 , 0.657236
-95.146029 , 0.623016
-95.153659 , 0.585306
-95.161288 , 0.547596
-95.168918 , 0.50839
-95.176548 , 0.471843
-95.184177 , 0.442838
-95.191807 , 0.418265
-95.199437 , 0.389149
-95.207066 , 0.364466
-95.214696 , 0.356625
-95.222326 , 0.353215
-95.229955 , 0.345263
-95.237585 , 0.341743
-95.245215 , 0.354845
-95.252844 , 0.370605
-95.260474 , 0.383651
-95.268104 , 0.399355
-95.275734 , 0.413648
-95.283363 , 0.42794
-95.290993 , 0.44298
-95.298623 , 0.45669
-95.306252 , 0.463973
-95.313882 , 0.468595
-95.321512 , 0.47596
-95.329141 , 0.480666
-95.336771 , 0.488031
-95.344401 , 0.492737
-95.35203 , 0.500102
-95.35966 , 0.504807
-95.36729 , 0.490012
-95.374919 , 0.472557
-95.382549 , 0.45776
-95.390179 , 0.440305
-95.397808 , 0.425509
-95.405438 , 0.408054
-95.413068 , 0.393424
-95.420697 , 0.376135
-95.428327 , 0.354296
-95.435957 , 0.332457
-95.443586 , 0.30987
-95.451216 , 0.288612
-95.458846 , 0.265942
-95.466475 , 0.245932
-95.474105 , 0.223178
-95.481735 , 0.203084
-95.489364 , 0.193517
-95.496994 , 0.186609
-95.504624 , 0.186903
-95.512253 , 0.19163
-95.519883 , 0.197021
-95.527513 , 0.208618
-95.535142 , 0.230741
-95.542772 , 0.260842
-95.550402 , 0.299046
-95.558031 , 0.345229
-95.565661 , 0.395566
-95.573291 , 0.450336
-95.58092 , 0.508707
-95.58855 , 0.567079
-95.59618 , 0.626945
-95.603809 , 0.684153
-95.611439 , 0.729005
-95.619069 , 0.769427
-95.626698 , 0.815387
-95.634328 , 0.855144
-95.641958 , 0.879164
-95.649587 , 0.898754
-95.657217 , 0.921943
-95.664847 , 0.942475
-95.672476 , 0.955034
-95.680106 , 0.967595
-95.687736 , 0.979988
-95.695365 , 0.992383
-95.702995 , 1.004776
-95.710625 , 1.01717
-95.718254 , 1.029729
-95.725884 , 1.04229
-95.733514 , 1.063714
-95.741143 , 1.087799
-95.748773 , 1.10889
-95.756403 , 1.132642
-95.764032 , 1.155063
-95.771662 , 1.177485
-95.779292 , 1.200072
-95.786921 , 1.222661
-95.794551 , 1.243476
-95.802181 , 1.264294
-95.80981 , 1.28511
-95.81744 , 1.305928
-95.82507 , 1.326744
-95.832699 , 1.347561
-95.840329 , 1.368377
-95.847959 , 1.389194
-95.855588 , 1.41001
-95.863218 , 1.430828
-95.870848 , 1.451643
-95.878477 , 1.472461
-95.886107 , 1.493111
-95.893737 , 1.513762
-95.901366 , 1.535741
-95.908996 , 1.555063
-95.916626 , 1.566994
-95.924255 , 1.576267
-95.931885 , 1.586868
-95.939515 , 1.597471
-95.947144 , 1.608182
-95.954774 , 1.618896
-95.962404 , 1.627502
-95.970033 , 1.640543
-95.977663 , 1.663388
-95.985293 , 1.69244
-95.992922 , 1.715949
-96.000552 , 1.743893
-96.008182 , 1.789508
-96.015811 , 1.837785
-96.023441 , 1.884841
-96.031071 , 1.931899
-96.0387 , 1.975554
-96.04633 , 2.019212
-96.05396 , 2.062867
-96.061589 , 2.106524
-96.069219 , 2.150346
-96.076849 , 2.19417
-96.084478 , 2.236662
-96.092108 , 2.281816
-96.099738 , 2.340541
-96.107367 , 2.401927
-96.114997 , 2.460485
-96.122627 , 2.521706
-96.130256 , 2.581429
-96.137886 , 2.641152
-96.145516 , 2.702371
-96.153145 , 2.760931
-96.160775 , 2.812004
-96.168405 , 2.860419
-96.176034 , 2.911491
-96.183664 , 2.959907
-96.191294 , 3.01098
-96.198923 , 3.059394
-96.206553 , 3.110467
-96.214183 , 3.158882
-96.221812 , 3.18591
-96.229442 , 3.21028
-96.237072 , 3.238305
-96.244701 , 3.2619
-96.252331 , 3.289315
-96.259961 , 3.314074
-96.26759 , 3.340049
-96.27522 , 3.366026
-96.28285 , 3.381914
-96.290479 , 3.397804
-96.298109 , 3.413692
-96.305739 , 3.429584
-96.313368 , 3.446856
-96.320998 , 3.464132
-96.328628 , 3.4793
-96.336257 , 3.498902
-96.343887 , 3.525871
-96.351517 , 3.559047
-96.359146 , 3.602748
-96.366776 , 3.654428
-96.374406 , 3.71342
-96.382035 , 3.780392
-96.389665 , 3.857887
-96.397295 , 3.941591
-96.404924 , 4.027751
-96.412554 , 4.118344
-96.420184 , 4.206665
-96.427813 , 4.294988
-96.435443 , 4.386023
-96.443073 , 4.474401
-96.450702 , 4.565768
-96.458332 , 4.654478
-96.465962 , 4.740527
-96.473591 , 4.826578
-96.481221 , 4.912738
-96.488851 , 4.998899
-96.49648 , 5.082844
-96.50411 , 5.171222
-96.51174 , 5.254889
-96.51937 , 5.342989
-96.526999 , 5.450935
-96.534629 , 5.563316
-96.542259 , 5.673314
-96.549888 , 5.783312
-96.557518 , 5.894916
-96.565148 , 6.003861
-96.572777 , 6.115798
-96.580407 , 6.225077
-96.588037 , 6.322552
-96.595666 , 6.42003
-96.603296 , 6.516232
-96.610926 , 6.615094
-96.618555 , 6.730742
-96.626185 , 6.852597
-96.633815 , 6.967026
-96.641444 , 7.089435
-96.649074 , 7.226336
-96.656704 , 7.369446
-96.664333 , 7.507234
-96.671963 , 7.649456
-96.679593 , 7.80935
-96.687222 , 7.971905
-96.694852 , 8.13324
-96.702482 , 8.294576
-96.710111 , 8.45519
-96.717741 , 8.615806
-96.725371 , 8.77642
-96.733 , 8.937036
-96.74063 , 9.097651
-96.74826 , 9.258266
-96.755889 , 9.41888
-96.763519 , 9.579496
-96.771149 , 9.729068
-96.778778 , 9.87864
-96.786408 , 10.029541
-96.794038 , 10.177783
-96.801667 , 10.328852
-96.809297 , 10.477259
-96.816927 , 10.628492
-96.824556 , 10.777067
-96.832186 , 10.911901
-96.839816 , 11.046738
-96.847445 , 11.181406
-96.855075 , 11.316074
-96.862705 , 11.450909
-96.870334 , 11.585743
-96.877964 , 11.719248
-96.885594 , 11.855412
-96.893223 , 12.009645
-96.900853 , 12.166536
-96.908483 , 12.32077
-96.916112 , 12.477661
-96.923742 , 12.631893
-96.931372 , 12.788786
-96.939001 , 12.943018
-96.946631 , 13.099911
-96.954261 , 13.274807
-96.96189 , 13.452364
-96.96952 , 13.628592
-96.97715 , 13.804819
-96.984779 , 13.981213
-96.992409 , 14.157606
-97.000039 , 14.333834
-97.007668 , 14.510061
-97.015298 , 14.685061
-97.022928 , 14.857403
-97.030557 , 15.033346
-97.038187 , 15.204857
-97.045817 , 15.360411
-97.053446 , 15.50976
-97.061076 , 15.666311
-97.068706 , 15.814886
-97.076335 , 15.941519
-97.083965 , 16.060177
-97.091595 , 16.186033
-97.099224 , 16.305689
-97.106854 , 16.409384
-97.114484 , 16.50865
-97.122113 , 16.611517
-97.129743 , 16.711723
-97.137373 , 16.813046
-97.145002 , 16.914368
-97.152632 , 17.015524
-97.160262 , 17.11668
-97.167891 , 17.217171
-97.175521 , 17.317661
-97.183151 , 17.417986
-97.19078 , 17.518312
-97.19841 , 17.618856
-97.20604 , 17.716745
-97.213669 , 17.808481
-97.221299 , 17.894014
-97.228929 , 17.980322
-97.236558 , 18.058653
-97.244188 , 18.128338
-97.251818 , 18.188276
-97.259447 , 18.235815
-97.267077 , 18.275377
-97.274707 , 18.304302
-97.282336 , 18.327023
-97.289966 , 18.348633
-97.297596 , 18.365812
-97.305225 , 18.375788
-97.312855 , 18.383106
-97.320485 , 18.387321
-97.328114 , 18.388878
-97.335744 , 18.393978
-97.343374 , 18.394648
-97.351003 , 18.382685
-97.358633 , 18.366289
-97.366263 , 18.344465
-97.373892 , 18.316437
-97.381522 , 18.282942
-97.389152 , 18.24147
-97.396781 , 18.189472
-97.404411 , 18.131269
-97.412041 , 18.072622
-97.41967 , 18.007772
-97.4273 , 17.937601
-97.43493 , 17.862999
-97.442559 , 17.785625
-97.450189 , 17.703823
-97.457819 , 17.615812
-97.465448 , 17.523371
-97.473078 , 17.425386
-97.480708 , 17.322973
-97.488337 , 17.214298
-97.495967 , 17.101191
-97.503597 , 16.980434
-97.511226 , 16.854361
-97.518856 , 16.732494
-97.526486 , 16.607971
-97.534115 , 16.483946
-97.541745 , 16.359922
-97.549375 , 16.235897
-97.557004 , 16.111872
-97.564634 , 15.990892
-97.572264 , 15.872576
-97.579893 , 15.750101
-97.587523 , 15.632946
-97.595153 , 15.53158
-97.602782 , 15.435535
-97.610412 , 15.334167
-97.618042 , 15.238123
-97.625671 , 15.154673
-97.633301 , 15.076542
-97.640931 , 14.994255
-97.64856 , 14.914629
-97.65619 , 14.843201
-97.66382 , 14.771776
-97.671449 , 14.701677
-97.679079 , 14.628922
-97.686709 , 14.547909
-97.694338 , 14.461578
-97.701968 , 14.364777
-97.709598 , 14.259111
-97.717227 , 14.14724
-97.724857 , 14.026505
-97.732487 , 13.895298
-97.740116 , 13.758774
-97.747746 , 13.617414
-97.755376 , 13.473398
-97.763005 , 13.330545
-97.770635 , 13.187693
-97.778265 , 13.043564
-97.785895 , 12.899437
-97.793524 , 12.755308
-97.801154 , 12.611181
-97.808784 , 12.485226
-97.816413 , 12.35927
-97.824043 , 12.233315
-97.831673 , 12.107359
-97.839302 , 11.981403
-97.846932 , 11.85545
-97.854562 , 11.729492
-97.862191 , 11.603539
-97.869821 , 11.476564
-97.877451 , 11.34959
-97.88508 , 11.222616
-97.89271 , 11.095644
-97.90034 , 10.96867
-97.907969 , 10.841698
-97.915599 , 10.714722
-97.923229 , 10.587749
-97.930858 , 10.457008
-97.938488 , 10.326267
-97.946118 , 10.195526
-97.953747 , 10.064786
-97.961377 , 9.934044
-97.969007 , 9.803305
-97.976636 , 9.672563
-97.984266 , 9.541822
-97.991896 , 9.418477
-97.999525 , 9.295134
-98.007155 , 9.171954
-98.014785 , 9.048777
-98.022414 , 8.935071
-98.030044 , 8.824027
-98.037674 , 8.708825
-98.045303 , 8.598945
-98.052933 , 8.50197
-98.060563 , 8.410317
-98.068192 , 8.313343
-98.075822 , 8.22169
-98.083452 , 8.14599
-98.091081 , 8.075612
-98.098711 , 7.999746
-98.106341 , 7.929202
-98.11397 , 7.868967
-98.1216 , 7.811393
-98.12923 , 7.752654
-98.136859 , 7.693916
-98.144489 , 7.635344
-98.152119 , 7.576773
-98.159748 , 7.5182
-98.167378 , 7.459629
-98.175008 , 7.3933
-98.182637 , 7.326972
-98.190267 , 7.260643
-98.197897 , 7.194316
-98.205526 , 7.128153
-98.213156 , 7.061992
-98.220786 , 6.994665
-98.228415 , 6.929999
-98.236045 , 6.8798
-98.243675 , 6.83492
-98.251304 , 6.784388
-98.258934 , 6.739176
-98.266564 , 6.700444
-98.274193 , 6.664373
-98.281823 , 6.626971
-98.289453 , 6.589571
-98.297082 , 6.547958
-98.304712 , 6.503688
-98.312342 , 6.463572
-98.319971 , 6.418138
-98.327601 , 6.356913
-98.335231 , 6.29037
-98.34286 , 6.229145
-98.35049 , 6.162602
-98.35812 , 6.082229
-98.365749 , 5.996538
-98.373379 , 5.913506
-98.381009 , 5.830474
-98.388638 , 5.747108
-98.396268 , 5.663745
-98.403898 , 5.580379
-98.411527 , 5.497015
-98.419157 , 5.430936
-98.426787 , 5.364858
-98.434416 , 5.298778
-98.442046 , 5.232699
-98.449676 , 5.166619
-98.457305 , 5.100541
-98.464935 , 5.034461
-98.472565 , 4.968383
-98.480194 , 4.90172
-98.487824 , 4.835056
-98.495454 , 4.769723
-98.503083 , 4.70173
-98.510713 , 4.636562
-98.518343 , 4.568736
-98.525972 , 4.503569
-98.533602 , 4.435741
-98.541232 , 4.353787
-98.548861 , 4.269174
-98.556491 , 4.185889
-98.564121 , 4.102605
-98.57175 , 4.017548
-98.57938 , 3.932491
-98.58701 , 3.850647
-98.594639 , 3.773236
-98.602269 , 3.703851
-98.609899 , 3.640671
-98.617528 , 3.587907
-98.625158 , 3.54312
-98.632788 , 3.497005
-98.640417 , 3.457094
-98.648047 , 3.422502
-98.655677 , 3.392343
-98.663306 , 3.373816
-98.670936 , 3.357951
-98.678566 , 3.344855
-98.686195 , 3.334418
-98.693825 , 3.316004
-98.701455 , 3.300249
-98.709084 , 3.287153
-98.716714 , 3.276716
-98.724344 , 3.273751
-98.731973 , 3.273444
-98.739603 , 3.271809
-98.747233 , 3.270172
-98.754862 , 3.268868
-98.762492 , 3.267565
-98.770122 , 3.267591
-98.777751 , 3.264957
-98.785381 , 3.248307
-98.793011 , 3.228997
-98.80064 , 3.212347
-98.80827 , 3.193038
-98.8159 , 3.176554
-98.823529 , 3.157411
-98.831159 , 3.139597
-98.838789 , 3.121783
-98.846418 , 3.097674
-98.854048 , 3.073565
-98.861678 , 3.049457
-98.869307 , 3.025348
-98.876937 , 3.001239
-98.884567 , 2.97713
-98.892196 , 2.953021
-98.899826 , 2.928912
-98.907456 , 2.904803
-98.915085 , 2.880694
-98.922715 , 2.856586
-98.930345 , 2.832477
-98.937974 , 2.808368
-98.945604 , 2.784259
-98.953234 , 2.760317
-98.960863 , 2.736374
-98.968493 , 2.723027
-98.976123 , 2.712341
-98.983752 , 2.698939
-98.991382 , 2.688198
-98.999012 , 2.673799
-99.006641 , 2.663833
-99.014271 , 2.650043
-99.021901 , 2.638913
-99.029531 , 2.638087
-99.03716 , 2.637263
-99.04479 , 2.636437
-99.05242 , 2.635613
-99.060049 , 2.636118
-99.067679 , 2.633964
-99.075309 , 2.634634
-99.082938 , 2.632647
-99.090568 , 2.611785
-99.098198 , 2.588266
-99.105827 , 2.567573
-99.113457 , 2.54422
-99.121087 , 2.522196
-99.128716 , 2.500173
-99.136346 , 2.477983
-99.143976 , 2.455793
-99.151605 , 2.438035
-99.159235 , 2.420279
-99.166865 , 2.40252
-99.174494 , 2.384764
-99.182124 , 2.367005
-99.189754 , 2.349249
-99.197383 , 2.331325
-99.205013 , 2.313402
-99.212643 , 2.285139
-99.220272 , 2.254218
-99.227902 , 2.226288
-99.235532 , 2.195699
-99.243161 , 2.167104
-99.250791 , 2.138509
-99.258421 , 2.109914
-99.26605 , 2.08132
-99.27368 , 2.047517
-99.28131 , 2.016374
-99.288939 , 1.992156
-99.296569 , 1.97237
-99.304199 , 1.957682
-99.311828 , 1.947425
-99.319458 , 1.943263
-99.327088 , 1.943533
-99.334717 , 1.947744
-99.342347 , 1.954614
-99.349977 , 1.965583
-99.357606 , 1.976553
-99.365236 , 1.985363
-99.372866 , 1.994171
-99.380495 , 2.00298
-99.388125 , 2.011789
-99.395755 , 2.0319
-99.403384 , 2.052012
-99.411014 , 2.072289
-99.418644 , 2.092566
-99.426273 , 2.109188
-99.433903 , 2.128468
-99.441533 , 2.150241
-99.449162 , 2.174674
-99.456792 , 2.200415
-99.464422 , 2.228816
-99.472051 , 2.264197
-99.479681 , 2.304011
-99.487311 , 2.352302
-99.49494 , 2.403252
-99.50257 , 2.458301
-99.5102 , 2.51335
-99.517829 , 2.568399
-99.525459 , 2.623449
-99.533089 , 2.674399
-99.540718 , 2.72269
-99.548348 , 2.76206
-99.555978 , 2.796998
-99.563607 , 2.825842
-99.571237 , 2.850254
-99.578867 , 2.870809
-99.586496 , 2.88693
-99.594126 , 2.895962
-99.601756 , 2.902332
-99.609385 , 2.919563
-99.617015 , 2.934134
-99.624645 , 2.946212
-99.632274 , 2.95563
-99.639904 , 2.947985
-99.647534 , 2.940339
-99.655163 , 2.932361
-99.662793 , 2.924383
-99.670423 , 2.919619
-99.678052 , 2.912194
-99.685682 , 2.903053
-99.693312 , 2.88948
-99.700941 , 2.870857
-99.708571 , 2.846029
-99.716201 , 2.816771
-99.72383 , 2.781305
-99.73146 , 2.728555
-99.73909 , 2.667827
-99.746719 , 2.603774
-99.754349 , 2.533517
-99.761979 , 2.459492
-99.769608 , 2.381035
-99.777238 , 2.295542
-99.784868 , 2.207389
-99.792497 , 2.126605
-99.800127 , 2.045821
-99.807757 , 1.963651
-99.815386 , 1.884141
-99.823016 , 1.803918
-99.830646 , 1.728127
-99.838275 , 1.658431
-99.845905 , 1.593166
-99.853535 , 1.535658
-99.861164 , 1.482583
-99.868794 , 1.431113
-99.876424 , 1.382304
-99.884053 , 1.340032
-99.891683 , 1.297759
-99.899313 , 1.255819
-99.906942 , 1.21388
-99.914572 , 1.168615
-99.922202 , 1.126011
-99.929831 , 1.08601
-99.937461 , 1.048668
-99.945091 , 1.013746
-99.95272 , 0.983255
-99.96035 , 0.958748
-99.96798 , 0.938673
-99.975609 , 0.928349
-99.983239 , 0.920685
-99.990869 , 0.91579
-99.998498 , 0.913555
-100.006128 , 0.906112
-100.013758 , 0.901329
-100.021387 , 0.903636
-100.029017 , 0.910377
-100.036647 , 0.925095
-100.044276 , 0.944245
-100.051906 , 0.965002
-100.059536 , 0.988418
-100.067165 , 1.006204
-100.074795 , 1.02399
-100.082425 , 1.043272
-100.090054 , 1.059895
-100.097684 , 1.079675
-100.105314 , 1.096796
-100.112943 , 1.116577
-100.120573 , 1.133698
-100.128203 , 1.132924
-100.135832 , 1.129491
-100.143462 , 1.127221
-100.151092 , 1.124951
-100.158721 , 1.126172
-100.166351 , 1.124733
-100.173981 , 1.12069
-100.18161 , 1.113988
-100.18924 , 1.105783
-100.19687 , 1.093146
-100.204499 , 1.074415
-100.212129 , 1.051251
-100.219759 , 1.02
-100.227388 , 0.984315
-100.235018 , 0.947023
-100.242648 , 0.907073
-100.250277 , 0.873992
-100.257907 , 0.840912
-100.265537 , 0.807831
-100.273167 , 0.774751
-100.280796 , 0.735354
-100.288426 , 0.698617
-100.296056 , 0.668029
-100.303685 , 0.643647
-100.311315 , 0.624618
-100.318945 , 0.613567
-100.326574 , 0.612045
-100.334204 , 0.618501
-100.341834 , 0.637921
-100.349463 , 0.663547
-100.357093 , 0.694325
-100.364723 , 0.729535
-100.372352 , 0.759981
-100.379982 , 0.790426
-100.387612 , 0.820982
-100.395241 , 0.851539
-100.402871 , 0.884089
-100.410501 , 0.913981
-100.41813 , 0.946864
-100.42576 , 0.977088
-100.43339 , 0.998384
-100.441019 , 1.019681
-100.448649 , 1.04081
-100.456279 , 1.061941
-100.463908 , 1.082904
-100.471538 , 1.103868
-100.479168 , 1.125995
-100.486797 , 1.145464
-100.494427 , 1.149585
-100.502057 , 1.148388
-100.509686 , 1.152675
-100.517316 , 1.151645
-100.524946 , 1.134823
-100.532575 , 1.112685
-100.540205 , 1.094699
-100.547835 , 1.074057
-100.555464 , 1.052131
-100.563094 , 1.030207
-100.570724 , 1.005456
-100.578353 , 0.986025
-100.585983 , 0.982216
-100.593613 , 0.983728
-100.601242 , 0.979919
-100.608872 , 0.981431
-100.616502 , 1.002719
-100.624131 , 1.029328
-100.631761 , 1.05178
-100.639391 , 1.076893
-100.64702 , 1.100841
-100.65465 , 1.12479
-100.66228 , 1.148738
-100.669909 , 1.172688
-100.677539 , 1.190468
-100.685169 , 1.205592
-100.692798 , 1.224868
-100.700428 , 1.238828
-100.708058 , 1.236996
-100.715687 , 1.229847
-100.723317 , 1.228182
-100.730947 , 1.2212
-100.738576 , 1.20596
-100.746206 , 1.188064
-100.753836 , 1.171494
-100.761465 , 1.154927
-100.769095 , 1.137029
-100.776725 , 1.121791
-100.784354 , 1.102397
-100.791984 , 1.088323
-100.799614 , 1.095349
-100.807243 , 1.107695
-100.814873 , 1.114721
-100.822503 , 1.127067
-100.830132 , 1.155201
-100.837762 , 1.188655
-100.845392 , 1.217953
-100.853021 , 1.249912
-100.860651 , 1.282478
-100.868281 , 1.315046
-100.87591 , 1.347779
-100.88354 , 1.380514
-100.89117 , 1.413246
-100.898799 , 1.445981
-100.906429 , 1.478713
-100.914059 , 1.511447
-100.921688 , 1.542308
-100.929318 , 1.573171
-100.936948 , 1.605196
-100.944577 , 1.634562
-100.952207 , 1.646809
-100.959837 , 1.653737
-100.967466 , 1.666149
-100.975096 , 1.673244
-100.982726 , 1.667927
-100.990355 , 1.657293
-100.997985 , 1.652143
-101.005615 , 1.641675
-101.013244 , 1.614086
-101.020874 , 1.58384
-101.028504 , 1.554755
-101.036133 , 1.525672
-101.043763 , 1.494932
-101.051393 , 1.464194
-101.059022 , 1.433454
-101.066652 , 1.402716
-101.074282 , 1.371976
-101.081911 , 1.341238
-101.089541 , 1.310498
-101.097171 , 1.27976
-101.1048 , 1.242815
-101.11243 , 1.205872
-101.12006 , 1.168927
-101.127689 , 1.131984
-101.135319 , 1.095039
-101.142949 , 1.058095
-101.150578 , 1.021317
-101.158208 , 0.98454
-101.165838 , 0.955024
-101.173467 , 0.928169
-101.181097 , 0.897158
-101.188727 , 0.871466
-101.196356 , 0.861563
-101.203986 , 0.85698
-101.211616 , 0.846911
-101.219245 , 0.842162
-101.226875 , 0.848769
-101.234505 , 0.858037
-101.242134 , 0.866139
-101.249764 , 0.874243
-101.257394 , 0.882512
-101.265023 , 0.890783
-101.272653 , 0.899052
-101.280283 , 0.907322
-101.287912 , 0.904878
-101.295542 , 0.902435
-101.303172 , 0.89999
-101.310801 , 0.897547
-101.318431 , 0.895103
-101.326061 , 0.89266
-101.33369 , 0.890215
-101.34132 , 0.887772
-101.34895 , 0.868042
-101.356579 , 0.848313
-101.364209 , 0.828583
-101.371839 , 0.808855
-101.379468 , 0.789124
-101.387098 , 0.769395
-101.394728 , 0.749665
-101.402357 , 0.729937
-101.409987 , 0.715525
-101.417617 , 0.701115
-101.425246 , 0.68554
-101.432876 , 0.672626
-101.440506 , 0.67683
-101.448135 , 0.686354
-101.455765 , 0.690225
-101.463395 , 0.699417
-101.471024 , 0.713316
-101.478654 , 0.729876
-101.486284 , 0.745105
-101.493913 , 0.760335
-101.501543 , 0.776894
-101.509173 , 0.790795
-101.516802 , 0.808849
-101.524432 , 0.821587
-101.532062 , 0.82088
-101.539692 , 0.814857
-101.547321 , 0.81415
-101.554951 , 0.808127
-101.562581 , 0.786313
-101.57021 , 0.759181
-101.57784 , 0.736202
-101.58547 , 0.710567
-101.593099 , 0.677671
-101.600729 , 0.644777
-101.608359 , 0.611716
-101.615988 , 0.578656
-101.623618 , 0.545595
-101.631248 , 0.512535
-101.638877 , 0.479473
-101.646507 , 0.446413
-101.654137 , 0.411754
-101.661766 , 0.377096
-101.669396 , 0.342602
-101.677026 , 0.308111
-101.684655 , 0.267579
-101.692285 , 0.229707
-101.699915 , 0.198317
-101.707544 , 0.172246
-101.715174 , 0.150883
-101.722804 , 0.13484
-101.730433 , 0.129434
-101.738063 , 0.132893
-101.745693 , 0.147874
-101.753322 , 0.171721
-101.760952 , 0.199113
-101.768582 , 0.231824
-101.776211 , 0.271564
-101.783841 , 0.316624
-101.791471 , 0.368164
-101.7991 , 0.422365
-101.80673 , 0.469916
-101.81436 , 0.517469
-101.821989 , 0.56635
-101.829619 , 0.612573
-101.837249 , 0.647215
-101.844878 , 0.67654
-101.852508 , 0.711515
-101.860138 , 0.741173
-101.867767 , 0.774984
-101.875397 , 0.806138
-101.883027 , 0.838453
-101.890656 , 0.87077
-101.898286 , 0.898061
-101.905916 , 0.925353
-101.913545 , 0.952643
-101.921175 , 0.979935
-101.928805 , 1.005785
-101.936434 , 1.031636
-101.944064 , 1.059924
-101.951694 , 1.082893
-101.959323 , 1.098661
-101.966953 , 1.105564
-101.974583 , 1.103824
-101.982212 , 1.093219
-101.989842 , 1.072199
-101.997472 , 1.042315
-102.005101 , 1.009217
-102.012731 , 0.9708
-102.020361 , 0.929842
-102.02799 , 0.888884
-102.03562 , 0.846429
-102.04325 , 0.806635
-102.050879 , 0.774652
-102.058509 , 0.747988
-102.066139 , 0.731794
-102.073768 , 0.724466
-102.081398 , 0.721791
-102.089028 , 0.72798
-102.096657 , 0.742813
-102.104287 , 0.76651
-102.111917 , 0.795192
-102.119546 , 0.829194
-102.127176 , 0.860758
-102.134806 , 0.892322
-102.142435 , 0.929579
-102.150065 , 0.966835
-102.157695 , 1.006751
-102.165324 , 1.04135
-102.172954 , 1.060324
-102.180584 , 1.073979
-102.188213 , 1.092953
-102.195843 , 1.106609
-102.203473 , 1.102702
-102.211102 , 1.093475
-102.218732 , 1.088404
-102.226362 , 1.080676
-102.233991 , 1.074109
-102.241621 , 1.067542
-102.249251 , 1.060809
-102.25688 , 1.054077
-102.26451 , 1.056229
-102.27214 , 1.058381
-102.279769 , 1.060534
-102.287399 , 1.062687
-102.295029 , 1.064839
-102.302658 , 1.066991
-102.310288 , 1.069143
-102.317918 , 1.071297
-102.325547 , 1.07079
-102.333177 , 1.070282
-102.340807 , 1.069775
-102.348436 , 1.06927
-102.356066 , 1.068762
-102.363696 , 1.068255
-102.371325 , 1.067914
-102.378955 , 1.067575
-102.386585 , 1.081311
-102.394214 , 1.097709
-102.401844 , 1.111115
-102.409474 , 1.127179
-102.417103 , 1.141913
-102.424733 , 1.156648
-102.432363 , 1.17155
-102.439992 , 1.186451
-102.447622 , 1.19498
-102.455252 , 1.20351
-102.462881 , 1.21337
-102.470511 , 1.220571
-102.478141 , 1.230596
-102.48577 , 1.237962
-102.4934 , 1.248155
-102.50103 , 1.255688
-102.508659 , 1.262596
-102.516289 , 1.269506
-102.523919 , 1.27503
-102.531548 , 1.283214
-102.539178 , 1.281701
-102.546808 , 1.284622
-102.554437 , 1.293526
-102.562067 , 1.306862
-102.569697 , 1.329117
-102.577326 , 1.354033
-102.584956 , 1.377563
-102.592586 , 1.401094
-102.600215 , 1.426672
-102.607845 , 1.449594
-102.615475 , 1.476227
-102.623104 , 1.498428
-102.630734 , 1.501305
-102.638364 , 1.499751
-102.645993 , 1.501908
-102.653623 , 1.501406
-102.661253 , 1.502122
-102.668882 , 1.502839
-102.676512 , 1.50339
-102.684142 , 1.503941
-102.691771 , 1.501832
-102.699401 , 1.499723
-102.707031 , 1.497614
-102.71466 , 1.495505
-102.72229 , 1.493563
-102.72992 , 1.49162
-102.737549 , 1.488348
-102.745179 , 1.487735
-102.752809 , 1.496582
-102.760438 , 1.508089
-102.768068 , 1.518265
-102.775698 , 1.528442
-102.783328 , 1.538785
-102.790957 , 1.549128
-102.798587 , 1.559471
-102.806217 , 1.569814
-102.813846 , 1.574063
-102.821476 , 1.578311
-102.829106 , 1.582394
-102.836735 , 1.586476
-102.844365 , 1.594215
-102.851995 , 1.599295
-102.859624 , 1.601771
-102.867254 , 1.601588
-102.874884 , 1.591959
-102.882513 , 1.577899
-102.890143 , 1.558521
-102.897773 , 1.532937
-102.905402 , 1.508239
-102.913032 , 1.475564
-102.920662 , 1.433359
-102.928291 , 1.383176
-102.935921 , 1.326678
-102.943551 , 1.263974
-102.95118 , 1.195951
-102.95881 , 1.123497
-102.96644 , 1.038577
-102.974069 , 0.950997
-102.981699 , 0.864802
-102.989329 , 0.778608
-102.996958 , 0.696943
-103.004588 , 0.617937
-103.012218 , 0.540537
-103.019847 , 0.46757
-103.027477 , 0.403024
-103.035107 , 0.342911
-103.042736 , 0.289002
-103.050366 , 0.239526
-103.057996 , 0.190603
-103.065625 , 0.146113
-103.073255 , 0.107828
-103.080885 , 0.073976
-103.088514 , 0.046328
-103.096144 , 0.023112
-103.103774 , 0.006102
-103.111403 , -0.006476
-103.119033 , -0.02336
-103.126663 , -0.035812
-103.134292 , -0.042059
-103.141922 , -0.043873
-103.149552 , -0.040258
-103.157181 , -0.032211
-103.164811 , -0.017238
-103.172441 , 0.000393
-103.18007 , 0.017028
-103.1877 , 0.033663
-103.19533 , 0.050298
-103.202959 , 0.066932
-103.210589 , 0.080132
-103.218219 , 0.090672
-103.225848 , 0.094287
-103.233478 , 0.09347
-103.241108 , 0.094384
-103.248737 , 0.090866
-103.256367 , 0.080423
-103.263997 , 0.06732
-103.271626 , 0.050949
-103.279256 , 0.034577
-103.286886 , 0.01682
-103.294515 , 0.001723
-103.302145 , -0.009883
-103.309775 , -0.017058
-103.317404 , -0.019136
-103.325034 , -0.015008
-103.332664 , -0.007113
-103.340293 , 0.005214
-103.347923 , 0.024577
-103.355553 , 0.046599
-103.363182 , 0.067938
-103.370812 , 0.089277
-103.378442 , 0.110782
-103.386071 , 0.132287
-103.393701 , 0.143819
-103.401331 , 0.155352
-103.40896 , 0.166884
-103.41659 , 0.178416
-103.42422 , 0.182192
-103.431849 , 0.185968
-103.439479 , 0.189744
-103.447109 , 0.193521
-103.454738 , 0.197297
-103.462368 , 0.201073
-103.469998 , 0.204849
-103.477627 , 0.208625
-103.485257 , 0.20463
-103.492887 , 0.200636
-103.500516 , 0.196642
-103.508146 , 0.192648
-103.515776 , 0.188654
-103.523405 , 0.184659
-103.531035 , 0.180665
-103.538665 , 0.176671
-103.546294 , 0.179326
-103.553924 , 0.18198
-103.561554 , 0.184634
-103.569183 , 0.187288
-103.576813 , 0.189111
-103.584443 , 0.190934
-103.592072 , 0.193921
-103.599702 , 0.194248
-103.607332 , 0.190101
-103.614961 , 0.180636
-103.622591 , 0.166018
-103.630221 , 0.146082
-103.63785 , 0.122157
-103.64548 , 0.092913
-103.65311 , 0.058682
-103.660739 , 0.019134
-103.668369 , -0.022908
-103.675999 , -0.06495
-103.683628 , -0.108488
-103.691258 , -0.149367
-103.698888 , -0.189747
-103.706517 , -0.224808
-103.714147 , -0.254717
-103.721777 , -0.279307
-103.729406 , -0.291168
-103.737036 , -0.297711
-103.744666 , -0.298935
-103.752295 , -0.29484
-103.759925 , -0.285427
-103.767555 , -0.270695
-103.775184 , -0.250645
-103.782814 , -0.225276
-103.790444 , -0.195917
-103.798073 , -0.161241
-103.805703 , -0.121411
-103.813333 , -0.076263
-103.820962 , -0.019979
-103.828592 , 0.038964
-103.836222 , 0.096412
-103.843851 , 0.153859
-103.851481 , 0.204761
-103.859111 , 0.250343
-103.86674 , 0.290939
-103.87437 , 0.326217
-103.882 , 0.357173
-103.889629 , 0.382811
-103.897259 , 0.403296
-103.904889 , 0.418463
-103.912518 , 0.42482
-103.920148 , 0.428518
-103.927778 , 0.428061
-103.935407 , 0.427604
-103.943037 , 0.429307
-103.950667 , 0.431011
-103.958296 , 0.432715
-103.965926 , 0.434419
-103.973556 , 0.449433
-103.981185 , 0.464447
-103.988815 , 0.479461
-103.996445 , 0.494475
-104.004074 , 0.509489
-104.011704 , 0.524503
-104.019334 , 0.539517
-104.026964 , 0.554532
-104.034593 , 0.572205
-104.042223 , 0.589879
-104.049853 , 0.607552
-104.057482 , 0.625226
-104.065112 , 0.642899
-104.072742 , 0.660573
-104.080371 , 0.678246
-104.088001 , 0.69592
-104.095631 , 0.693189
-104.10326 , 0.690459
-104.11089 , 0.687728
-104.11852 , 0.684998
-104.126149 , 0.682268
-104.133779 , 0.679537
-104.141409 , 0.676807
-104.149038 , 0.674077
-104.156668 , 0.677552
-104.164298 , 0.681026
-104.171927 , 0.684501
-104.179557 , 0.687976
-104.187187 , 0.691451
-104.194816 , 0.694926
-104.202446 , 0.6984
-104.210076 , 0.701875
-104.217705 , 0.709214
-104.225335 , 0.716553
-104.232965 , 0.725056
-104.240594 , 0.730899
-104.248224 , 0.746216
-104.255854 , 0.756215
-104.263483 , 0.761061
-104.271113 , 0.760588
-104.278743 , 0.749644
-104.286372 , 0.733382
-104.294002 , 0.710804
-104.301632 , 0.685566
-104.309261 , 0.660328
-104.316891 , 0.63775
-104.324521 , 0.621488
-104.33215 , 0.610544
-104.33978 , 0.606633
-104.34741 , 0.60804
-104.355039 , 0.614434
-104.362669 , 0.626147
-104.370299 , 0.639853
-104.377928 , 0.653561
-104.385558 , 0.667267
-104.393188 , 0.680974
-104.400817 , 0.692022
-104.408447 , 0.697751
-104.416077 , 0.700267
-104.423706 , 0.693918
-104.431336 , 0.676488
-104.438966 , 0.650195
-104.446595 , 0.615036
-104.454225 , 0.571014
-104.461855 , 0.516174
-104.469484 , 0.452469
-104.477114 , 0.385386
-104.484744 , 0.312983
-104.492373 , 0.238752
-104.500003 , 0.161861
-104.507633 , 0.086134
-104.515262 , 0.010407
-104.522892 , -0.065818
-104.530522 , -0.142043
-104.538151 , -0.218102
-104.545781 , -0.294162
-104.553411 , -0.363074
-104.56104 , -0.429327
-104.56867 , -0.494417
-104.5763 , -0.554188
-104.583929 , -0.609481
-104.591559 , -0.659456
-104.599189 , -0.705885
-104.606818 , -0.74345
-104.614448 , -0.769159
-104.622078 , -0.786003
-104.629707 , -0.793983
-104.637337 , -0.793098
-104.644967 , -0.784568
-104.652596 , -0.767173
-104.660226 , -0.739141
-104.667856 , -0.70579
-104.675485 , -0.669116
-104.683115 , -0.627122
-104.690745 , -0.582635
-104.698374 , -0.538148
-104.706004 , -0.494645
-104.713634 , -0.453801
-104.721263 , -0.41944
-104.728893 , -0.390397
-104.736523 , -0.365509
-104.744152 , -0.345939
-104.751782 , -0.331688
-104.759412 , -0.322757
-104.767041 , -0.319254
-104.774671 , -0.32107
-104.782301 , -0.328039
-104.78993 , -0.340326
-104.79756 , -0.361423
-104.80519 , -0.385178
-104.812819 , -0.413089
-104.820449 , -0.441
-104.828079 , -0.4643
-104.835708 , -0.4876
-104.843338 , -0.510901
-104.850968 , -0.534201
-104.858597 , -0.557834
-104.866227 , -0.581467
-104.873857 , -0.605099
-104.881486 , -0.628732
-104.889116 , -0.647766
-104.896746 , -0.6668
-104.904375 , -0.686998
-104.912005 , -0.704537
-104.919635 , -0.720912
-104.927264 , -0.731968
-104.934894 , -0.737872
-104.942524 , -0.738457
-104.950153 , -0.729444
-104.957783 , -0.715112
-104.965413 , -0.695461
-104.973042 , -0.670492
-104.980672 , -0.641367
-104.988302 , -0.606924
-104.995931 , -0.565999
-105.003561 , -0.522414
-105.011191 , -0.477555
-105.01882 , -0.432696
-105.02645 , -0.390331
-105.03408 , -0.353283
-105.041709 , -0.319118
-105.049339 , -0.29027
-105.056969 , -0.271838
-105.064598 , -0.262271
-105.072228 , -0.261549
-105.079858 , -0.266145
-105.087487 , -0.276116
-105.095117 , -0.291406
-105.102747 , -0.307969
-105.110376 , -0.327192
-105.118006 , -0.345086
-105.125636 , -0.362979
-105.133265 , -0.382756
-105.140895 , -0.399874
-105.148525 , -0.415828
-105.156154 , -0.426464
-105.163784 , -0.42962
-105.171414 , -0.427457
-105.179043 , -0.419976
-105.186673 , -0.407176
-105.194303 , -0.38439
-105.201932 , -0.356286
-105.209562 , -0.321699
-105.217192 , -0.284452
-105.224821 , -0.254519
-105.232451 , -0.224586
-105.240081 , -0.193324
-105.24771 , -0.164721
-105.25534 , -0.141934
-105.26297 , -0.124467
-105.270599 , -0.112152
-105.278229 , -0.105155
-105.285859 , -0.10248
-105.293489 , -0.105124
-105.301118 , -0.113031
-105.308748 , -0.126257
-105.316378 , -0.148676
-105.324007 , -0.175528
-105.331637 , -0.205536
-105.339267 , -0.235546
-105.346896 , -0.265998
-105.354526 , -0.296451
-105.362156 , -0.322914
-105.369785 , -0.346718
-105.377415 , -0.370245
-105.385045 , -0.391113
-105.392674 , -0.409322
-105.400304 , -0.424871
-105.407934 , -0.437428
-105.415563 , -0.447326
-105.423193 , -0.454454
-105.430823 , -0.458923
-105.438452 , -0.462352
-105.446082 , -0.46135
-105.453712 , -0.45514
-105.461341 , -0.442724
-105.468971 , -0.427095
-105.476601 , -0.405262
-105.48423 , -0.378386
-105.49186 , -0.347078
-105.49949 , -0.30541
-105.507119 , -0.263742
-105.514749 , -0.220689
-105.522379 , -0.180295
-105.530008 , -0.150705
-105.537638 , -0.12732
-105.545268 , -0.107148
-105.552897 , -0.094954
-105.560527 , -0.091102
-105.568157 , -0.093455
-105.575786 , -0.101127
-105.583416 , -0.11323
-105.591046 , -0.126387
-105.598675 , -0.142202
-105.606305 , -0.156522
-105.613935 , -0.170842
-105.621564 , -0.188542
-105.629194 , -0.201809
-105.636824 , -0.209148
-105.644453 , -0.212055
-105.652083 , -0.207206
-105.659713 , -0.197924
-105.667342 , -0.187036
-105.674972 , -0.173488
-105.682602 , -0.161782
-105.690231 , -0.150077
-105.697861 , -0.136875
-105.705491 , -0.126333
-105.71312 , -0.123271
-105.72075 , -0.122867
-105.72838 , -0.119804
-105.736009 , -0.119401
-105.743639 , -0.125701
-105.751269 , -0.134661
-105.758898 , -0.142291
-105.766528 , -0.149921
-105.774158 , -0.157717
-105.781787 , -0.165514
-105.789417 , -0.173309
-105.797047 , -0.181106
-105.804676 , -0.186135
-105.812306 , -0.191165
-105.819936 , -0.196194
-105.827565 , -0.201224
-105.835195 , -0.206419
-105.842825 , -0.211615
-105.850454 , -0.215481
-105.858084 , -0.222007
-105.865714 , -0.244322
-105.873343 , -0.269297
-105.880973 , -0.291612
-105.888603 , -0.316586
-105.896232 , -0.338735
-105.903862 , -0.363544
-105.911492 , -0.387022
-105.919121 , -0.410501
-105.926751 , -0.439838
-105.934381 , -0.469176
-105.94201 , -0.498347
-105.94964 , -0.527518
-105.95727 , -0.560346
-105.964899 , -0.590515
-105.972529 , -0.617968
-105.980159 , -0.642763
-105.987788 , -0.662127
-105.995418 , -0.675288
-106.003048 , -0.684126
-106.010677 , -0.686759
-106.018307 , -0.67244
-106.025937 , -0.650142
-106.033566 , -0.62452
-106.041196 , -0.592692
-106.048826 , -0.557669
-106.056455 , -0.518214
-106.064085 , -0.475545
-106.071715 , -0.432877
-106.079344 , -0.392258
-106.086974 , -0.351639
-106.094604 , -0.31102
-106.102233 , -0.270401
-106.109863 , -0.233439
-106.117493 , -0.196476
-106.125122 , -0.159514
-106.132752 , -0.122552
-106.140382 , -0.08559
-106.148011 , -0.048627
-106.155641 , -0.011665
-106.163271 , 0.025297
-106.1709 , 0.060556
-106.17853 , 0.095814
-106.18616 , 0.131073
-106.193789 , 0.166332
-106.201419 , 0.201591
-106.209049 , 0.236849
-106.216678 , 0.271941
-106.224308 , 0.307034
-106.231938 , 0.32883
-106.239567 , 0.347966
-106.247197 , 0.369928
-106.254827 , 0.389231
-106.262456 , 0.410528
-106.270086 , 0.429166
-106.277716 , 0.450463
-106.285345 , 0.4691
-106.292975 , 0.47876
-106.300605 , 0.48576
-106.308234 , 0.485668
-106.315864 , 0.481144
-106.323494 , 0.471966
-106.331123 , 0.458356
-106.338753 , 0.43782
-106.346383 , 0.414626
-106.354012 , 0.393093
-106.361642 , 0.371561
-106.369272 , 0.349862
-106.376901 , 0.328163
-106.384531 , 0.305965
-106.392161 , 0.283768
-106.39979 , 0.260241
-106.40742 , 0.239373
-106.41505 , 0.232896
-106.422679 , 0.229079
-106.430309 , 0.222602
-106.437939 , 0.218784
-106.445568 , 0.212141
-106.453198 , 0.208157
-106.460828 , 0.202844
-106.468457 , 0.19753
-106.476087 , 0.202134
-106.483717 , 0.206738
-106.491346 , 0.211341
-106.498976 , 0.215945
-106.506606 , 0.220549
-106.514235 , 0.225152
-106.521865 , 0.229756
-106.529495 , 0.234359
-106.537125 , 0.238674
-106.544754 , 0.242988
-106.552384 , 0.247137
-106.560014 , 0.251285
-106.567643 , 0.256763
-106.575273 , 0.259582
-106.582903 , 0.265225
-106.590532 , 0.26821
-106.598162 , 0.258785
-106.605792 , 0.2467
-106.613421 , 0.237441
-106.621051 , 0.225523
-106.628681 , 0.214934
-106.63631 , 0.204345
-106.64394 , 0.19359
-106.65157 , 0.182835
-106.659199 , 0.159877
-106.666829 , 0.13692
-106.674459 , 0.113962
-106.682088 , 0.091005
-106.689718 , 0.068047
-106.697348 , 0.04509
-106.704977 , 0.022132
-106.712607 , -0.000825
-106.720237 , -0.013201
-106.727866 , -0.025577
-106.735496 , -0.039282
-106.743126 , -0.050328
-106.750755 , -0.070072
-106.758385 , -0.087157
-106.766015 , -0.09715
-106.773644 , -0.102711
-106.781274 , -0.094523
-106.788904 , -0.081903
-106.796533 , -0.072996
-106.804163 , -0.061429
-106.811793 , -0.050416
-106.819422 , -0.039403
-106.827052 , -0.02839
-106.834682 , -0.017377
-106.842311 , -0.012846
-106.849941 , -0.010974
-106.857571 , -0.007607
-106.8652 , -0.00424
-106.87283 , -0.001038
-106.88046 , 0.002163
-106.888089 , 0.00553
-106.895719 , 0.008898
-106.903349 , 0.023997
-106.910978 , 0.041755
-106.918608 , 0.056688
-106.926238 , 0.07428
-106.933867 , 0.089213
-106.941497 , 0.106805
-106.949127 , 0.121737
-106.956756 , 0.13933
-106.964386 , 0.172712
-106.972016 , 0.208753
-106.979645 , 0.243464
-106.987275 , 0.278176
-106.994905 , 0.313054
-107.002534 , 0.347931
-107.010164 , 0.382809
-107.017794 , 0.417687
-107.025423 , 0.444808
-107.033053 , 0.47193
-107.040683 , 0.499051
-107.048312 , 0.526172
-107.055942 , 0.553294
-107.063572 , 0.580415
-107.071201 , 0.607536
-107.078831 , 0.634658
-107.086461 , 0.65912
-107.09409 , 0.683582
-107.10172 , 0.708044
-107.10935 , 0.732506
-107.116979 , 0.756968
-107.124609 , 0.78143
-107.132239 , 0.805892
-107.139868 , 0.830354
-107.147498 , 0.844359
-107.155128 , 0.858364
-107.162757 , 0.873698
-107.170387 , 0.886373
-107.178017 , 0.901874
-107.185646 , 0.914715
-107.193276 , 0.930216
-107.200906 , 0.943057
-107.208535 , 0.936397
-107.216165 , 0.927077
-107.223795 , 0.920416
-107.231424 , 0.911097
-107.239054 , 0.904436
-107.246684 , 0.895116
-107.254313 , 0.888456
-107.261943 , 0.879136
-107.269573 , 0.851139
-107.277202 , 0.820482
-107.284832 , 0.792651
-107.292462 , 0.76216
-107.300091 , 0.732999
-107.307721 , 0.703838
-107.315351 , 0.674345
-107.32298 , 0.644852
-107.33061 , 0.601619
-107.33824 , 0.555726
-107.345869 , 0.512659
-107.353499 , 0.466933
-107.361129 , 0.423866
-107.368758 , 0.37814
-107.376388 , 0.335239
-107.384018 , 0.289679
-107.391647 , 0.23754
-107.399277 , 0.1854
-107.406907 , 0.133262
-107.414536 , 0.081122
-107.422166 , 0.027654
-107.429796 , -0.023156
-107.437425 , -0.076791
-107.445055 , -0.127767
-107.452685 , -0.162786
-107.460314 , -0.195147
-107.467944 , -0.230166
-107.475574 , -0.262527
-107.483203 , -0.297547
-107.490833 , -0.329907
-107.498463 , -0.364927
-107.506092 , -0.397287
-107.513722 , -0.408063
-107.521352 , -0.41618
-107.528981 , -0.426955
-107.536611 , -0.435072
-107.544241 , -0.451056
-107.55187 , -0.46438
-107.5595 , -0.470502
-107.56713 , -0.472192
-107.574759 , -0.463355
-107.582389 , -0.448313
-107.590019 , -0.429172
-107.597648 , -0.403825
-107.605278 , -0.36712
-107.612908 , -0.327757
-107.620537 , -0.289501
-107.628167 , -0.251245
-107.635797 , -0.222533
-107.643426 , -0.19382
-107.651056 , -0.163778
-107.658686 , -0.136396
-107.666315 , -0.106187
-107.673945 , -0.078639
-107.681575 , -0.04843
-107.689204 , -0.020881
-107.696834 , -0.009731
-107.704464 , -0.001241
-107.712093 , 0.010075
-107.719723 , 0.018732
-107.727353 , 0.028718
-107.734982 , 0.038704
-107.742612 , 0.048525
-107.750242 , 0.058345
-107.757871 , 0.056236
-107.765501 , 0.054127
-107.773131 , 0.052019
-107.780761 , 0.04991
-107.78839 , 0.047801
-107.79602 , 0.045692
-107.80365 , 0.043583
-107.811279 , 0.041475
-107.818909 , 0.036263
-107.826539 , 0.031052
-107.834168 , 0.025841
-107.841798 , 0.020629
-107.849428 , 0.016249
-107.857057 , 0.011869
-107.864687 , 0.00627
-107.872317 , 0.00333
-107.879946 , 0.009435
-107.887576 , 0.019971
-107.895206 , 0.035605
-107.902835 , 0.057445
-107.910465 , 0.083051
-107.918095 , 0.11309
-107.925724 , 0.150165
-107.933354 , 0.189898
-107.940984 , 0.224203
-107.948613 , 0.258508
-107.956243 , 0.292702
-107.963873 , 0.326896
-107.971502 , 0.368735
-107.979132 , 0.406142
-107.986762 , 0.438508
-107.994391 , 0.464668
-108.002021 , 0.477468
-108.009651 , 0.484063
-108.01728 , 0.479134
-108.02491 , 0.467999
-108.03254 , 0.457308
-108.040169 , 0.440413
-108.047799 , 0.417478
-108.055429 , 0.391883
-108.063058 , 0.365624
-108.070688 , 0.339365
-108.078318 , 0.312939
-108.085947 , 0.286514
-108.093577 , 0.259424
-108.101207 , 0.232334
-108.108836 , 0.205244
-108.116466 , 0.178153
-108.124096 , 0.15659
-108.131725 , 0.135026
-108.139355 , 0.113462
-108.146985 , 0.091898
-108.154614 , 0.070334
-108.162244 , 0.04877
-108.169874 , 0.02704
-108.177503 , 0.005311
-108.185133 , -0.030159
-108.192763 , -0.068288
-108.200392 , -0.103592
-108.208022 , -0.141555
-108.215652 , -0.176692
-108.223281 , -0.214489
-108.230911 , -0.250957
-108.238541 , -0.287424
-108.24617 , -0.322242
-108.2538 , -0.357061
-108.26143 , -0.39188
-108.269059 , -0.426699
-108.276689 , -0.461518
-108.284319 , -0.496337
-108.291948 , -0.531156
-108.299578 , -0.565975
-108.307208 , -0.60301
-108.314837 , -0.640045
-108.322467 , -0.67708
-108.330097 , -0.714115
-108.337726 , -0.750484
-108.345356 , -0.786855
-108.352986 , -0.823059
-108.360615 , -0.859263
-108.368245 , -0.902905
-108.375875 , -0.943887
-108.383504 , -0.978166
-108.391134 , -1.007126
-108.398764 , -1.022734
-108.406393 , -1.029477
-108.414023 , -1.027578
-108.421653 , -1.016814
-108.429282 , -0.99364
-108.436912 , -0.961602
-108.444542 , -0.920699
-108.452171 , -0.870932
-108.459801 , -0.81363
-108.467431 , -0.747464
-108.47506 , -0.670992
-108.48269 , -0.589202
-108.49032 , -0.498286
-108.497949 , -0.407371
-108.505579 , -0.314959
-108.513209 , -0.225206
-108.520838 , -0.14659
-108.528468 , -0.073292
-108.536098 , -0.005368
-108.543727 , 0.057237
-108.551357 , 0.112085
-108.558987 , 0.15807
-108.566616 , 0.195633
-108.574246 , 0.224331
-108.581876 , 0.254304
-108.589505 , 0.278958
-108.597135 , 0.296909
-108.604765 , 0.3122
-108.612394 , 0.322629
-108.620024 , 0.333059
-108.627654 , 0.342159
-108.635283 , 0.353919
-108.642913 , 0.382132
-108.650543 , 0.415665
-108.658172 , 0.443546
-108.665802 , 0.476746
-108.673432 , 0.516871
-108.681061 , 0.559656
-108.688691 , 0.601111
-108.696321 , 0.642567
-108.70395 , 0.685351
-108.71158 , 0.725477
-108.71921 , 0.769757
-108.726839 , 0.808719
-108.734469 , 0.831005
-108.742099 , 0.847972
-108.749728 , 0.870424
-108.757358 , 0.887558
-108.764988 , 0.887571
-108.772617 , 0.884926
-108.780247 , 0.883444
-108.787877 , 0.881962
-108.795506 , 0.88253
-108.803136 , 0.883098
-108.810766 , 0.883666
-108.818395 , 0.884233
-108.826025 , 0.884801
-108.833655 , 0.885369
-108.841284 , 0.885937
-108.848914 , 0.886505
-108.856544 , 0.888112
-108.864173 , 0.889718
-108.871803 , 0.891325
-108.879433 , 0.892931
-108.887062 , 0.894372
-108.894692 , 0.895813
-108.902322 , 0.898417
-108.909951 , 0.898361
-108.917581 , 0.885175
-108.925211 , 0.866671
-108.93284 , 0.853651
-108.94047 , 0.835313
-108.9481 , 0.801185
-108.955729 , 0.761738
-108.963359 , 0.726446
-108.970989 , 0.688496
-108.978618 , 0.653375
-108.986248 , 0.618255
-108.993878 , 0.582969
-109.001507 , 0.547682
-109.009137 , 0.512396
-109.016767 , 0.47711
-109.024396 , 0.441823
-109.032026 , 0.406537
-109.039656 , 0.379672
-109.047286 , 0.352807
-109.054915 , 0.325942
-109.062545 , 0.299077
-109.070175 , 0.272212
-109.077804 , 0.245347
-109.085434 , 0.218481
-109.093064 , 0.191616
-109.100693 , 0.141662
-109.108323 , 0.091708
-109.115953 , 0.041753
-109.123582 , -0.008201
-109.131212 , -0.058155
-109.138842 , -0.108109
-109.146471 , -0.158063
-109.154101 , -0.208017
-109.161731 , -0.252044
-109.16936 , -0.29607
-109.17699 , -0.341259
-109.18462 , -0.38379
-109.192249 , -0.430475
-109.199879 , -0.471842
-109.207509 , -0.518693
-109.215138 , -0.560226
-109.222768 , -0.574943
-109.230398 , -0.584341
-109.238027 , -0.599057
-109.245657 , -0.608455
-109.253287 , -0.602063
-109.260916 , -0.590352
-109.268546 , -0.582796
-109.276176 , -0.572581
-109.283805 , -0.565303
-109.291435 , -0.558024
-109.299065 , -0.55058
-109.306694 , -0.543135
-109.314324 , -0.535025
-109.321954 , -0.526916
-109.329583 , -0.51864
-109.337213 , -0.510364
-109.344843 , -0.507836
-109.352472 , -0.502649
-109.360102 , -0.490758
-109.367732 , -0.473549
-109.375361 , -0.443431
-109.382991 , -0.404448
-109.390621 , -0.357044
-109.39825 , -0.300776
-109.40588 , -0.243399
-109.41351 , -0.180704
-109.421139 , -0.112635
-109.428769 , -0.039247
-109.436399 , 0.04572
-109.444028 , 0.133346
-109.451658 , 0.219643
-109.459288 , 0.30594
-109.466917 , 0.39458
-109.474547 , 0.480562
-109.482177 , 0.55984
-109.489806 , 0.633799
-109.497436 , 0.694406
-109.505066 , 0.746149
-109.512695 , 0.789249
-109.520325 , 0.823484
-109.527955 , 0.845753
-109.535584 , 0.859157
-109.543214 , 0.863696
-109.550844 , 0.859371
-109.558473 , 0.843523
-109.566103 , 0.81881
-109.573733 , 0.790717
-109.581362 , 0.757306
-109.588992 , 0.716373
-109.596622 , 0.672782
-109.604251 , 0.630354
-109.611881 , 0.587925
-109.619511 , 0.544833
-109.62714 , 0.50174
-109.63477 , 0.457483
-109.6424 , 0.415886
-109.650029 , 0.388971
-109.657659 , 0.367374
-109.665289 , 0.340293
-109.672918 , 0.31853
-109.680548 , 0.308069
-109.688178 , 0.302927
-109.695807 , 0.301331
-109.703437 , 0.308599
-109.711067 , 0.326503
-109.718696 , 0.353271
-109.726326 , 0.388682
-109.733956 , 0.432957
-109.741585 , 0.481942
-109.749215 , 0.536245
-109.756845 , 0.586615
-109.764474 , 0.639644
-109.772104 , 0.691288
-109.779734 , 0.742932
-109.787363 , 0.794576
-109.794993 , 0.84622
-109.802623 , 0.898363
-109.810252 , 0.947846
-109.817882 , 1.001484
-109.825512 , 1.049804
-109.833141 , 1.085561
-109.840771 , 1.116
-109.848401 , 1.142893
-109.85603 , 1.160921
-109.86366 , 1.167869
-109.87129 , 1.165953
-109.878919 , 1.155171
-109.886549 , 1.135526
-109.894179 , 1.100368
-109.901808 , 1.056345
-109.909438 , 1.009109
-109.917068 , 0.956554
-109.924697 , 0.911479
-109.932327 , 0.866404
-109.939957 , 0.819833
-109.947586 , 0.775921
-109.955216 , 0.732172
-109.962846 , 0.693741
-109.970475 , 0.649826
-109.978105 , 0.611229
-109.985735 , 0.588589
-109.993364 , 0.571267
-110.000994 , 0.548626
-110.008624 , 0.531304
-110.016253 , 0.533318
-110.023883 , 0.54065
-110.031513 , 0.543827
-110.039142 , 0.549663
-110.046772 , 0.554336
-110.054402 , 0.559009
-110.062031 , 0.563848
-110.069661 , 0.568687
-110.077291 , 0.582432
-110.08492 , 0.596177
-110.09255 , 0.611086
-110.10018 , 0.623335
-110.107809 , 0.618464
-110.115439 , 0.608276
-110.123069 , 0.603572
-110.130698 , 0.593549
-110.138328 , 0.564634
-110.145958 , 0.5304
-110.153587 , 0.500322
-110.161217 , 0.467584
-110.168847 , 0.436009
-110.176476 , 0.404435
-110.184106 , 0.372694
-110.191736 , 0.340954
-110.199365 , 0.310716
-110.206995 , 0.280478
-110.214625 , 0.250241
-110.222254 , 0.220003
-110.229884 , 0.189765
-110.237514 , 0.159527
-110.245143 , 0.12929
-110.252773 , 0.099052
-110.260403 , 0.073246
-110.268032 , 0.047441
-110.275662 , 0.021801
-110.283292 , -0.003838
-110.290922 , -0.030807
-110.298551 , -0.055117
-110.306181 , -0.082252
-110.313811 , -0.106728
-110.32144 , -0.115372
-110.32907 , -0.121357
-110.3367 , -0.130168
-110.344329 , -0.13632
-110.351959 , -0.143967
-110.359589 , -0.151614
-110.367218 , -0.157765
-110.374848 , -0.166576
-110.382478 , -0.187631
-110.390107 , -0.211345
-110.397737 , -0.2324
-110.405367 , -0.256114
-110.412996 , -0.277003
-110.420626 , -0.30055
-110.428256 , -0.322769
-110.435885 , -0.344987
-110.443515 , -0.372304
-110.451145 , -0.399621
-110.458774 , -0.426772
-110.466404 , -0.453923
-110.474034 , -0.482403
-110.481663 , -0.508224
-110.489293 , -0.536871
-110.496923 , -0.562858
-110.504552 , -0.576602
-110.512182 , -0.587686
-110.519812 , -0.600099
-110.527441 , -0.612513
-110.535071 , -0.62476
-110.542701 , -0.637008
-110.55033 , -0.649421
-110.55796 , -0.661835
-110.56559 , -0.681659
-110.573219 , -0.704142
-110.580849 , -0.725129
-110.588479 , -0.746117
-110.596108 , -0.766993
-110.603738 , -0.787869
-110.611368 , -0.810851
-110.618997 , -0.829401
-110.626627 , -0.837036
-110.634257 , -0.838466
-110.641886 , -0.847098
-110.649516 , -0.847753
-110.657146 , -0.821149
-110.664775 , -0.786567
-110.672405 , -0.759188
-110.680035 , -0.725604
-110.687664 , -0.676657
-110.695294 , -0.623278
-110.702924 , -0.573501
-110.710553 , -0.521064
-110.718183 , -0.469846
-110.725813 , -0.418628
-110.733442 , -0.36741
-110.741072 , -0.316191
-110.748702 , -0.266414
-110.756331 , -0.219296
-110.763961 , -0.168465
-110.771591 , -0.122067
-110.77922 , -0.092512
-110.78685 , -0.067388
-110.79448 , -0.036946
-110.802109 , -0.012709
-110.809739 , -0.012309
-110.817369 , -0.018115
-110.824998 , -0.01849
-110.832628 , -0.023298
-110.840258 , -0.024505
-110.847887 , -0.028371
-110.855517 , -0.030741
-110.863147 , -0.033111
-110.870776 , -0.032434
-110.878406 , -0.027325
-110.886036 , -0.027812
-110.893665 , -0.022093
-110.901295 , -0.001637
-110.908925 , 0.025023
-110.916554 , 0.047086
-110.924184 , 0.071808
-110.931814 , 0.09712
-110.939443 , 0.122432
-110.947073 , 0.149129
-110.954703 , 0.173167
-110.962332 , 0.200917
-110.969962 , 0.224235
-110.977592 , 0.252206
-110.985221 , 0.275745
-110.992851 , 0.27668
-111.000481 , 0.274956
-111.00811 , 0.275946
-111.01574 , 0.274277
-111.02337 , 0.273938
-111.030999 , 0.273598
-111.038629 , 0.273093
-111.046259 , 0.272587
-111.053888 , 0.280932
-111.061518 , 0.289277
-111.069148 , 0.297622
-111.076777 , 0.305967
-111.084407 , 0.314312
-111.092037 , 0.322658
-111.099666 , 0.331002
-111.107296 , 0.339347
-111.114926 , 0.343094
-111.122555 , 0.346841
-111.130185 , 0.351806
-111.137815 , 0.354112
-111.145444 , 0.36013
-111.153074 , 0.361716
-111.160704 , 0.36779
-111.168333 , 0.369431
-111.175963 , 0.34794
-111.183593 , 0.32113
-111.191222 , 0.298531
-111.198852 , 0.273273
-111.206482 , 0.249178
-111.214111 , 0.225083
-111.221741 , 0.200821
-111.229371 , 0.17656
-111.237 , 0.152299
-111.24463 , 0.128038
-111.25226 , 0.103777
-111.259889 , 0.079515
-111.267519 , 0.055254
-111.275149 , 0.030993
-111.282778 , 0.006732
-111.290408 , -0.017529
-111.298038 , -0.04535
-111.305667 , -0.073171
-111.313297 , -0.100992
-111.320927 , -0.128812
-111.328556 , -0.156633
-111.336186 , -0.184454
-111.343816 , -0.212109
-111.351445 , -0.239763
-111.359075 , -0.257058
-111.366705 , -0.271693
-111.374334 , -0.290483
-111.381964 , -0.303954
-111.389594 , -0.301636
-111.397223 , -0.293999
-111.404853 , -0.291681
-111.412483 , -0.284044
-111.420112 , -0.256808
-111.427742 , -0.224254
-111.435372 , -0.197185
-111.443001 , -0.164796
-111.450631 , -0.115289
-111.458261 , -0.063122
-111.46589 , -0.012119
-111.47352 , 0.038885
-111.48115 , 0.082076
-111.488779 , 0.125268
-111.496409 , 0.168459
-111.504039 , 0.211651
-111.511668 , 0.254843
-111.519298 , 0.298034
-111.526928 , 0.341226
-111.534558 , 0.384418
-111.542187 , 0.416875
-111.549817 , 0.449332
-111.557447 , 0.481623
-111.565076 , 0.513915
-111.572706 , 0.547369
-111.580336 , 0.578165
-111.587965 , 0.613115
-111.595595 , 0.642746
-111.603225 , 0.651492
-111.610854 , 0.654918
-111.618484 , 0.663663
-111.626114 , 0.667089
-111.633743 , 0.659435
-111.641373 , 0.646462
-111.649003 , 0.627949
-111.656632 , 0.604117
-111.664262 , 0.570434
-111.671892 , 0.527886
-111.679521 , 0.476918
-111.687151 , 0.417084
-111.694781 , 0.358525
-111.70241 , 0.294648
-111.71004 , 0.224067
-111.71767 , 0.150826
-111.725299 , 0.072267
-111.732929 , -0.006293
-111.740559 , -0.086182
-111.748188 , -0.163412
-111.755818 , -0.224186
-111.763448 , -0.279643
-111.771077 , -0.340584
-111.778707 , -0.396207
-111.786337 , -0.430319
-111.793966 , -0.459113
-111.801596 , -0.493226
-111.809226 , -0.522019
-111.816855 , -0.539511
-111.824485 , -0.551684
-111.832115 , -0.560311
-111.839744 , -0.560074
-111.847374 , -0.551416
-111.855004 , -0.533893
-111.862633 , -0.505733
-111.870263 , -0.472254
-111.877893 , -0.432902
-111.885522 , -0.388232
-111.893152 , -0.346554
-111.900782 , -0.304875
-111.908411 , -0.255463
-111.916041 , -0.21137
-111.923671 , -0.170711
-111.9313 , -0.138916
-111.93893 , -0.127511
-111.94656 , -0.128515
-111.954189 , -0.141707
-111.961819 , -0.16731
-111.969449 , -0.203551
-111.977078 , -0.252201
-111.984708 , -0.314647
-111.992338 , -0.385957
-111.999967 , -0.459151
-112.007597 , -0.535005
-112.015227 , -0.610857
-112.022856 , -0.684052
-112.030486 , -0.756816
-112.038116 , -0.820716
-112.045745 , -0.877913
-112.053375 , -0.922699
-112.061005 , -0.953302
-112.068634 , -0.971495
-112.076264 , -0.977499
-112.083894 , -0.971093
-112.091523 , -0.955379
-112.099153 , -0.930801
-112.106783 , -0.895697
-112.114412 , -0.855274
-112.122042 , -0.804435
-112.129672 , -0.753596
-112.137301 , -0.702702
-112.144931 , -0.651807
-112.152561 , -0.621859
-112.16019 , -0.596342
-112.16782 , -0.566006
-112.17545 , -0.540102
-112.183079 , -0.510485
-112.190709 , -0.483529
-112.198339 , -0.455353
-112.205968 , -0.427177
-112.213598 , -0.396508
-112.221228 , -0.365839
-112.228857 , -0.33517
-112.236487 , -0.304502
-112.244117 , -0.273832
-112.251746 , -0.243164
-112.259376 , -0.212661
-112.267006 , -0.182158
-112.274635 , -0.147376
-112.282265 , -0.115252
-112.289895 , -0.079418
-112.297524 , -0.048015
-112.305154 , -0.033343
-112.312784 , -0.023104
-112.320413 , -0.008433
-112.328043 , 0.001806
-112.335673 , 0.002295
-112.343302 , -0.001649
-112.350932 , -0.001161
-112.358562 , -0.005105
-112.366191 , -0.025891
-112.373821 , -0.05111
-112.381451 , -0.071786
-112.38908 , -0.096894
-112.39671 , -0.130384
-112.40434 , -0.166535
-112.411969 , -0.201466
-112.419599 , -0.236398
-112.427229 , -0.27011
-112.434858 , -0.303823
-112.442488 , -0.339641
-112.450118 , -0.371026
-112.457747 , -0.398146
-112.465377 , -0.41906
-112.473007 , -0.429449
-112.480636 , -0.431859
-112.488266 , -0.426845
-112.495896 , -0.413853
-112.503525 , -0.391331
-112.511155 , -0.360832
-112.518785 , -0.323421
-112.526414 , -0.281579
-112.534044 , -0.241896
-112.541674 , -0.202214
-112.549303 , -0.155163
-112.556933 , -0.110772
-112.564563 , -0.07253
-112.572192 , -0.040493
-112.579822 , -0.014219
-112.587452 , 0.004078
-112.595081 , 0.012846
-112.602711 , 0.013635
-112.610341 , 0.00146
-112.61797 , -0.01692
-112.6256 , -0.040452
-112.63323 , -0.068417
-112.640859 , -0.090088
-112.648489 , -0.111759
-112.656119 , -0.134926
-112.663748 , -0.155434
-112.671378 , -0.180318
-112.679008 , -0.20077
-112.686637 , -0.225876
-112.694267 , -0.24655
-112.701897 , -0.247445
-112.709526 , -0.245681
-112.717156 , -0.245136
-112.724786 , -0.24459
-112.732415 , -0.243879
-112.740045 , -0.243167
-112.747675 , -0.242455
-112.755304 , -0.241744
-112.762934 , -0.229107
-112.770564 , -0.21647
-112.778193 , -0.203833
-112.785823 , -0.191196
-112.793453 , -0.178559
-112.801083 , -0.165922
-112.808712 , -0.153285
-112.816342 , -0.140648
-112.823972 , -0.123579
-112.831601 , -0.106509
-112.839231 , -0.089606
-112.846861 , -0.072703
-112.85449 , -0.054582
-112.86212 , -0.039119
-112.86975 , -0.019944
-112.877379 , -0.005202
-112.885009 , -0.014863
-112.892639 , -0.028956
-112.900268 , -0.038506
-112.907898 , -0.052488
-112.915528 , -0.062758
-112.923157 , -0.075688
-112.930787 , -0.087399
-112.938417 , -0.09911
-112.946046 , -0.115419
-112.953676 , -0.131728
-112.961306 , -0.148037
-112.968935 , -0.164346
-112.976565 , -0.180655
-112.984195 , -0.196965
-112.991824 , -0.213274
-112.999454 , -0.229583
-113.007084 , -0.245103
-113.014713 , -0.260623
-113.022343 , -0.276309
-113.029973 , -0.291994
-113.037602 , -0.306461
-113.045232 , -0.323587
-113.052862 , -0.337002
-113.060491 , -0.354849
-113.068121 , -0.395521
-113.075751 , -0.440626
-113.08338 , -0.482018
-113.09101 , -0.526071
-113.09864 , -0.568904
-113.106269 , -0.611737
-113.113899 , -0.654737
-113.121529 , -0.697736
-113.129158 , -0.736928
-113.136788 , -0.776121
-113.144418 , -0.815146
-113.152047 , -0.854173
-113.159677 , -0.894362
-113.167307 , -0.931892
-113.174936 , -0.973577
-113.182566 , -1.009944
-113.190196 , -1.032737
-113.197825 , -1.050211
-113.205455 , -1.073005
-113.213085 , -1.090479
-113.220714 , -1.092164
-113.228344 , -1.08853
-113.235974 , -1.088884
-113.243603 , -1.08658
-113.251233 , -1.072904
-113.258863 , -1.056569
-113.266492 , -1.042727
-113.274122 , -1.026226
-113.281752 , -1.013713
-113.289381 , -0.995883
-113.297011 , -0.983536
-113.304641 , -0.965871
-113.31227 , -0.92117
-113.3199 , -0.87115
-113.32753 , -0.826449
-113.335159 , -0.776429
-113.342789 , -0.711284
-113.350419 , -0.64082
-113.358048 , -0.574678
-113.365678 , -0.505877
-113.373308 , -0.428138
-113.380937 , -0.353058
-113.388567 , -0.284517
-113.396197 , -0.221293
-113.403826 , -0.171422
-113.411456 , -0.130416
-113.419086 , -0.098052
-113.426715 , -0.074553
-113.434345 , -0.058588
-113.441975 , -0.051487
-113.449604 , -0.05303
-113.457234 , -0.063437
-113.464864 , -0.073844
-113.472493 , -0.08957
-113.480123 , -0.110836
-113.487753 , -0.137421
-113.495382 , -0.178257
-113.503012 , -0.224413
-113.510642 , -0.275722
-113.518271 , -0.332348
-113.525901 , -0.379501
-113.533531 , -0.429313
-113.54116 , -0.477962
-113.54879 , -0.526611
-113.55642 , -0.583293
-113.564049 , -0.639975
-113.571679 , -0.699317
-113.579309 , -0.75334
-113.586938 , -0.791739
-113.594568 , -0.82482
-113.602198 , -0.863219
-113.609827 , -0.896299
-113.617457 , -0.907432
-113.625087 , -0.913246
-113.632716 , -0.924378
-113.640346 , -0.930192
-113.647976 , -0.92005
-113.655605 , -0.904589
-113.663235 , -0.894447
-113.670865 , -0.878986
-113.678494 , -0.84491
-113.686124 , -0.805515
-113.693754 , -0.771605
-113.701383 , -0.732377
-113.709013 , -0.697303
-113.716643 , -0.659571
-113.724272 , -0.623001
-113.731902 , -0.586432
-113.739532 , -0.546553
-113.747161 , -0.506673
-113.754791 , -0.466794
-113.762421 , -0.426914
-113.77005 , -0.387034
-113.77768 , -0.347155
-113.78531 , -0.307275
-113.792939 , -0.267395
-113.800569 , -0.242585
-113.808199 , -0.217775
-113.815828 , -0.192966
-113.823458 , -0.168155
-113.831088 , -0.143179
-113.838717 , -0.118203
-113.846347 , -0.09439
-113.853977 , -0.067918
-113.861606 , -0.029041
-113.869236 , 0.015155
-113.876866 , 0.055029
-113.884495 , 0.097563
-113.892125 , 0.137493
-113.899755 , 0.177423
-113.907384 , 0.220178
-113.915014 , 0.257615
-113.922644 , 0.291616
-113.930273 , 0.320299
-113.937903 , 0.338567
-113.945533 , 0.34797
-113.953162 , 0.345184
-113.960792 , 0.33708
-113.968422 , 0.323601
-113.976051 , 0.304804
-113.983681 , 0.283998
-113.991311 , 0.260534
-113.99894 , 0.238399
-114.00657 , 0.216263
-114.0142 , 0.192134
-114.021829 , 0.170663
-114.029459 , 0.145038
-114.037089 , 0.124731
-114.044719 , 0.122264
-114.052348 , 0.125115
-114.059978 , 0.123978
-114.067608 , 0.1255
-114.075237 , 0.124362
-114.082867 , 0.125884
-114.090497 , 0.126076
-114.098126 , 0.126268
-114.105756 , 0.143757
-114.113386 , 0.161245
-114.121015 , 0.177403
-114.128645 , 0.196221
-114.136275 , 0.212214
-114.143904 , 0.230865
-114.151534 , 0.246858
-114.159164 , 0.26551
-114.166793 , 0.293469
-114.174423 , 0.324088
-114.182053 , 0.352158
-114.189682 , 0.382887
-114.197312 , 0.431345
-114.204942 , 0.484236
-114.212571 , 0.532473
-114.220201 , 0.585142
-114.227831 , 0.640622
-114.23546 , 0.698762
-114.24309 , 0.755406
-114.25072 , 0.81205
-114.258349 , 0.870966
-114.265979 , 0.925449
-114.273609 , 0.985528
-114.281238 , 1.039402
-114.288868 , 1.065907
-114.296498 , 1.086207
-114.304127 , 1.112712
-114.311757 , 1.133012
-114.319387 , 1.138243
-114.327016 , 1.137268
-114.334646 , 1.142609
-114.342276 , 1.141745
-114.349905 , 1.115674
-114.357535 , 1.085172
-114.365165 , 1.059102
-114.372794 , 1.028599
-114.380424 , 1.001808
-114.388054 , 0.972358
-114.395683 , 0.944127
-114.403313 , 0.915896
-114.410943 , 0.885005
-114.418572 , 0.854115
-114.426202 , 0.821895
-114.433832 , 0.792334
-114.441461 , 0.760058
-114.449091 , 0.730442
-114.456721 , 0.69728
-114.46435 , 0.66855
-114.47198 , 0.663547
-114.47961 , 0.662975
-114.487239 , 0.658858
-114.494869 , 0.657401
-114.502499 , 0.653228
-114.510128 , 0.651715
-114.517758 , 0.648872
-114.525388 , 0.646029
-114.533017 , 0.65133
-114.540647 , 0.656632
-114.548277 , 0.661933
-114.555906 , 0.667234
-114.563536 , 0.672536
-114.571166 , 0.677837
-114.578795 , 0.683139
-114.586425 , 0.68844
-114.594055 , 0.690053
-114.601684 , 0.691667
-114.609314 , 0.693281
-114.616944 , 0.694894
-114.624573 , 0.696508
-114.632203 , 0.698122
-114.639833 , 0.699735
-114.647462 , 0.701349
-114.655092 , 0.704292
-114.662722 , 0.707235
-114.670351 , 0.710179
-114.677981 , 0.713122
-114.685611 , 0.716065
-114.69324 , 0.719008
-114.70087 , 0.721786
-114.7085 , 0.724563
-114.716129 , 0.715746
-114.723759 , 0.704271
-114.731389 , 0.695621
-114.739018 , 0.684312
-114.746648 , 0.675829
-114.754278 , 0.664686
-114.761907 , 0.654873
-114.769537 , 0.64506
-114.777167 , 0.630648
-114.784796 , 0.616236
-114.792426 , 0.601825
-114.800056 , 0.587413
-114.807685 , 0.573001
-114.815315 , 0.55859
-114.822945 , 0.544178
-114.830574 , 0.529767
-114.838204 , 0.52928
-114.845834 , 0.528794
-114.853463 , 0.526978
-114.861093 , 0.527821
-114.868723 , 0.525838
-114.876352 , 0.526515
-114.883982 , 0.524533
-114.891612 , 0.52521
-114.899241 , 0.536358
-114.906871 , 0.550165
-114.914501 , 0.562643
-114.92213 , 0.57512
-114.92976 , 0.587598
-114.93739 , 0.600076
-114.945019 , 0.61405
-114.952649 , 0.625364
-114.960279 , 0.6337
-114.967908 , 0.642037
-114.975538 , 0.650373
-114.983168 , 0.65871
-114.990797 , 0.665716
-114.998427 , 0.675382
-115.006057 , 0.682223
-115.013686 , 0.691722
-115.021316 , 0.717012
-115.028946 , 0.744961
-115.036575 , 0.77158
-115.044205 , 0.7982
-115.051835 , 0.824819
-115.059464 , 0.851438
-115.067094 , 0.879553
-115.074724 , 0.905009
-115.082353 , 0.917018
-115.089983 , 0.929026
-115.097613 , 0.940702
-115.105242 , 0.952379
-115.112872 , 0.965218
-115.120502 , 0.975399
-115.128131 , 0.989734
-115.135761 , 0.998751
-115.143391 , 0.983556
-115.15102 , 0.963044
-115.15865 , 0.947849
-115.16628 , 0.927337
-115.173909 , 0.890868
-115.181539 , 0.84908
-115.189169 , 0.812612
-115.196798 , 0.770824
-115.204428 , 0.70797
-115.212058 , 0.639796
-115.219687 , 0.575613
-115.227317 , 0.508769
-115.234947 , 0.444419
-115.242576 , 0.377409
-115.250206 , 0.312892
-115.257836 , 0.245717
-115.265465 , 0.156823
-115.273095 , 0.062611
-115.280725 , -0.02595
-115.288355 , -0.11983
-115.295984 , -0.209555
-115.303614 , -0.301939
-115.311244 , -0.393159
-115.318873 , -0.48438
-115.326503 , -0.577474
-115.334133 , -0.670568
-115.341762 , -0.766099
-115.349392 , -0.856313
-115.357022 , -0.941096
-115.364651 , -1.017015
-115.372281 , -1.08407
-115.379911 , -1.14226
-115.38754 , -1.19491
-115.39517 , -1.235149
-115.4028 , -1.263422
-115.410429 , -1.279284
-115.418059 , -1.278305
-115.425689 , -1.26846
-115.433318 , -1.249752
-115.440948 , -1.222178
-115.448578 , -1.181682
-115.456207 , -1.135868
-115.463837 , -1.084679
-115.471467 , -1.028172
-115.479096 , -0.98136
-115.486726 , -0.931889
-115.494356 , -0.883914
-115.501985 , -0.835938
-115.509615 , -0.780484
-115.517245 , -0.730348
-115.524874 , -0.68542
-115.532504 , -0.64581
-115.540134 , -0.619276
-115.547763 , -0.601605
-115.555393 , -0.592357
-115.563023 , -0.591972
-115.570652 , -0.593564
-115.578282 , -0.600473
-115.585912 , -0.614087
-115.593541 , -0.63036
-115.601171 , -0.640594
-115.608801 , -0.650827
-115.61643 , -0.661227
-115.62406 , -0.671628
-115.63169 , -0.69333
-115.639319 , -0.715032
-115.646949 , -0.736734
-115.654579 , -0.758437
-115.662208 , -0.780139
-115.669838 , -0.801841
-115.677468 , -0.823544
-115.685097 , -0.845246
-115.692727 , -0.874663
-115.700357 , -0.90408
-115.707986 , -0.93466
-115.715616 , -0.962582
-115.723246 , -0.973383
-115.730875 , -0.978867
-115.738505 , -0.989835
-115.746135 , -0.995484
-115.753764 , -0.978529
-115.761394 , -0.956255
-115.769024 , -0.939467
-115.776653 , -0.917359
-115.784283 , -0.899241
-115.791913 , -0.878463
-115.799542 , -0.860178
-115.807172 , -0.839235
-115.814802 , -0.793856
-115.822431 , -0.745819
-115.830061 , -0.70044
-115.837691 , -0.652403
-115.84532 , -0.607025
-115.85295 , -0.558987
-115.86058 , -0.513775
-115.868209 , -0.465903
-115.875839 , -0.404902
-115.883469 , -0.3439
-115.891098 , -0.281568
-115.898728 , -0.221896
-115.906358 , -0.179343
-115.913987 , -0.142109
-115.921617 , -0.09939
-115.929247 , -0.06199
-115.936876 , -0.040559
-115.944506 , -0.024447
-115.952136 , -0.00418
-115.959765 , 0.013427
-115.967395 , 0.032198
-115.975025 , 0.05097
-115.982654 , 0.069574
-115.990284 , 0.088179
-115.997914 , 0.101022
-116.005543 , 0.113865
-116.013173 , 0.126709
-116.020803 , 0.139551
-116.028432 , 0.152394
-116.036062 , 0.165237
-116.043692 , 0.178081
-116.051321 , 0.190924
-116.058951 , 0.19431
-116.066581 , 0.197697
-116.07421 , 0.201665
-116.08184 , 0.204303
-116.08947 , 0.214892
-116.097099 , 0.222822
-116.104729 , 0.223743
-116.112359 , 0.220232
-116.119988 , 0.202981
-116.127618 , 0.181297
-116.135248 , 0.163326
-116.142877 , 0.142695
-116.150507 , 0.12345
-116.158137 , 0.104205
-116.165766 , 0.083574
-116.173396 , 0.065603
-116.181026 , 0.04867
-116.188655 , 0.03617
-116.196285 , 0.029764
-116.203915 , 0.02779
-116.211544 , 0.030581
-116.219174 , 0.037804
-116.226804 , 0.052119
-116.234433 , 0.069093
-116.242063 , 0.086455
-116.249693 , 0.106476
-116.257322 , 0.125167
-116.264952 , 0.143859
-116.272582 , 0.163382
-116.280211 , 0.182904
-116.287841 , 0.202343
-116.295471 , 0.221783
-116.3031 , 0.228019
-116.31073 , 0.232926
-116.31836 , 0.239799
-116.325989 , 0.244013
-116.333619 , 0.256621
-116.341249 , 0.264796
-116.348878 , 0.267653
-116.356508 , 0.264305
-116.364138 , 0.245111
-116.371767 , 0.217939
-116.379397 , 0.181349
-116.387027 , 0.136781
-116.394656 , 0.086729
-116.402286 , 0.032243
-116.409916 , -0.020081
-116.417545 , -0.072405
-116.425175 , -0.128262
-116.432805 , -0.181459
-116.440434 , -0.238479
-116.448064 , -0.291066
-116.455694 , -0.326036
-116.463323 , -0.358346
-116.470953 , -0.393288
-116.478583 , -0.42557
-116.486212 , -0.452755
-116.493842 , -0.478611
-116.501472 , -0.50563
-116.509101 , -0.53132
-116.516731 , -0.559004
-116.524361 , -0.584029
-116.53199 , -0.611796
-116.53962 , -0.636904
-116.54725 , -0.641014
-116.55488 , -0.642465
-116.562509 , -0.646575
-116.570139 , -0.648026
-116.577769 , -0.652219
-116.585398 , -0.653753
-116.593028 , -0.657365
-116.600658 , -0.659647
-116.608287 , -0.660017
-116.615917 , -0.660388
-116.623547 , -0.659262
-116.631176 , -0.660796
-116.638806 , -0.659421
-116.646436 , -0.659377
-116.654065 , -0.658584
-116.661695 , -0.657791
-116.669325 , -0.660003
-116.676954 , -0.659557
-116.684584 , -0.65296
-116.692214 , -0.640159
-116.699843 , -0.628687
-116.707473 , -0.609237
-116.715103 , -0.580258
-116.722732 , -0.543301
-116.730362 , -0.493934
-116.737992 , -0.438361
-116.745621 , -0.376639
-116.753251 , -0.312258
-116.760881 , -0.254691
-116.76851 , -0.197124
-116.77614 , -0.138172
-116.78377 , -0.08188
-116.791399 , -0.032523
-116.799029 , 0.012402
-116.806659 , 0.050346
-116.814288 , 0.085631
-116.821918 , 0.129447
-116.829548 , 0.170605
-116.837177 , 0.214421
-116.844807 , 0.255579
-116.852437 , 0.276569
-116.860066 , 0.2949
-116.867696 , 0.315891
-116.875326 , 0.334223
-116.882955 , 0.355214
-116.890585 , 0.373545
-116.898215 , 0.394536
-116.905844 , 0.412867
-116.913474 , 0.409245
-116.921104 , 0.402964
-116.928733 , 0.399231
-116.936363 , 0.392839
-116.943993 , 0.395311
-116.951622 , 0.393351
-116.959252 , 0.385186
-116.966882 , 0.372589
-116.974511 , 0.347138
-116.982141 , 0.315483
-116.989771 , 0.279616
-116.9974 , 0.237545
-117.00503 , 0.184947
-117.01266 , 0.127917
-117.020289 , 0.074488
-117.027919 , 0.0184
-117.035549 , -0.041524
-117.043178 , -0.101447
-117.050808 , -0.1627
-117.058438 , -0.221293
-117.066067 , -0.267421
-117.073697 , -0.308231
-117.081327 , -0.34566
-117.088956 , -0.374226
-117.096586 , -0.391489
-117.104216 , -0.399888
-117.111845 , -0.399643
-117.119475 , -0.390535
-117.127105 , -0.377548
-117.134734 , -0.359243
-117.142364 , -0.343541
-117.149994 , -0.32784
-117.157623 , -0.299908
-117.165253 , -0.274636
-117.172883 , -0.255846
-117.180512 , -0.242374
-117.188142 , -0.237712
-117.195772 , -0.238368
-117.203401 , -0.236198
-117.211031 , -0.234029
-117.218661 , -0.237566
-117.22629 , -0.238444
-117.23392 , -0.232618
-117.24155 , -0.221474
-117.249179 , -0.19742
-117.256809 , -0.164502
-117.264439 , -0.123163
-117.272068 , -0.072959
-117.279698 , -0.011806
-117.287328 , 0.054667
-117.294957 , 0.127844
-117.302587 , 0.20368
-117.310217 , 0.272037
-117.317846 , 0.340393
-117.325476 , 0.411575
-117.333106 , 0.477439
-117.340735 , 0.538759
-117.348365 , 0.594761
-117.355995 , 0.640125
-117.363624 , 0.676625
-117.371254 , 0.70692
-117.378884 , 0.728351
-117.386513 , 0.73931
-117.394143 , 0.744951
-117.401773 , 0.744123
-117.409402 , 0.740636
-117.417032 , 0.738313
-117.424662 , 0.73599
-117.432291 , 0.732392
-117.439921 , 0.728794
-117.447551 , 0.725196
-117.45518 , 0.721599
-117.46281 , 0.720217
-117.47044 , 0.718835
-117.478069 , 0.717453
-117.485699 , 0.716072
-117.493329 , 0.714691
-117.500958 , 0.713309
-117.508588 , 0.711927
-117.516218 , 0.710546
-117.523847 , 0.699178
-117.531477 , 0.68781
-117.539107 , 0.676442
-117.546736 , 0.665074
-117.554366 , 0.653706
-117.561996 , 0.642338
-117.569625 , 0.63097
-117.577255 , 0.619602
-117.584885 , 0.594937
-117.592514 , 0.570273
-117.600144 , 0.545609
-117.607774 , 0.520944
-117.615403 , 0.495448
-117.623033 , 0.469953
-117.630663 , 0.44562
-117.638292 , 0.418629
-117.645922 , 0.376665
-117.653552 , 0.329382
-117.661181 , 0.275783
-117.668811 , 0.219525
-117.676441 , 0.171079
-117.68407 , 0.122633
-117.6917 , 0.074353
-117.69933 , 0.026073
-117.706959 , -0.02265
-117.714589 , -0.066055
-117.722219 , -0.106246
-117.729848 , -0.137573
-117.737478 , -0.158484
-117.745108 , -0.170531
-117.752737 , -0.173934
-117.760367 , -0.168474
-117.767997 , -0.151498
-117.775626 , -0.129204
-117.783256 , -0.110843
-117.790886 , -0.089821
-117.798516 , -0.068856
-117.806145 , -0.047892
-117.813775 , -0.026761
-117.821405 , -0.005628
-117.829034 , 0.022151
-117.836664 , 0.049931
-117.844294 , 0.07771
-117.851923 , 0.105491
-117.859553 , 0.13327
-117.867183 , 0.161049
-117.874812 , 0.188828
-117.882442 , 0.216609
-117.890072 , 0.245843
-117.897701 , 0.275077
-117.905331 , 0.30431
-117.912961 , 0.333546
-117.92059 , 0.361948
-117.92822 , 0.390351
-117.93585 , 0.419917
-117.943479 , 0.446826
-117.951109 , 0.458164
-117.958739 , 0.464184
-117.966368 , 0.465217
-117.973998 , 0.460934
-117.981628 , 0.466621
-117.989257 , 0.469649
-117.996887 , 0.475337
-118.004517 , 0.478367
-118.012146 , 0.47039
-118.019776 , 0.462414
-118.027406 , 0.454438
-118.035035 , 0.446464
-118.042665 , 0.437268
-118.050295 , 0.430733
-118.057924 , 0.420485
-118.065554 , 0.414671
-118.073184 , 0.428135
-118.080813 , 0.446033
-118.088443 , 0.460217
-118.096073 , 0.477063
-118.103702 , 0.492688
-118.111332 , 0.508314
-118.118962 , 0.524105
-118.126591 , 0.539898
-118.134221 , 0.550503
-118.141851 , 0.561107
-118.14948 , 0.573207
-118.15711 , 0.58265
-118.16474 , 0.593587
-118.172369 , 0.604524
-118.179999 , 0.615294
-118.187629 , 0.626067
-118.195258 , 0.621602
-118.202888 , 0.617136
-118.210518 , 0.614001
-118.218147 , 0.608208
-118.225777 , 0.605128
-118.233407 , 0.599389
-118.241036 , 0.597195
-118.248666 , 0.590571
-118.256296 , 0.561234
-118.263925 , 0.527466
-118.271555 , 0.497408
-118.279185 , 0.464693
-118.286814 , 0.433195
-118.294444 , 0.401698
-118.302074 , 0.3702
-118.309703 , 0.338704
-118.317333 , 0.31618
-118.324963 , 0.296319
-118.332592 , 0.272632
-118.340222 , 0.25338
-118.347852 , 0.230303
-118.355481 , 0.209887
-118.363111 , 0.188084
-118.370741 , 0.166283
-118.37837 , 0.146634
-118.386 , 0.124328
-118.39363 , 0.106618
-118.401259 , 0.082705
-118.408889 , 0.043942
-118.416519 , -0.001024
-118.424148 , -0.039566
-118.431778 , -0.08431
-118.439408 , -0.146232
-118.447037 , -0.21081
-118.454667 , -0.275391
-118.462297 , -0.33731
-118.469926 , -0.387486
-118.477556 , -0.431455
-118.485186 , -0.472102
-118.492815 , -0.504768
-118.500445 , -0.534113
-118.508075 , -0.555479
-118.515704 , -0.566319
-118.523334 , -0.570954
-118.530964 , -0.56894
-118.538593 , -0.562495
-118.546223 , -0.55965
-118.553853 , -0.554146
-118.561482 , -0.5359
-118.569112 , -0.517653
-118.576742 , -0.49924
-118.584371 , -0.480827
-118.592001 , -0.462415
-118.599631 , -0.444002
-118.60726 , -0.425423
-118.61489 , -0.406844
-118.62252 , -0.382552
-118.630149 , -0.3556
-118.637779 , -0.33236
-118.645409 , -0.304688
-118.653038 , -0.260285
-118.660668 , -0.211449
-118.668298 , -0.167156
-118.675927 , -0.118432
-118.683557 , -0.059235
-118.691187 , 0.00262
-118.698816 , 0.063257
-118.706446 , 0.123893
-118.714076 , 0.18453
-118.721705 , 0.245166
-118.729335 , 0.307133
-118.736965 , 0.366439
-118.744594 , 0.419209
-118.752224 , 0.469319
-118.759854 , 0.522974
-118.767483 , 0.572198
-118.775113 , 0.60469
-118.782743 , 0.63275
-118.790372 , 0.665242
-118.798002 , 0.693302
-118.805632 , 0.699644
-118.813261 , 0.701553
-118.820891 , 0.708006
-118.828521 , 0.710026
-118.83615 , 0.715759
-118.84378 , 0.718832
-118.85141 , 0.723124
-118.859039 , 0.727416
-118.866669 , 0.730897
-118.874299 , 0.734379
-118.881928 , 0.736531
-118.889558 , 0.741343
-118.897188 , 0.743329
-118.904817 , 0.747974
-118.912447 , 0.749794
-118.920077 , 0.754272
-118.927706 , 0.769389
-118.935336 , 0.784505
-118.942966 , 0.799621
-118.950595 , 0.814737
-118.958225 , 0.831183
-118.965855 , 0.84497
-118.973484 , 0.861416
-118.981114 , 0.875203
-118.988744 , 0.878252
-118.996373 , 0.875983
-119.004003 , 0.879364
-119.011633 , 0.877429
-119.019262 , 0.858206
-119.026892 , 0.836326
-119.034522 , 0.817102
-119.042152 , 0.795222
-119.049781 , 0.775112
-119.057411 , 0.755004
-119.065041 , 0.734729
-119.07267 , 0.714455
-119.0803 , 0.69418
-119.08793 , 0.673905
-119.095559 , 0.65363
-119.103189 , 0.633356
-119.110819 , 0.608793
-119.118448 , 0.584233
-119.126078 , 0.55967
-119.133708 , 0.53511
-119.141337 , 0.510547
-119.148967 , 0.485986
-119.156597 , 0.461424
-119.164226 , 0.436863
-119.171856 , 0.413796
-119.179486 , 0.390732
-119.187115 , 0.366502
-119.194745 , 0.344933
-119.202375 , 0.319207
-119.210004 , 0.298801
-119.217634 , 0.272909
-119.225264 , 0.252337
-119.232893 , 0.247872
-119.240523 , 0.248728
-119.248153 , 0.244263
-119.255782 , 0.245118
-119.263412 , 0.261927
-119.271042 , 0.284057
-119.278671 , 0.300867
-119.286301 , 0.322997
-119.293931 , 0.365513
-119.30156 , 0.41335
-119.30919 , 0.455534
-119.31682 , 0.503038
-119.324449 , 0.54705
-119.332079 , 0.591064
-119.339709 , 0.636573
-119.347338 , 0.679423
-119.354968 , 0.724606
-119.362598 , 0.764472
-119.370227 , 0.800956
-119.377857 , 0.828578
-119.385487 , 0.845117
-119.393116 , 0.852794
-119.400746 , 0.851826
-119.408376 , 0.841996
-119.416005 , 0.82413
-119.423635 , 0.800947
-119.431265 , 0.77106
-119.438894 , 0.738513
-119.446524 , 0.712005
-119.454154 , 0.685498
-119.461783 , 0.658824
-119.469413 , 0.632151
-119.477043 , 0.602628
-119.484672 , 0.573105
-119.492302 , 0.543582
-119.499932 , 0.51406
-119.507561 , 0.484537
-119.515191 , 0.455015
-119.522821 , 0.425492
-119.53045 , 0.395969
-119.53808 , 0.372375
-119.54571 , 0.34878
-119.553339 , 0.324022
-119.560969 , 0.301923
-119.568599 , 0.275669
-119.576228 , 0.254734
-119.583858 , 0.228313
-119.591488 , 0.207212
-119.599117 , 0.208791
-119.606747 , 0.215689
-119.614377 , 0.217102
-119.622006 , 0.223833
-119.629636 , 0.247684
-119.637266 , 0.274194
-119.644895 , 0.299541
-119.652525 , 0.324887
-119.660155 , 0.339984
-119.667784 , 0.355082
-119.675414 , 0.370013
-119.683044 , 0.384944
-119.690673 , 0.405914
-119.698303 , 0.424224
-119.705933 , 0.436053
-119.713562 , 0.442563
-119.721192 , 0.441133
-119.728822 , 0.434386
-119.736451 , 0.416999
-119.744081 , 0.390751
-119.751711 , 0.356744
-119.75934 , 0.313874
-119.76697 , 0.26236
-119.7746 , 0.201983
-119.782229 , 0.132962
-119.789859 , 0.058624
-119.797489 , -0.020924
-119.805118 , -0.105789
-119.812748 , -0.183121
-119.820378 , -0.260451
-119.828007 , -0.338115
-119.835637 , -0.415778
-119.843267 , -0.486787
-119.850896 , -0.557794
-119.858526 , -0.628803
-119.866156 , -0.69981
-119.873785 , -0.770154
-119.881415 , -0.840497
-119.889045 , -0.910675
-119.896674 , -0.980851
-119.904304 , -1.036236
-119.911934 , -1.088961
-119.919563 , -1.134983
-119.927193 , -1.175685
-119.934823 , -1.219879
-119.942452 , -1.255207
-119.950082 , -1.276409
-119.957712 , -1.285199
-119.965341 , -1.276696
-119.972971 , -1.253122
-119.980601 , -1.20955
-119.98823 , -1.150906
-119.99586 , -1.086613
-120.00349 , -1.010794
-120.011119 , -0.922733
-120.018749 , -0.828466
-120.026379 , -0.727164
-120.034008 , -0.62586
-120.041638 , -0.521289
-120.049268 , -0.422921
-120.056897 , -0.339791
-120.064527 , -0.26641
-120.072157 , -0.203336
-120.079786 , -0.151784
-120.087416 , -0.099811
-120.095046 , -0.057587
-120.102675 , -0.028385
-120.110305 , -0.005385
-120.117935 , 0.009855
-120.125564 , 0.025098
-120.133194 , 0.040117
-120.140824 , 0.055139
-120.148453 , 0.075753
-120.156083 , 0.09903
-120.163713 , 0.120642
-120.171342 , 0.142256
-120.178972 , 0.165253
-120.186602 , 0.185593
-120.194231 , 0.209643
-120.201861 , 0.229262
-120.209491 , 0.235995
-120.21712 , 0.238298
-120.22475 , 0.245031
-120.23238 , 0.247334
-120.240009 , 0.232903
-120.247639 , 0.214042
-120.255269 , 0.198725
-120.262898 , 0.18075
-120.270528 , 0.145821
-120.278158 , 0.108233
-120.285787 , 0.073304
-120.293417 , 0.035717
-120.301047 , 0.000953
-120.308677 , -0.036468
-120.316306 , -0.072395
-120.323936 , -0.10832
-120.331566 , -0.147301
-120.339195 , -0.183621
-120.346825 , -0.223433
-120.354455 , -0.258811
-120.362084 , -0.289759
-120.369714 , -0.312727
-120.377344 , -0.323508
-120.384973 , -0.324536
-120.392603 , -0.317367
-120.400233 , -0.300445
-120.407862 , -0.271225
-120.415492 , -0.234025
-120.423122 , -0.179099
-120.430751 , -0.117966
-120.438381 , -0.062319
-120.446011 , -0.002238
-120.45364 , 0.06299
-120.46127 , 0.128218
-120.4689 , 0.19472
-120.476529 , 0.258564
-120.484159 , 0.317032
-120.491789 , 0.367523
-120.499418 , 0.406823
-120.507048 , 0.434598
-120.514678 , 0.451626
-120.522307 , 0.45713
-120.529937 , 0.452219
-120.537567 , 0.437556
-120.545196 , 0.406161
-120.552826 , 0.368562
-120.560456 , 0.33534
-120.568085 , 0.299458
-120.575715 , 0.268693
-120.583345 , 0.237929
-120.590974 , 0.205669
-120.598604 , 0.176069
-120.606234 , 0.143642
-120.613863 , 0.113876
-120.621493 , 0.08145
-120.629123 , 0.051682
-120.636752 , 0.039035
-120.644382 , 0.029047
-120.652012 , 0.017729
-120.659641 , 0.006412
-120.667271 , -0.00474
-120.674901 , -0.015892
-120.68253 , -0.027043
-120.69016 , -0.038194
-120.69779 , -0.052621
-120.705419 , -0.067047
-120.713049 , -0.081474
-120.720679 , -0.0959
-120.728308 , -0.110327
-120.735938 , -0.124753
-120.743568 , -0.139013
-120.751197 , -0.153273
-120.758827 , -0.163877
-120.766457 , -0.171821
-120.774086 , -0.183589
-120.781716 , -0.190922
-120.789346 , -0.18064
-120.796975 , -0.167696
-120.804605 , -0.15747
-120.812235 , -0.144581
-120.819864 , -0.137159
-120.827494 , -0.129735
-120.835124 , -0.122313
-120.842753 , -0.114889
-120.850383 , -0.106137
-120.858013 , -0.100043
-120.865642 , -0.091125
-120.873272 , -0.084864
-120.880902 , -0.096777
-120.888531 , -0.111349
-120.896161 , -0.123262
-120.903791 , -0.137833
-120.91142 , -0.149746
-120.91905 , -0.164317
-120.92668 , -0.176064
-120.934309 , -0.190469
-120.941939 , -0.213355
-120.949569 , -0.23624
-120.957198 , -0.259127
-120.964828 , -0.282012
-120.972458 , -0.306061
-120.980087 , -0.32745
-120.987717 , -0.352996
-120.995347 , -0.373221